:020000040000fa
:020000041d01dc
:108000000260400f0000000000601a40c0045a7f68
:108010000500401300000000029d1a3c48945a27b6
:10802000080040030000000002a01d3cf8ffbd272f
:1080300001a01c3c00809c270260094020582001c0
:10804000801e2a7d8449497d02608940c00000006d
:1080500000e0dc4102608b40c0000000049d083c51
:108060009c06082509f8000100000000049d083c5a
:10807000289a082509f80001000000000000093cca
:108080000000292510002011000000000200093c1a
:10809000f0ff292588bf0a3c10204a25000049ad81
:1080a0000200093cf0ff292588bf0a3c20204a2510
:1080b000000049ad0200093cf0ff292588bf0a3cb9
:1080c00030204a25000049ad00488040ffff0a24c7
:1080d00000588a404000083c00600a4025500a01d0
:1080e00000608a40029d093c00902925c0000000e4
:1080f000017889400000093c0100292500000a247c
:1081000044492a7d01608a408000093c006889401a
:10811000008008408005097d404c0900006008404f
:108120005800013c2440010125402801006088409e
:10813000c0000000049d083ca406082509f80001c1
:108140000000000000600840bfff013cffff213439
:108150002440010100608840000084300000a53008
:10816000049d083c68ca08250800000100000000c2
:020000040000fa
:020000041d01dc
:10918000039d1a3c48435a27080040030000000092
:020000040000fa
:020000041d01dc
:10920000039d1a3c70a85a27080040030000000084
:020000040000fa
:020000041d01dc
:08922000b187400b00000000c3
:020000040000fa
:020000041d01dc
:08924000cdf6400b0000000018
:020000040000fa
:020000041d01dc
:08926000cdf6400b00000000f8
:020000040000fa
:020000041d01dc
:089280001487400b0000000000
:020000040000fa
:020000041d01dc
:0892a000cdf6400b00000000b8
:020000040000fa
:020000041d01dc
:0892c000cdf6400b0000000098
:020000040000fa
:020000041d01dc
:0892e000cdf6400b0000000078
:020000040000fa
:020000041d01dc
:08930000cdf6400b0000000057
:020000040000fa
:020000041d01dc
:08932000cdf6400b0000000037
:020000040000fa
:020000041d01dc
:08934000cdf6400b0000000017
:020000040000fa
:020000041d01dc
:08936000cdf6400b00000000f7
:020000040000fa
:020000041d01dc
:08938000cdf6400b00000000d7
:020000040000fa
:020000041d01dc
:0893a000cdf6400b00000000b7
:020000040000fa
:020000041d01dc
:0893c000cdf6400b0000000097
:020000040000fa
:020000041d01dc
:0893e000cdf6400b0000000077
:020000040000fa
:020000041d01dc
:08940000cdf6400b0000000056
:020000040000fa
:020000041d01dc
:08942000cdf6400b0000000036
:020000040000fa
:020000041d01dc
:08944000cdf6400b0000000016
:020000040000fa
:020000041d01dc
:08946000cdf6400b00000000f6
:020000040000fa
:020000041d01dc
:08948000cdf6400b00000000d6
:020000040000fa
:020000041d01dc
:0894a000cdf6400b00000000b6
:020000040000fa
:020000041d01dc
:0894c000cdf6400b0000000096
:020000040000fa
:020000041d01dc
:0894e000cdf6400b0000000076
:020000040000fa
:020000041d01dc
:10950000039d1a3c24aa5a270800400300000000cb
:020000040000fa
:020000041d01dc
:08952000cdf6400b0000000035
:020000040000fa
:020000041d01dc
:08954000cdf6400b0000000015
:020000040000fa
:020000041d01dc
:08956000cdf6400b00000000f5
:020000040000fa
:020000041d01dc
:08958000cdf6400b00000000d5
:020000040000fa
:020000041d01dc
:0895a000cdf6400b00000000b5
:020000040000fa
:020000041d01dc
:0895c000cdf6400b0000000095
:020000040000fa
:020000041d01dc
:0895e000cdf6400b0000000075
:020000040000fa
:020000041d01dc
:10960000039d1a3cd8ab5a27080040030000000015
:020000040000fa
:020000041d01dc
:08962000cdf6400b0000000034
:020000040000fa
:020000041d01dc
:08964000cdf6400b0000000014
:020000040000fa
:020000041d01dc
:08966000cdf6400b00000000f4
:020000040000fa
:020000041d01dc
:08968000cdf6400b00000000d4
:020000040000fa
:020000041d01dc
:0896a000cdf6400b00000000b4
:020000040000fa
:020000041d01dc
:0896c000cdf6400b0000000094
:020000040000fa
:020000041d01dc
:0896e000cdf6400b0000000074
:020000040000fa
:020000041d01dc
:08970000cdf6400b0000000053
:020000040000fa
:020000041d01dc
:08972000cdf6400b0000000033
:020000040000fa
:020000041d01dc
:08974000cdf6400b0000000013
:020000040000fa
:020000041d01dc
:08976000cdf6400b00000000f3
:020000040000fa
:020000041d01dc
:08978000cdf6400b00000000d3
:020000040000fa
:020000041d01dc
:0897a000cdf6400b00000000b3
:020000040000fa
:020000041d01dc
:0897c000cdf6400b0000000093
:020000040000fa
:020000041d01dc
:0897e000cdf6400b0000000073
:020000040000fa
:020000041d01dc
:10980000039d1a3c8cad5a2708004003000000005d
:020000040000fa
:020000041d01dc
:08982000cdf6400b0000000032
:020000040000fa
:020000041d01dc
:08984000cdf6400b0000000012
:020000040000fa
:020000041d01dc
:08986000cdf6400b00000000f2
:020000040000fa
:020000041d01dc
:1098680098ffbd276400bfaf6000beaf5c00b7af14
:109878005800b6af5400b5af5000b4af4c00b3af0a
:109888004800b2af4400b1af4000b0af0f000524ac
:10989800aee5400f0a0004243400a2af01004230b4
:1098a800060040103400a28fd5ec400f0a000424b3
:1098b8005000401425a040003400a28f020042301e
:1098c800410040106400bf8f7c80828f3e004010b2
:1098d8002590000025100000029d143c6210133ce6
:1098e800d34d7326801002008c80838f2110620074
:1098f8000000508c2e000052010052267000039286
:109908000b0002242a006250010052268400028eb5
:10991800c00043300a04601025880000c001567c4e
:109928001000112404004230080040508400028ec8
:1099380073f6400f000000002800038e2a10430031
:10994800100003240a8862008400028e0800423056
:10995800070040507000039273f6400f00000000ab
:109968002c00038e2a1043000a0540107000039251
:1099780005000224f40362140000000073f6400f8f
:10998800000000003000038e2a104300ee0340144c
:109998000100062414000524466e400f252000020d
:1099a80025280000c4b1400f2520000201005226de
:1099b8002096127c7c80838f2b184302c9ff601489
:1099c800251040026400bf8f6000be8f5c00b78f17
:1099d8005800b68f5400b58f5000b48f4c00b38f29
:1099e8004800b28f4400b18f4000b08f0800e003f8
:1099f8006800bd272c0092961400422ec70440141c
:109a0800f2ff05241c00958e0c00a28e0019427ce2
:109a18000500432cc1046014801002002a10420281
:109a2800be0440140200023c20009e8e24f0c203b3
:109a3800ba04c017f1ff05244f01410f2520800209
:109a4800259840004c01410f2520800225b0400098
:109a58002000828e000242301b00401400000000eb
:109a68000000628e1800a2af0000c28e1c00a2afd8
:109a78002000a0a3060002242100a2a3c69c400f38
:109a8800252040022200a2a7253000000c00052452
:109a9800ce9c400f1800a427273002002000828e99
:109aa8000400423062004010ffffc6302538c00075
:109ab800253040022528a002b2c0400f2520800290
:109ac80096044014f6ff0524d8e8400f2520a0028c
:109ad8001c00978e0200e6969004c010f1ff052442
:109ae8007c80878f8d04e0100b000b240c00a28e65
:109af8000019427c2c00a2af2800848e0000e59655
:109b08000200629600006396211043002110a20013
:109b18002610c200ffff42302800a2af8c808c8f35
:109b28002518c003251000002580000000400a3ccd
:109b38000100092480180300211883010000718c9a
:109b480023002052010042247000239220006b5011
:109b5800010042247100289202000d2d1c00a05122
:109b68000100422444002d8e0300a01100000000d3
:109b780017008d5401004224320060146e002396b1
:109b880013006654010042241100005601004224cb
:109b98008400238e0500630424186a005c002d9657
:109ba8000b00a5550100422424186a0007006050e4
:109bb8002580200206000955010042243c00238e1e
:109bc8000000688e261868000a80230201004224db
:109bd8002016027c2b404700d6ff001525184000b0
:109be8004e040012f1ff05240000628e3c0002ae14
:109bf80001000224710002a2440004ae2530c00214
:109c08000100052477f5400f252000022800a28fc7
:109c18006e0002a60000e2965c0002a60200e29630
:109c28005e0002a60000028e19000010100002aead
:109c380025284002ce9c400f2520a002a0ff00103e
:109c4800000000002800a88fe1ff681401004224ea
:109c58000000e88e5c00238eddff03150000000085
:109c68003c00288e0000638edaff03152016027c64
:109c780001000224710022a2440024ae2530c00253
:109c88000100052477f5400f2520200225802002b9
:109c98002c00a28f809802001000838e0c00629422
:109ca800231053000c0062a40d00b1920800b78e77
:109cb8000400a28e2c00a2af8400028e0040433024
:109cc8000f006010020042300d004014730000a223
:109cd80073f6400f000000006c0003966c80848fc0
:109ce800021864706210043cd34d84241900640087
:109cf800101800008219030021186200240003ae26
:109d08008400028e84b5027c840002ae7000039247
:109d18002e006014040022320b0040101000223282
:109d280025280000c4b1400f252000022bf6400f63
:109d38002520000025284000acf7400f2520000012
:109d4800f6030010020005240a0040102530000028
:109d5800500017ae04000524466e400f252000026f
:109d680025280000c4b1400f25200002efff001095
:109d780000000000020031320f0020122c00a28fd8
:109d880001004224540002ae92c8400f2520a002d0
:109d9800660002a6fff2400f2520000201000624fb
:109da80012000524466e400f2520000202000224fe
:109db800deff0010700002a225280000c4b1400f89
:109dc80025200002d9ff0010000000000100022435
:109dd8000e00621404002232d4ff40141000223214
:109de800d3034050020031325000128e9303f21216
:109df80001000624500017ae04000524466e400feb
:109e080025200002c9ff0010500012ae140042269f
:109e180023105300ffff4230ecff5224ffff523261
:109e2800010024323800a4af040080102800b2af2b
:109e3800edff4224ffff42302800a2af0200223289
:109e4800040040102800a28f01004224ffff423086
:109e58002800a2af1c00028e2000168e2b20560070
:109e68001500805423b0c2021800048e1400058e19
:109e7800232085002310560023108200ffff563050
:109e88005400138e2c00a28f239853002800a28f11
:109e980027004010000000002a00c05204003132a0
:109ea800080060062b107602120040142800a28fca
:109eb8000a0000102a207602ffffd626f0ff0010c5
:109ec800ffffd6322800a48f2510800021206402cd
:109ed80006008058251000002a207602050080140c
:109ee8002310c2022a1053000100423815004050c6
:109ef80004003132060022321900401010002232cc
:109f08000400313205002012010003248400028e6f
:109f1800444a627c840002ae00081e242528000002
:109f2800c4b1400f252000026b03001000000000a0
:109f3800f0ff60122b107602efff40140600223269
:109f48000400313279ff2016010006241000052490
:109f5800466e400f2520000274ff0010000000002c
:109f680072ff401009000224b50162100a00622c39
:109f7800050040100700622c8700401408000224e6
:109f8800950062501000038e2000313252032016d3
:109f98000000000070000392f8ff6224ff004230c6
:109fa8000200422c4c034014060002244a036210ab
:109fb80000000000470040122800a28fc301601e65
:109fc800211053020c00a28e0019427c801002005e
:109fd800231053002110a202219053022588400229
:109fe800ffff52322b90d202020040122400a2af8f
:109ff8002588c002ffff31321c00128e1800038e24
:10a00800211051022b106200960140100100022419
:10a01800010075242310b202ffff563001001324fb
:10a028001000b3af2538c0022400a6272528400217
:10a03800f9bb400f252080023000a2af233836023a
:10a048001400058e1000b3afffffe7302400a627e9
:10a05800f9bb400f252080023000a38f2110620039
:10a06800ffff423023a8550221a8b1021400038e35
:10a0780021187500170022162800a28f5400048e9c
:10a0880021202402540004ae1c0003ae700002928a
:10a09800fdff4224ff0042300300422c01004054df
:10a0a8000002de375800028effff05240800451025
:10a0b80023105100580002ae640005962128a20022
:10a0c8007101a10400000000ffff0224580002ae45
:10a0d8002800a28f110040103800a28f7000029251
:10a0e800fdff4224ff0042300300422c040040548c
:10a0f8008400028e1c00028e200002ae8400028eb4
:10a1080010004230cf014010010006241000052441
:10a11800466e400f252000023800a28fee02401044
:10a128002800a38f5400028e010042242c00a48f23
:10a1380021186400e802431401000324540002ae0d
:10a148008400028e8452627c840002ae7000029207
:10a1580005000324f10143100004de370600432cf8
:10a168000700601004000324de01431002000324ea
:10a17800cd01431003000324d30143100800022437
:10a188000100062410000524466e400f2520000219
:10a19800d102001000000000020002240e006254e8
:10a1a8001000038e50001e8e0700fe1201000624c8
:10a1b800500017ae04000524466e400f252000020b
:10a1c800dafe001050001eae03000224700002a246
:10a1d80000011e241000038e0800028e2310430085
:10a1e800060043045000048e0000048e231044002f
:10a1f8000400048e211082005000048e2328e402fb
:10a208002310a200130040188400063c8400058e29
:10a218002428a6000400063c0400a61425300000eb
:10a2280001000524060045100100842410000524bf
:10a23800466e400f25200002a70200100000000013
:10a24800500004ae8400028e01000424c4bd827c48
:10a25800840002ae0c00058e5000048e2b106500a1
:10a26800160040102120a4000400028e2110430093
:10a27800211057000000038e2310430023104400d0
:10a28800cf02401c3000a2af83000292010042249a
:10a29800ff004230830002a20300422caa0040546f
:10a2a8003800028e0c00038e5000028e21106200ce
:10a2b8001000048ec5000010231044002110770000
:10a2c800233044009600c0183000a6af0400028e68
:10a2d8000000048e231044002b1046009000401408
:10a2e800dc05022473f6400f340002ae3400038efe
:10a2f8006c80848f021864706210043cd34d8424ef
:10a308001900640010180000821903002118620067
:10a31800380003ae830000a28400028e4429027c28
:10a32800840002ae0c00048e3000a28f211082003f
:10a338000c0002ae1000038e2b2064005b0080141a
:10a348002b206200660080500400038e5000048eab
:10a358002318830021184300500003ae100002aefa
:10a368000400038e2b204300610080500000048eff
:10a378007000029203000324030043100800032422
:10a38800030043540c00038e0400de370c00038ed8
:10a398000800028e180062540e00a3968400028ef4
:10a3a80000014330940060545000038e0040423056
:10a3b8000e0040508400028e73f6400f000000002b
:10a3c8006c0003966c80848f021864706210043ce1
:10a3d800d34d84241900640010180000821903006a
:10a3e80021186200240003ae8400028e4408027c17
:10a3f800840002ae0e00a3966a0002962b1043005a
:10a40800010040546a0003a65000038e0e00a29675
:10a418002110e20223104300600004960600801415
:10a42800ffff423004004010010005248400048e20
:10a438008431a47c840004ae600002a670000292fd
:10a448000400042475004454060004241300e31691
:10a45800200031328400028e8004427c0f004010bc
:10a468000000000073f6400f000000006c80838f2e
:10a4780088130424021864706210043cd34d8424a9
:10a4880019006400101800008219030021186200e6
:10a49800300003ae05000224700002a20e0220164e
:10a4a80000000000c3fe0010000000000400048e3d
:10a4b8000000058e23208500211864002b206200ef
:10a4c800070080500400038e5000048e2318830078
:10a4d80021184300500003ae100002ae0400038ea2
:10a4e8002b204300060080541000028e0000048eca
:10a4f80023206400231044000c0002ae1000028eda
:10a508002b2043009bff8054700002920000048eb1
:10a51800231864002310430095ff0010100002aeba
:10a528009bff65500c00038e8300029201004224b9
:10a53800ff004230830002a20300422c1c0040505e
:10a548000c00038e3800028e91ff40500c00038ee1
:10a5580073f6400f000000003800038e2a104300f5
:10a568008aff401401fa03343400028e40100200be
:10a578002b18430000fa04340a10830073f6400fc6
:10a58800340002ae3400038e6c80848f021864702d
:10a598006210043cd34d8424190064001018000094
:10a5a8008219030021186200380003ae0c00038ee4
:10a5b8001000048e5000028e211062002310440007
:10a5c8002b20830006008010500002ae0000048e8d
:10a5d8000400058e2320850021108200500002ae61
:10a5e800100003ae8400028e01000324c439627c8b
:10a5f80066ff0010840002ae7effe3168004427cf2
:10a608007dff40500e00a3968400028e4408027c11
:10a618000442027c77ff0010840002ae5bfe441403
:10a6280020003132ac01e3160000000025280000ac
:10a63800c4b1400f25200002a7010010000000004f
:10a648005000028e01004224b8fde216000000000e
:10a6580025280000c4b1400f25200002b3fd0010da
:10a66800000000001000a2af253820022400a62711
:10a6780025284002f9bb400f252080021c00038ecc
:10a688007cfe00102118710091fe401c211065000d
:10a6980021208500540004ae1c0002ae1800038e71
:10a6a8002b20620007008050ffff02241400048e54
:10a6b8002318640027180300211043001c0002ae71
:10a6c800ffff022482fe0010580002ae2a10c202c8
:10a6d800030040100c00a28e2390d302ffff5232d9
:10a6e8000019427c801002002110a2022400a2afaf
:10a6f8001c00058e218853021800028e2118b10013
:10a708002b1843002d006010010043242318650016
:10a71800231873001c006004ffff76300100152425
:10a728001000b5af2538c0022400a6272128b300a1
:10a73800f9bb400f252080023000a2af2338560213
:10a748001400058e1000b5afffffe7302400a627e0
:10a75800f9bb400f252080023000a38f2110620032
:10a76800ffff42305bfe42162800a28f5800028e7f
:10a77800ffff03241a0043542b186202580013ae3b
:10a7880053fe0010640012a61400038e2310430029
:10a7980023106202ffff4224010003241000a3af2c
:10a7a800253840022400a6272128a200f9bb400f23
:10a7b80025208002ebff00100000000001000224a9
:10a7c8001000a2af253840022400a6272128b30094
:10a7d800f9bb400f25208002e2ff001000000000b6
:10a7e8000e00601064000396212062002b20910067
:10a7f80008008054640012a62b8822020500205607
:10a80800640012a62118620023187300ffff72303b
:10a81800640012a62efe0010580013ae2118620024
:10a828002b8871002bfe20522800a28f2b18730052
:10a8380027fe6014231062022110420224fe001039
:10a84800640002a68400028e010003240421627cb5
:10a85800840002ae0800423030fe40143800a28f57
:10a868008400028ec418627c73f6400f840002ae26
:10a878006c80848f4018040021186400c0180300fd
:10a8880021186400801803006210043cd34d84240e
:10a8980019006400101800008219030021186200d2
:10a8a8001dfe00102c0003ae09000224700002a255
:10a8b8000100062411000524466e400f25200002e1
:10a8c8000501001000000000700002a28400028e42
:10a8d8008005427c00014014010006242afe001075
:10a8e800100005245000028e0900e21625300000f1
:10a8f80010000524466e400f252000022528000080
:10a90800c4b1400f25200002f30000100000000031
:10a91800060002241afe0010700002a22530000072
:10a9280010000524466e400f25200002252800004f
:10a93800c4b1400f25200002e7000010000000000d
:10a94800f8fb001025b00000060020528400028e9b
:10a958000100c63a10000524466e400f252000026b
:10a968008400028e020043303400601400404230fc
:10a978000ffc40500100522670000392030002248d
:10a988000bfc62540100522673f6400f00000000d1
:10a998002400038e2a10430005fc4054010052266f
:10a9a80073000392800002921500621401000524ce
:10a9b8008400118e010031323db8400f252000027d
:10a9c8008400028e010003240400627c840002ae2d
:10a9d800001006242528000079d4400f2520000205
:10a9e800f3fb2056010052268400028e0400027cec
:10a9f800840002ae0a000224ecfb0010700002a2e0
:10aa08000200062410000524466e400f252000028f
:10aa180073f6400f010052266c0003966c80848ff9
:10aa280002186470190073001018000082190300de
:10aa380021186200defb0010240003ae73f6400ffd
:10aa4800000000002400038e2a104300d8fb405465
:10aa580001005226700002920a00432c4c0060103c
:10aa68008020020080aa8326211864000000638cdd
:10aa7800080060000000000098ab019da8aa019d95
:10aa8800f4aa019d20ab019d44ab019d98ab019dab
:10aa980060ab019d98ab019d98ab019d7cab019d7e
:10aaa800720002920400422c0e004014020011248d
:10aab80004000224720002a26c80838f40110300fc
:10aac800231043008010020021104300c010020030
:10aad800190053001010000082110200001102003a
:10aae8004c0002ae2e00001025a800007200039250
:10aaf8000300632ca1006014140004248400038e56
:10ab080001006330010015240aa803000b1083001c
:10ab18002100001025884000720002920500422c96
:10ab2800f0ff40541000112404000224700002a217
:10ab380011000224f6ff001025a8000072000292fe
:10ab48000500422ce7ff4054110011241400022490
:10ab5800efff001001001524720002920500422c3c
:10ab6800e0ff40541000112414000224e8ff0010f4
:10ab780001001524720002920500422cd9ff4054ae
:10ab88001100112414000224e1ff00100100152413
:10ab980086fb201225a800002300c012010006240d
:10aba8007200029201004224720002a24c00028e3e
:10abb800401002004c0002ae1000038e0c00048e00
:10abc800231064002b18640006006010ffff423059
:10abd8000400038e0000058e231865002110430031
:10abe800ffff42305000038e23186200500003ae6e
:10abf8006000039621104300600002a6100004ae16
:10ac08002530000025282002466e400f252000022e
:10ac180066fba01225280000c4b1400f25200002c1
:10ac280063fb00100100522625282002466e400fc3
:10ac380025200002f6ff001000000000020031325b
:10ac48003afc20122c00a28f01004224540002aecc
:10ac58000e00a2966a0002a6600002a692c8400fe3
:10ac68002520a002660002a6fff2400f2520000260
:10ac78000100062410000524466e400f252000021e
:10ac880003000224700002a28400028e00404230b9
:10ac98000e0040508400028e73f6400f0000000042
:10aca8006c0003966c80848f021864706210043cf8
:10acb800d34d842419006400101800008219030081
:10acc80021186200240003ae8400028e4408027c2e
:10acd800840002ae00011e242bf6400f2520000040
:10ace8007800128e7c00138e76001196252840007d
:10acf800acf7400f2520000024303e020700c010aa
:10ad08000200052405004012253860022800858ebf
:10ad180009f8400274000486020005240a0006248b
:10ad2800c2fa400f25208002dffa00100000000060
:10ad3800fefb20122c00a28f01004224540002ae18
:10ad48000e00a2966a0002a6600002a692c8400ff2
:10ad58002520a002660002a6fff2400f252000026f
:10ad68000100062412000524466e400f252000022b
:10ad780002000224edfb0010700002a259ff00102f
:10ad88001200112457ff00101100112455ff001064
:10ad98001100112405000224edfe62141000112494
:10ada80073f6400f000000003000038e2a104300a5
:10adb800e7fe401401000624f7fa001014000524e9
:10adc8000400028e0000038e231043003000a38f7e
:10add8002b10430043fd4050dc050224d3fd001036
:04ade8008300029250
:020000040000fa
:020000041d01dc
:10adec00b0fdbd274c02bfaf4802b7af4402b6afaf
:10adfc004002b5af3c02b4af3802b3af3402b2afcd
:10ae0c003002b1af2c02b0af029d053c983ea52498
:10ae1c0000a0043cbffd400f8878842459004010ea
:10ae2c000100122425900000029d103c003e1026cb
:10ae3c00029d053cb03ea52400a0133cbffd400f75
:10ae4c008878642625884000029d053cc43ea524d4
:10ae5c00bffd400f887864264d0040100e0006247c
:10ae6c0055022012000000005d0240160b00062463
:10ae7c00029d053ce03ea52400a0043cdff6400ffb
:10ae8c00887884246400401400a0033c88786324f0
:10ae9c000b006290001402000c006490002204006d
:10aeac00251044000d006490251044000e00709095
:10aebc000f00659010006490110066900800033c30
:10aecc002b1843005002601000861000001c050077
:10aedc002580030225800602001a04002580030247
:10aeec00211850000800043c010084242b18640035
:10aefc0045026010029d033ce03e658ce03e6324fd
:10af0c000400648c1000a5af1400a4af0800649476
:10af1c001800a4a70a0063901a00a3a30100032e33
:10af2c00401803001b00a3a3080000120c00062409
:10af3c0025300002009d053c21284500a9fd400f4d
:10af4c001c00a4270c001026ffff06321000a527ba
:10af5c00f19a400f928184874c02bf8f4802b78fc1
:10af6c004402b68f4002b58f3c02b48f3802b38fc7
:10af7c003402b28f3002b18f2c02b08f0800e00384
:10af8c005002bd27029d103ca9ff0010183e102650
:10af9c00029d053cd03ea524f19a400f92818487f6
:10afac0060f4400f928184870700201600a0033cb8
:10afbc004850023c4d434224000062ac040062ac99
:10afcc00080062ac0c0062ac0d00401200a0023c08
:10afdc005550033c46576324000043ac5542033c98
:10afec0049486324040043acdcaa033c275c63247b
:10affc00080043ac803c033c88af63340c0043ac8a
:10b00c00d7fc400f0a000424f0f7400f00000000aa
:10b01c00ffff00100000000004000624029d053c08
:10b02c00ec3ea52400a0043cdff6400f8878842475
:10b03c009501401404000624029d053cf83ea5240d
:10b04c0000a0043cdff6400f8c78842447004014a9
:10b05c0000a0023c887842240800519009005090ce
:10b06c000a0056900b0055900c0042901f02a2a3b0
:10b07c00ffff02241c02a2a324e3400f2520200280
:10b08c0025a040000300222eed014010000000001e
:10b09c0085e1400f2520200225b8400024e3400f15
:10b0ac0025202002259840001800e01201001224ef
:10b0bc000084100000b216002580160225801502af
:10b0cc00010007241f02a62725280002ef9d400f30
:10b0dc00252020020d00401002001224010007243c
:10b0ec001c02a6272528000217d3400f252020027a
:10b0fc00030012240b9002001c02a2931f02a393c4
:10b10c0026104300040003240b90620024e3400f3c
:10b11c0025202002029d033cf43e648cf43e632403
:10b12c000400638c1000a4af1400a3af1800b1a3eb
:10b13c001900b2a31f02a3931a00a3a31c02a3938a
:10b14c001b00a3a31c00b4a31d00b3a31e00a2a349
:10b15c001f00a0a3100006241000a527f19a400f91
:10b16c00928184877dff00104c02bf8f050006245e
:10b17c00029d053c043fa52400a0043cdff6400fd3
:10b18c008c7884241b00401400a0023c91784490dd
:10b19c000300822c150040102510000024e3400f02
:10b1ac000000000025200000029d033c003f668c3f
:10b1bc00003f63240400658c1000a6af1400a5affb
:10b1cc00080063901800a3a31900a4a31a00a2a35b
:10b1dc001b00a0a30c0006241000a527f19a400f19
:10b1ec00928184875dff00104c02bf8feeff001030
:10b1fc000100042405000624029d053c103fa524f3
:10b20c0000a0043cdff6400f8c7884241a00401414
:10b21c0000a0023c917844900300832c060060103f
:10b22c000100022400a0023c1fdc400f92784590e4
:10b23c0001004238ff004230029d033c0c3f658cfc
:10b24c000c3f63240400648c1000a5af1400a4af61
:10b25c00080063901800a3a31900a2a31a00a0a3ce
:10b26c000b0006241000a527f19a400f92818487c9
:10b27c003aff00104c02bf8f05000624029d053cce
:10b28c00a03fa52400a0043cdff6400f8c7884245a
:10b29c003100401400a0023c8878422409004490fc
:10b2ac000a0045900b0047900c0049900d005090ff
:10b2bc000e0046900f004390100048900300822c23
:10b2cc007c014010002c0500001207002528a2006c
:10b2dc002528a9002000023c2b10a2007701401069
:10b2ec00008610000014060025800202258008024a
:10b2fc000012030025800202ffff02260002422cee
:10b30c00700140102000033c2110b00001006324a8
:10b31c002b1043006d0140102538000217d3400f4d
:10b32c001a00a6274b01401405000224029d033c81
:10b33c009c3f658c9c3f63240400648c1000a5af7b
:10b34c001400a4af080063901800a3a31900a2a3d3
:10b35c00530100100a00062407000624029d053c38
:10b36c001c3fa52400a0043cdff6400f8c788424fd
:10b37c002400401400a0023c937850900300022e4d
:10b38c00540140101c02a527d7dd400f25200002d8
:10b39c001f02a6272002a527e4d2400f2520000279
:10b3ac00029d023c183f448c183f42240400438cfd
:10b3bc001000a4af1400a3af080043941800a3a777
:10b3cc000a0042901a00a2a31b00a0a31c02a29781
:10b3dc001c00a2a71e02a2931e00a2a32002a293ed
:10b3ec001f00a2a31f02a2932000a2a311000624f7
:10b3fc001000a527f19a400f92818487d7fe001088
:10b40c004c02bf8f06000624029d053c283fa52454
:10b41c0000a0043cdff6400f8c7884245c004014c0
:10b42c0000a0023c927852900300422e490040103a
:10b43c000100032400a0023c887842240b005190a8
:10b44c00008c11000c004390001a03002588230285
:10b45c000d004290258822022000023c2b10220273
:10b46c003c0040100200032400a0033c88786324b5
:10b47c000e006290001602000f006490002404007d
:10b48c0025104400110064902510440010006390b6
:10b49c00001a030025984300ffff62260002422c8d
:10b4ac002c00401003000324211033022000033c25
:10b4bc00010063242b1043002600401004000324d9
:10b4cc0000a0043c9a788424211093000000509032
:10b4dc000082100000a0023c9b78422421106202e2
:10b4ec000000429025800202ffff1032dbf3400f78
:10b4fc002528600225a04000160002160600032431
:10b50c002538600200a0063c9a78c6242528200223
:10b51c00ef9d400f252040020e0040100500032433
:10b52c00253860021000a6272528200217d3400fcb
:10b53c002520400207004010050003242528600246
:10b54c00dbf3400f1000a42726a08202070003247f
:10b55c000a181400029d023c243f458c243f4224cf
:10b56c000400448c1000a5af1400a4af0800429452
:10b57c001800a2a71a00a3a30b0006241000a527ed
:10b58c00f19a400f9281848774fe00104c02bf8f99
:10b59c000b000624029d053c303fa52400a0043c72
:10b5ac00dff6400f8c7884241800401400a0023c75
:10b5bc00977844900300822c05004010010003246e
:10b5cc00fedd400f0000000001004338ff00633037
:10b5dc00029d023c4c3f458c4c3f42240400448c61
:10b5ec001000a5af1400a4af080042941800a2a745
:10b5fc001a00a3a30b0006241000a527f19a400ff4
:10b60c009281848755fe00104c02bf8f0d000624da
:10b61c00029d053c3c3fa52400a0043cdff6400ff6
:10b62c008c788424eaff40140200032400a0023c1e
:10b63c00997844900300822ce5ff4010010003240c
:10b64c0000a0023c8878422412004590002c050092
:10b65c0013004390001a03002528a3001400429005
:10b66c002528a2002000023c2b10a200d8ff40107d
:10b67c0002000324c8d7400f00000000010043382b
:10b68c00d3ff0010ff006330029d053c583fa524fa
:10b69c0000a0043cbffd400f887884240f004014a8
:10b6ac0001a0023cbff5400f128d44843a004010bb
:10b6bc00029d103c029d103c903e1026b4fd400fa4
:10b6cc0025200002ffff463025280002f19a400f8a
:10b6dc009281848721fe00104c02bf8f029d053c95
:10b6ec00683fa52400a0043cbffd400f887884244b
:10b6fc002b004010029d053c703fa52400a0043c8b
:10b70c00bffd400f887884240a0040148000102468
:10b71c0088bf023c246150acd7fc400f0a000424c3
:10b72c0088bf023c286150ac029d103ce3ff001026
:10b73c00503e1026029d053c7c3fa52400a0043cf5
:10b74c00bffd400f88788424180040141000062494
:10b75c00029d053c883fa524f19a400f9281848775
:10b76c0060f4400f92818487d7fc400f0a000424b8
:10b77c001000102488bf023ce46050acd7fc400f92
:10b78c000100042488bf023ce86050ac029d103cd0
:10b79c00caff0010643e1026c8ff0010343e10266d
:10b7ac00029d103cc5ff0010403e1026029d103c2f
:10b7bc00c2ff0010783e1026b4fd400f2520000279
:10b7cc00ffff463025280002f19a400f92818487b2
:10b7dc0060f4400f92818487f5fd001000a0033cbb
:10b7ec00b4fd400f25200002ffff46302528000243
:10b7fc00f19a400f9281848760f4400f9281848784
:10b80c00f3fd001000a0023c029d023ce03e448c83
:10b81c00e03e42240400438c1000a4af1400a3affc
:10b82c00080043941800a3a70a0042901a00a2a390
:10b83c00010002241b00a2a3c4fd00100c0006246e
:10b84c0024e3400f25202002259840002ffe0010f5
:10b85c0001001224029d023c9c3f448c9c3f4224dc
:10b86c000400438c1000a4af1400a3af0800429056
:10b87c001800a2a31900a0a325280002dbf3400f97
:10b88c001a00a4271000a32721187000022202001e
:10b89c000a0064a00b0062a00c000626ffffc63055
:10b8ac001000a527f19a400f92818487abfd001000
:10b8bc004c02bf8f9dfe0010010002249bfe001065
:10b8cc000200022499fe00100300022497fe0010cf
:10b8dc0004000224029d023c183f448c183f422471
:10b8ec000400438c1000a4af1400a3af08004394d1
:10b8fc001800a3a70a0042901a00a2a30100022478
:0cb90c001b00a2a3bafe00100c000624d1
:020000040000fa
:020000041d01dc
:10b91800a8ffbd275400bfaf5000beaf4c00b7af63
:10b928004800b6af4400b5af4000b4af3c00b3af79
:10b938003800b2af3400b1af3000b0af71008390bf
:10b94800010002241a026214feff122425808000de
:10b958002598a00025a0c0002bf6400f2520000048
:10b968004800038e28026010252840002000628cc1
:10b97800080044302402801408004234200062acdd
:10b98800acf7400f4800118e830020162000073cba
:10b998000600e7240400062414000524b4ea400f36
:10b9a800780004242588400001024010fdff12247d
:10b9b800039d023cb8a64224080022ae0c0030ae1b
:10b9c80001000224700022a6580022a62000228e20
:10b9d80008004234200022ae2bf6400f252000003c
:10b9e800252840004800028e01004050480011ae52
:10b9f800acf7400f2520000001006232050040101e
:10ba0800010003248400028e0442627c840002ae9a
:10ba1800fe0073328400028e23ff032424104300a7
:10ba28004429027c840002ae7100039201000224c2
:10ba380002006214259000001c00328e0c00429215
:10ba48000439027c0c0042a2060062325d004010fc
:10ba58000200623298014010020002241000a2a3e2
:10ba6800040002241100a2a3710003920100022421
:10ba78000c006214251000004400028e05004014da
:10ba880000000000bbe8400f25200002c101405023
:10ba9800fcff122451fd400f4400048eecff4224a9
:10baa800ffff4230a018027c1200a3a7680002a67c
:10bab8000c00428e0019427c010042240c00439283
:10bac8000439437c0c0043a2710003920100022454
:10bad800030062141000a28f170042aa140042ba91
:10bae8005000028e1f00401425b000007ae7400f76
:10baf8000000000025f040005b01410f25b8600000
:10bb0800dafe400f25b04000dafe400f25a84000bd
:10bb18002800a2af0f00043c404284241900c4034b
:10bb280012400000104800000218e4722148690021
:10bb380080260900821108002530c002253800003f
:10bb4800252082002a8e400f8229090000ac1500aa
:10bb58002800a39725a8a30221a8a202500015ae89
:10bb680025b0000003006232a5014054600002962f
:10bb78000200823252014010010015247300029223
:10bb880001004224730002a25000028effff4224eb
:10bb980069000010500002ae560020a6540020a6ee
:10bba800480020ae6e0020a66c0020a6600020aee3
:10bbb8001000228e000040ac1000228e8eff001074
:10bbc8000c0040a40800038e1000028ea901621028
:10bbd80066001696600002963800401025a80000fe
:10bbe8007100039201000224060062546800029664
:10bbf8007f01410f00000000080040540800158e26
:10bc080068000296ffff43302b18c30201006054fe
:10bc18002510c002ffff56300800158e1000038e55
:10bc28002b107500df0040500400028e6000029661
:10bc380023a8a3022b20a2020aa844002b10d50295
:10bc480005004010010004248400028ec439827c5f
:10bc5800840002ae25a8c0027100049201000224eb
:10bc68000b0082541000028ecb006010480020aefa
:10bc7800ffffa232560022a6540022a6500023ae8f
:10bc88001000228e48002326000043ac1000028ecc
:10bc980021105500100002ae8400028e00014230cf
:10bca80006004010000000006000029603005510d6
:10bcb800000000000100d55601007336a9ffa0124c
:10bcc800ffffb6326000029623105600ffff423095
:10bcd80008007336010094320e008012600002a63c
:10bce800720000a26c80838f401103002310430070
:10bcf8008010020021104300c01002006210033cb3
:10bd0800d34d632419004300101000008211020073
:10bd18004c0002ae73f6400f000000004c00038e8a
:10bd280021186200240003ae8400028e010003245f
:10bd38004408627c840002ae5e000296000042a6bf
:10bd48005c000296020042a65000028e040042ae39
:10bd58005400028e080042ae0c0042920418027c85
:10bd68000c0042a20d0053a2120040a6100040a6eb
:10bd78005000028e21105500500002ae02006232bf
:10bd88000e00401025a00000100062320200401092
:10bd9800251800000800438e080043ae8400028e78
:10bda800c004427cda0040505000028e0400428eeb
:10bdb800ffff4224040042ae040014240100623252
:10bdc80004004010010003248400028e8494627ce5
:10bdd800840002ae10006232040040100100032407
:10bde8008400028e84b5627c840002ae1c00038e3f
:10bdf8002000028e2b206200cd00805423104300c7
:10be08001800048e1400058e232085002318620074
:10be180023108300ffff42300e0042a6620002a6f4
:10be2800d8e8400f252040020c00428e0019427cc1
:10be3800050042240c0043920439437c0c0043a2c1
:10be48007100039201000224e60062140000000061
:10be58003c00028e4c00401000000000bbe8400f80
:10be6800252000024800401000000000140092261f
:10be78004000028e380022ae3c00028e3c0022ae0a
:10be88004400028e400022ae1000238e0c00629403
:10be9800211042020c0062a41c00348e100080a6ff
:10bea8004400028e6000429001004230230040149a
:10beb800212056023800228e1400a2af3c00228ea8
:10bec8001800a2af1c00a0a3060002241d00a2a314
:10bed800c69c400fffff84301e00a2a7253000003b
:10bee8000c000524ce9c400f1400a4272730020024
:10bef800ffffc63025284002ce9c400f2520800237
:10bf0800273802008d00c012ffffe7301000238e93
:10bf18001000629408004234100062a42530c00268
:10bf28005000258eb2c0400f25202002273802007d
:10bf3800ffffe73027380700100087a6810002922c
:10bf48002100a2a3820002922000a2a32200a0a3a3
:10bf5800213056022000a727ffffc630060005241f
:10bf68002a9c400f25202002000020ae13ff400f1e
:10bf780025202002a80040140a000624ecff05240e
:10bf8800c2fa400f252020028200c012ffff1224af
:10bf9800700000103800028e1000228e3bff001047
:10bfa800000040ac231043000000048e2328440006
:10bfb80021a8a502600005962b30b5000ba8a600a5
:10bfc8002b28d5020500a010010006248400058e48
:10bfd800c439c57c840005ae25a8c0022b285500ad
:10bfe8000a10a5022300a2122328a20271000792b8
:10bff800010006241100e6541000028e050080108e
:10c00800ffffa5306e0025a66c0025a6680024aeab
:10c018006000242614006010480024aeffff423060
:10c02800560022a6540022a6500023ae1000228eed
:10c0380048002326000043ac1000028e2110550052
:10c04800100002ae0400038e2b20430013ff80541f
:10c058008400028e0000048e23186400231043001d
:10c068000dff0010100002ae1000228ef2ff00102b
:10c07800000040ac7100059201000424efffa454b5
:10c088001000028e09006010480020aeffff423009
:10c09800560022a6540022a6500023ae1000228e7d
:10c0a80048002326e4ff0010000043ac1000228e55
:10c0b800e1ff0010000040acadfe001025b000000c
:10c0c8008400158e0200b5321cffa0525e00029655
:10c0d80001009432080080160000000072000292ed
:10c0e80005004010ffff4224720002a24c00028e9d
:10c0f800421002004c0002ae73f6400f25a8000063
:10c108004c00038e211862000bff0010240003aec0
:10c1180001004224500002ae8400028e0100032474
:10c12800c49c627c840002ae24ff00100400142426
:10c13800ffff422438ff0010ffff42301000238e1b
:10c1480010006294c418027c7aff0010100062a4e8
:10c158003800028e0d004014dc05022473f6400fef
:10c16800340002ae3400038e6c80848f0218647031
:10c178006210043cd34d8424190064001018000098
:10c188008219030021186200380003ae250040120e
:10c198000400733271000392010002240500621446
:10c1a800251040022000228ec418027c200022aef6
:10c1b800251040025400bf8f5000be8f4c00b78f2f
:10c1c8004800b68f4400b58f4000b48f3c00b38f51
:10c1d8003800b28f3400b18f3000b08f0800e00310
:10c1e8005800bd27f2ffc012ffff12243800028e4c
:10c1f800e8ff4014dc050224d8ff0010000000000e
:10c20800b4fe001025a80000acf7400f2520000060
:10c21800dffd00102000073ccdffc0562590000030
:10c2280004007332e2ff6012259000002bf6400fe5
:10c23800252000007800138e7c00148e760011965d
:10c2480025284000acf7400f25200000d8ff6012d9
:10c2580008003132d6ff2012253880020800062453
:10c268004400058e09f8600274000486d1ff0010ae
:10c27800251040028400028e000142308afe4014dc
:0cc2880025a8000037fe001025b00000c3
:020000040000fa
:020000041d01dc
:10c2940001a0023ce48d42243a0244140000000050
:10c2a400b0ffbd274c00bfaf4800b6af4400b5afe8
:10c2b4004000b4af3c00b3af3800b2af3400b1af0c
:10c2c4003000b0af0481838fffff62240200422c50
:10c2d4000d0040102c81828f170040140081828f42
:10c2e40009f840001000a4270800401c4c00bf8f30
:10c2f4000f0040141000a48f03008050048180af0d
:10c30400498b400f000000004c00bf8f4800b68fdf
:10c314004400b58f4000b48f3c00b38f3800b28f17
:10c324003400b18f3000b08f0800e0035000bd2707
:10c33400f5ff0010048180af01000224380062146c
:10c344001880838fffff022435006214049d063c8d
:10c3540064d8c6242528000088fd400f0500042465
:10c36400ffff032484004310188082afdff7400fdf
:10c37400000000008020020021208200e7038424c2
:10c384006210033cd34d6324190083001020000085
:10c39400822104004019040023186400801803005b
:10c3a40021186400c01803001b006200f40140005f
:10c3b40012100000ff7f432c6f006010108182afc9
:10c3c4004c0143241b006200f401400012180000d9
:10c3d400021062700c8182af0200122400a0103c93
:10c3e400287b102600a0113c787d31260000028ea7
:10c3f40009004050100010260a0006860500c010ef
:10c4040025280002e5f4400f252040025a00401080
:10c414000000000010001026f4ff1116010052263f
:10c4240001a0023ce48d4294300140102c81908f95
:10c434002588000001a0123ce48d53264c00048e94
:10c4440018008050010031264400028e1800428cee
:10c4540009f840000000000042000296004042300b
:10c4640010004050010031264400028e1400428c1a
:10c4740009f840004c00048e4400410403000724e2
:10c484000400062425280002b0d2400f25206002b3
:10c494004200029601000324c47b627c420002a68f
:10c4a40001003126e48d45962b102502e3ff40144c
:10c4b400700010260481838f01000224110162148c
:10c4c400000000000d01a0102c81908f2530000287
:10c4d400251000002518000000040824010007248a
:10c4e4004200c494000c893057002815204e047c67
:10c4f40085ff21054000843002008010042067007d
:10c504002510440001006324f5ffa3147000c62421
:10c51400010003240418a300ffff6324f700621042
:10c5240001a0023ce48d42941500401025880000cf
:10c534004040143c01a0123ce48d53264000028e7e
:10c5440024105400050040100300072404000624ae
:10c5540025280002b0d2400f2520600201003126b8
:10c56400e48d42962b102202f4ff40147000102632
:10c5740004000010ffff022416c9400f0000000051
:10c58400ffff022460ff0010048182af0200032435
:10c59400c3ff4314dc0502241000a0af1400a0afb5
:10c5a4001800a0af1c00a0af2400a0af2800a0afcb
:10c5b4002c00a0af2000a2af010002242c00a2a3f3
:10c5c4002d00a2a34400028e4000428c1000a52737
:10c5d40009f840005000048e1000a28f3f0002aa08
:10c5e4003c0002ba1400a293400002a21500a293d8
:10c5f400410002a21800a38f2b18030042000296e8
:10c60400446b627c420002a62000a38f5e0003a656
:10c614002800a38f600003a22400a38f610003a25b
:10c624002c00a393620003a22d00a393630003a232
:10c63400010003248431627c8473027cc47b627ca9
:10c6440097ff0010420002a604206700adff00100f
:10c65400251044004d0142240c8182af01a0023c0c
:10c66400e48d42949c0040102c81908f258800001a
:10c674000100132401a0123c420002964000423003
:10c684000e004050010031264400028e2400428cea
:10c6940009f840005000048e6400039201006330e6
:10c6a4000600431001003126640003924408637eaf
:10c6b4008410437c0400437c640003a2e48d42960e
:10c6c4002b102202ecff401470001026b50000105d
:10c6d400010013242800b1ac253000000fdd400f09
:10c6e40001000424da000010d4ff428e25b00000bb
:10c6f400049d113c0a01001008043126010006249f
:10c70400f3ff0524c2fa400f25200002ec000010bc
:10c71400000000002bf6400f0100042400a0033c9d
:10c72400087b6324180064940400047c180064a447
:10c7340025284000acf7400f0100042401a0023c6e
:10c74400e48d4294210040102c81908f70001026bb
:10c754002588000001a0123cd2ff0296400042301e
:10c764001500401025a00002ecff039686066230f7
:10c7740005004050f4ff82921c81828f0100422404
:10c784001c8182aff4ff82920200443009008010c1
:10c794000400423002004010001065340008653483
:10c7a40090ff0426640082904408027c4acc400f27
:10c7b400640082a0ecff80a601003126e48d42963d
:10c7c4002b102202e4ff4014700010262100601296
:10c7d40000a0103c00a0103c287b102600a0113cb7
:10c7e400787d31260000028e0d0040501000102686
:10c7f4000a0004860a008050100010260c000296dd
:10c804001081838f23104300ffff43302016027ce6
:10c814002a004058211064000c0002a610001026c3
:10c82400f1ff11560000028e2bf6400f0100042484
:10c8340000a0033c087b6324080064944408047c3f
:10c84400080064a425284000acf7400f010004242c
:10c8540000a0103c287b102600a0113c787d3126d6
:10c864002bf6400f252000000000128e08001396be
:10c8740025284000acf7400f252000000500401299
:10c8840010001026030060120000000009f84002a6
:10c8940000000000f2ff11160881828f9afe4010fa
:10c8a400253000000001052400a0043c51f8400f8d
:10c8b400187b842495fe00104c00bf8f0c0002a648
:10c8c4002530000002000524d7eb400f252000028c
:10c8d400d3ff0010100010262481828fbdff40106a
:10c8e4000100132432000010000000000481838f33
:10c8f400010002240300621400000000020002246c
:10c90400048182af99ea400f252000002481828fa0
:10c914002081838f251043000881838f25104300d5
:10c924007afe40104c00bf8f2081828f1d00401082
:10c9340025980000208180af7ae7400f00000000b6
:10c9440025806000258840001481928f25304002a4
:10c9540025380000252040002a8e400f252860003d
:10c96400fc8082af6210023cd34d42241900420283
:10c9740010300000823106002538000025202002f6
:10c984002a8e400f25280002f88082af0c81828f06
:10c994001081838f231043002eff401801001324bd
:10c9a4000c8182af2481828f65ff401001a0023c7c
:10c9b400248180af01a0023ce48d42943b004010ee
:10c9c40025a000002c81908f7000102601a0153c3a
:10c9d400d2ff0296400042302f0040102590000202
:10c9e400eaff1196d4ff028e5400428c09f84000ed
:10c9f400e0ff048e258851002bf6400f010004242b
:10ca040027181100eaff049624186400eaff03a61d
:10ca140025284000acf7400f01000424ecff0296e7
:10ca240025102202ecff02a6d4ff028e5000428c95
:10ca34002528200209f84000e0ff048e1600313258
:10ca44000e002052d2ff429690ff1126d4ff428e50
:10ca54003400428c253000002528000009f84000ed
:10ca6400e0ff448e1bff4014252840001881828f6c
:10ca740001004224188182afd2ff42960020423046
:10ca84000600405001009426d4ff428e3800428ca8
:10ca940009f84000e0ff448e01009426e48da2963c
:10caa4002b108202caff40147000102625a8000033
:10cab40001a0143c888a942600a0123c087b5226cc
:10cac400a2f9400f2520800212ff4010258040006b
:10cad4001000428c0800428cc69c400f0c00449409
:10cae4001000038e0800648c140004ae0c006494df
:10caf400f2ff84240c0064a41400038e0e0063244b
:10cb0400180003ae06080324f8fe431000080324ab
:10cb1400fafe431401001624049d113c100431262e
:10cb24002000028e04ac027c200002ae0400238e9e
:10cb340025106200200002ae2530000025280002e6
:10cb44000fdd400f02002496ecfe40100610d502c3
:10cb540001004230daff4014010002240410c20232
:10cb640025a8a2020200249600210400253000001a
:10cb740001000524d7eb400f21204402d0ff001010
:0ccb8400000000000800e00300000000ba
:020000040000fa
:020000041d01dc
:10cb900080ffbd278c00a7af0000a28c6c00b5af52
:10cba0002400a2af0800a28c0400d58c2800a2affc
:10cbb0001000a28c6000b2af4800a2af0000c28c8f
:10cbc0005c00b1af1c00a2af1c00a38f0400b28cac
:10cbd0000c00b18c8000a4af8400a5af253000000c
:10cbe00025380000252060002528a0027c00bfaf6a
:10cbf0007800beaf7400b7af7000b6af6800b4afd6
:10cc00006400b3aff5b9400f5800b0af0f00400457
:10cc10000080023c2400a28f040042300d0040142a
:10cc20002b0002242400a28f080042302000a2af73
:10cc30002800a28f1800a2af2000a28f0c00401085
:10cc40001c00a38f030000102000022426a855001a
:10cc50002d000224000022a22800a28fffff422400
:10cc60001800a2af010002242000a2af1c00a38f75
:10cc70002600601400f0a27ef07f033c24004314e1
:10cc8000f07f043c2000a28f212022028c00a28f82
:10cc9000bfff42241a00422c1a004010029d053c9e
:10cca000029d053cd03fa5246bfe400f0000000014
:10ccb000b4fd400f252020022400a38f2800a78f59
:10ccc0008000a48f1000a3af25282002d8ca400fef
:10ccd000253040007c00bf8f7800be8f7400b78f76
:10cce0007000b68f6c00b58f6800b48f6400b38f8e
:10ccf0006000b28f5c00b18f5800b08f0800e00375
:10cd00008000bd27e8ff0010d43fa524f07f043c3d
:10cd1000010083242b184300050060502000a28fdf
:10cd20000e0044141c00a28f0c0040102000a28fa3
:10cd3000212022028c00a28fbfff42241a00422c25
:10cd400004004050029d053c029d053cd6ff0010aa
:10cd5000d83fa524d4ff0010dc3fa5241c00a38fde
:10cd60002530000025206000253800009db9400fc7
:10cd70002528a002049d173c049d033c30b0f38e8f
:10cd800034b0f68e2c00a3affc00401425800000c8
:10cd90007c00410f8c00a48f20f4027c9701400698
:10cda000670002240b00c21725a0c00301004052f7
:10cdb00001001224fcff022a100040146500142414
:10cdc0002a1012020e0040101c00ab8f0c0001064e
:10cdd0006600142466000224080082160100522610
:10cde000040001066700022430b0f38e34b0f68ee2
:10cdf000258000000100c257219050021c00ab8f1b
:10ce00002548600225b8c0023000b5af25500000ab
:10ce10003000ad8f25206001253020012538e0024b
:10ce20002528a0015400aaaf3800abaf3d81400fc8
:10ce30004c00a9af25204000f0c5400f2528600018
:10ce40003000ad8f4c00a98f3800ac8f4000a2afee
:10ce50000080083c4400a3af26100d014000a48fc1
:10ce60004400a58f253020012538e0021000acaf2a
:10ce70001400a2af187b400f5000a9af0080083cff
:10ce80003800a2af4c00a2af261003013000a2afc1
:10ce90002c00a28f5000a98f58b0468c5cb0478cf4
:10cea000252020013d81400f2528e0025400aa8f53
:10ceb0004c00ab8f01004a2525484000d4ff4a169c
:10cec00025b86000049d023c60b0468c64b0478c7d
:10ced000252020016993400f25286000254040004f
:10cee0003800a48f3000a28f253080002538400004
:10cef000252000012528600025b860009db9400f5d
:10cf00004c00a8afc800401c3000a28f4c00a88f76
:10cf10003800a48f25384000253080002528e00205
:10cf2000252000019db9400f3000a8af0800401433
:10cf30003000a88f4000a48fe8de400f4400a58f8a
:10cf400001004230b9004010254000003000a88f99
:10cf50001c00a38f253000012538e0022528a002ff
:10cf6000d984400f252060001c00a2af3800a2af7a
:10cf70002c00a28f2520600258b0468c5cb0478cf4
:10cf80002528c00225b860006993400f3000a3af88
:10cf90003800ab8f2538e0022530600125204000a5
:10cfa0002528600025a84000f5b9400f3000a3af48
:10cfb000a000401c660002243000a98f9f0082164a
:10cfc00001001026010052262550000223105201b4
:10cfd0002000b38f3000a2af25b0000025900000e4
:10cfe0003000a28f07004211255860028400a28ff2
:10cff0001000428cfbff42242b106202930040146d
:10d000001c00a38f070040162400a28f100042309e
:10d010000400401021582b022e0002240100732628
:10d02000000062a121203302650002242300821641
:10d03000000080a0030001062528000023801000c6
:10d04000010005244800a28f02001224ffff4224a1
:10d0500021182202000060a00a000624d500001654
:10d0600000000000d300401e2b0003242d000624e6
:10d070000b18c50021282202ffffa3a08c00a38f5c
:10d0800045000524bfff6324feff42241a00632ce1
:10d090000ba0a3002a98620221282202030060123a
:10d0a0000000b4a06bfe400f000000001800a28f2b
:10d0b00021104202fcff42241800a2af2400a28fdc
:10d0c0000200032403004230f9fe43141800a28f2b
:10d0d000f7fe401800000000b4fd400f252020029c
:10d0e0002000a38f2a184300bc0060101800a68ff0
:10d0f0002000a28f3000052461fe400f2120220273
:10d10000ebfe00102800a0af010010262598c003f8
:10d1100025b080023000a68f3400a78f2520600242
:10d120006993400f2528c0021c00a88f25304000bd
:10d1300025386000252000012528a00225f04000a8
:10d14000f5b9400f25a06000efff4104049d023cab
:10d1500044b0438c40b0428c3400a3af3000a2af47
:10d160002c00a28f25f000005cb0438c58b0428c9c
:10d170003c00a3af220000103800a2af049d023c87
:10d180005cb0438c58b0428c3400a3afe1ff001078
:10d190003000a2af130040103800a68f1100c01756
:10d1a0001c00a38f3000a68f3400a78f2528a00273
:10d1b0006993400f252060003000a68f3400a78fb0
:10d1c000252060022528c0021c00a2af6993400ff1
:10d1d00025a8600025b060002598400001001e24ad
:10d1e0003800a68f3c00a78f252060023d81400fac
:10d1f0002528c00225b0600025984000ffff1026ba
:10d200001c00a38f253060022538c0022520600055
:10d21000f5b9400f2528a002deff4204d4fe022a01
:10d22000dbfe0010000000002540000048ff001059
:10d2300025b8000025a860022548c0026500823a92
:10d240002550000261ff00100a500200253820011d
:10d250002530a002252060002528e0025000abaf59
:10d260004c00aaaf3d81400f4400a9af25204000eb
:10d27000f0c5400f252860002520400025286000cb
:10d280003800a3afe8de400f4000a2af0a004428f8
:10d29000090003240b1844002400a28f3800a78f34
:10d2a00010004230251043004000ad8f4400a98f8c
:10d2b0004c00aa8f210040145000ab8f670002245d
:10d2c0001e00c217000000001c0041050000000005
:10d2d0000100d6261c00a38f00800b3c261077018e
:10d2e0002530a0012520a002252820011000a3af91
:10d2f0001400a2af4000aaaf187b400f3800a9afbe
:10d300001c00a2af2c00a28f3800a98f58b0468c09
:10d310005cb0478c00800b3c2520a0022528200112
:10d320003d81400f26b863014000aa8f2548600068
:10d3300025a840002aff0010ffff4a250b004016d9
:10d34000212036020900410521582b021800a28f26
:10d35000ffff42241800a2af2e0002240100732612
:10d36000000062a1010012242120360221103302a4
:10d370002120930002000010300005240100422407
:10d38000feff4454000045a01800a28f2120d302c4
:10d3900023b05600ffffc22601009324300063240f
:10d3a00021202402000083a01800a2afc9ff0010b2
:10d3b00025b000001a000602f401c000ffff42245d
:10d3c00021382202ffff52261018000012800000b0
:10d3d0003000632421ff00100000e3a02118220286
:10d3e000000064801800a38f211862002118230216
:10d3f000000064a03aff0010ffff42246dfec2133c
:0cd400000600122473fe001025a0c003db
:020000040000fa
:020000041d01dc
:10d40c000000a28c78ffbd272000a2af0400a28ce4
:10d41c008000beaf2800a2af0800a28c0400de8cf6
:10d42c007000b4af0000d48c2400a2af1000a28c0a
:10d43c006400b1af6000b0af8800a4af0c00b08c3a
:10d44c002588e000253000002538000025208002ca
:10d45c002528c0038400bfaf7c00b7af7800b6afff
:10d46c007400b5af6c00b3af6800b2aff5b9400f44
:10d47c004000a2af0e0040042000a28f04004230f6
:10d48c000e0040142b0002242000a28f0800423012
:10d49c001800a2af2400a28f3800a2af1800a28ff0
:10d4ac000c0040102000022405000010000002a215
:10d4bc000080023c26f05e002d000224000002a237
:10d4cc002400a28fffff42243800a2af01000224e7
:10d4dc001800a2afbfff232600f0c27f25008016e4
:10d4ec002c00a3aff07f033c230043141800a38f40
:10d4fc001800a28f029d113c212002022c00a28f49
:10d50c001a00422c03004010d43f2526029d053cf6
:10d51c00d03fa5246bfe400f00000000d43f242612
:10d52c00b4fd400f000000002000a38f2400a78f43
:10d53c008800a48f1000a3af25280002d8ca400f82
:10d54c00253040008400bf8f8000be8f7c00b78fd9
:10d55c007800b68f7400b58f7000b48f6c00b38fe9
:10d56c006800b28f6400b18f6000b08f0800e003d8
:10d57c008800bd271800a38ff07f053c2c00a48fda
:10d58c0021b003020100a3242b18430005006010f6
:10d59c001a00842c0c004514300002240b0080125d
:10d5ac0078000324029d113c03008010dc3f2526eb
:10d5bc00029d053cd83fa5246bfe400f2520c002e0
:10d5cc00d7ff0010dc3f2426780003240000c2a201
:10d5dc00580002240a106400253000002538000091
:10d5ec00252080022528c0039db9400f25a84000a6
:10d5fc00049d033c30b0778c34b0718c0301401423
:10d60c001c00a0af2800a28f2800a48f0000422885
:10d61c00180003240a188200010062240100d5a21c
:10d62c003c00a3af5400a2af25b0e00225a8200215
:10d63c004400b4af4800beaf259800004400a88f4a
:10d64c004800b28f252000012530c0022538a002e9
:10d65c00252840023d81400f3000a8af2520400016
:10d66c00f0c5400f25286000252040002530c00261
:10d67c002538a002252860004c00a2af6993400f0a
:10d68c005000a3af3000a88f2528400225200001b0
:10d69c0025304000d784400f253860004400a2afed
:10d6ac0025904000049d023c48b0468c4cb0478c01
:10d6bc002520c0022528a0023000a3af4800a3af4c
:10d6cc006993400f5800a2af25b040002800a28fec
:10d6dc0025a8600009004104010073263000a28fc8
:10d6ec002530000025380000252040029db9400f50
:10d6fc002528400006004010049d023c5400a28fd7
:10d70c00ceff62163c00a28f01005324049d023c04
:10d71c0050b0468c54b0478c2520c0026993400f02
:10d72c002528a00225b04000253040003000a28ff3
:10d73c00253860002520400225284000f5b9400f0f
:10d74c0025a86000f00040043000a28f2530c002f4
:10d75c002538a002252040029db9400f2528400005
:10d76c00060040144c00a48fe8de400f5000a58f3b
:10d77c0001004230e500405025b000001800a28f97
:10d78c0025208002020042242530c0022538a00248
:10d79c002528c003d984400f1800a2af25a0600033
:10d7ac003000a2af0400401400f0637cf07f023c18
:10d7bc0050ff62101800a28f3800a28f1800a38fa0
:10d7cc00feff56244000a28ffbff42243c00a2af78
:10d7dc002b1062000c014010231013004800a2af64
:10d7ec00259860002560600025f000003800a0af8f
:10d7fc00259000003000a38f2530e0022538200250
:10d80c0025206000252880023d81400f4c00acafe4
:10d81c0025204000f0c5400f252860002520400041
:10d82c002528600025a86000e8de400f4400a2af68
:10d83c00b80040144c00ac8fb70040123800a38fd6
:10d84c000100de274400a48f2530e0022538200299
:10d85c006993400f2528a002253860003000a38f63
:10d86c002528800225304000d784400f25206000f9
:10d87c003000a2af5800a28f2520e00248b0468ca1
:10d88c004cb0478c252820026993400f25a06000de
:10d89c0025b840004800a28fffff52262588600063
:10d8ac0005004212256060023c00a28f2b10620220
:10d8bc00d1ff40143000a38f3800a28f1500401404
:10d8cc001c00a28fd100c01b2800a28fcf004018d3
:10d8dc002000a28f01004230cc0040142e00032403
:10d8ec0021101302000043a02118d30321180302b6
:10d8fc0030000424010044a001004224fdff621406
:10d90c0021407e0227481e000100132521b036015c
:10d91c001c00a28f21201302000080a004004104ef
:10d92c0025280000231002001c00a2af01000524d2
:10d93c004000a28f01001124ffff42242118020293
:10d94c00000060a0010007240a0006241c00a38f1d
:10d95c009c006054ffff4224980027122b000324e4
:10d96c002d0006240b18c50021280202ffffa3a0de
:10d97c002c00a38f500005241a00662cfeff4224b5
:10d98c00700003240b18a600212802022a10620240
:10d99c00030040100000a3a06bfe400f000000002d
:10d9ac002000a28f02000324030042301000431415
:10d9bc00ffffca2621885101feff3226d8fe401aed
:10d9cc0025200002b4fd400f252000021800a38f73
:10d9dc002a18430085006010253040021800a28fe1
:10d9ec003000052461fe400f212002022400a0af6c
:10d9fc00cbfe0010252000021c00a28f25b860026f
:10da0c00010042241c00a2af258840022530e00210
:10da1c00253820022520e002d984400f2528200239
:10da2c002530400025386000252080022528c003c1
:10da3c0025906000f5b9400f25984000eeff410499
:10da4c00049d023c38b0528c3cb0538c049d023c7b
:10da5c0044b0438c40b0428c3400a3af3000a2af32
:10da6c002530e0022538200225208002f5b9400f30
:10da7c002528c003e3fe410425304002253860020e
:10da8c002520e0026993400f252820022520400024
:10da9c0025300000253800009db9400f2528600076
:10daac000e0040143000a68f3400a78f2520e00212
:10dabc006993400f252820023000a68f3400a78fd1
:10dacc00252080022528c003258860006993400f1b
:10dadc0025b8400025a0400025f060002520e0027c
:10daec0025282002253040026993400f253860021a
:10dafc0025b840001c00a28f25886000ffff42243f
:10db0c00d7ff00101c00a2af25b000001bff0010b7
:10db1c0025a800003800a38f0a00601421201e02e3
:10db2c000800401221600c022e000324000083a187
:10db3c000100032401007326ffffd6263800a3af93
:10db4c0021201e0221181302212093000200001034
:10db5c003000052401006324feff6454000065a01e
:10db6c000a0043280200601057004424300044246b
:10db7c002c00a28f1a00422c080040102000823486
:10db8c009fff42241a00422c0500401021107e02f7
:10db9c008300410f000000002520400021107e0270
:10dbac002348de020100532421100202000044a08d
:10dbbc00ffff362523ff001025f000001c00a38f6b
:10dbcc00ffff42241a006600f401c0002148020243
:10dbdc00ffff31261018000030006324000023a141
:10dbec001218000059ff00101c00a3af21180202ec
:10dbfc00000064802118220221180302feff64a099
:10dc0c0072ff0010ffff42241800b38f2000a28f78
:10dc1c00100042303eff4010211013022e0003244e
:0cdc2c00000043a03aff00100100732626
:020000040000fa
:020000041d01dc
:10dc3800a8ffbd275400bfaf5000beaf4c00b7af20
:10dc48004800b6af4400b5af4000b4af3c00b3af36
:10dc58003800b2af3400b1af3000b0afc0f9400ff8
:10dc6800b081848f1a00401492818487ffff0224b8
:10dc780006008250908180a7f5e8400f0000000060
:10dc8800ffff0224928182a7908180a701a0033c14
:10dc9800d08c628c0500422cee004010d08c638c36
:10dca80080180300029d023cc4dc4224211043007a
:10dcb8000000428c0800400000000000f4df019dd5
:10dcc8008ce0019d14e1019d6ce2019dbce3019d86
:10dcd800ffff02240600821425300000c007052437
:10dce80019c3400f01000424e8ff0010928182a7a5
:10dcf800bff5400f00000000e4ff4050908180a76e
:10dd08005ffc400f928184878d0040102598400069
:10dd180000a0113c88783126029d1e3c029d173ccc
:10dd2800029d023cf83e42241800a2af00a0123c1b
:10dd3800029d163c029d153c029d023c1c00a2afb0
:10dd4800029d023c2000a2af029d023c2400a2af2b
:10dd5800029d023c2800a2af029d023c2c00a2af0b
:10dd6800908182978002422c08004014010006240a
:10dd780018000624029d053ca83fa524f19a400fef
:10dd88009281848772000010908180a71000a527d7
:10dd980084b2400f928184876900401090818297f5
:10dda80001005024ffff1032908190a71000b49317
:10ddb80021105100000054a00400022e81004014dc
:10ddc80004000624ec3ec52716fb400f2520200240
:10ddd8006d0040140800022e3a0040140400062486
:10dde8001800a58f16fb400f8c7844264e00401073
:10ddf8000d0002240900022e3200401405000624fa
:10de0800103fc52616fb400f8c784426460040106c
:10de18000b00022405000624043fa52616fb400f2c
:10de28008c78442654004010050006241c00a28f5c
:10de3800a03f452416fb400f8c7844263a0040103a
:10de4800110002240a00022e1e00401407000624b6
:10de58002000a28f1c3f452416fb400f8c784426d7
:10de6800310040100b000224060006242400a28f73
:10de7800283f452416fb400f8c7844261700401491
:10de88001200022e10004054ffff73260e0022924b
:10de9800001602000f002392001c03002510430007
:10dea800110023922510430010002392001a03004a
:10deb8002510430014004224ffff42301b00401489
:10dec8002b100202ffff7326ffff73321c00601243
:10ded80090818297a4ff00108002422c0f00022e2e
:10dee800f8ff40140b0006242800a28f303f452479
:10def80016fb400f8c7844260b00401010000224bb
:10df08001100022eefff40140d0006242c00a28ff2
:10df18003c3f452416fb400f8c784426eaff4054ca
:10df2800ffff7326150002242b100202e6ff40545f
:10df3800ffff73267b6b400f00000000908180a7d5
:10df4800908182978002422c8aff40101800062494
:10df580053fc400f928184874dff401001a0033c81
:10df68007cfa400f9281848748ff0010908180a737
:10df7800edff00100b000224ebff00100a00022442
:10df8800e9ff00100b0002240b00022e0d004014c4
:10df98000b000624e03ee52616fb400f2520200254
:10dfa800090040540a0002241200102ec6ff005631
:10dfb800ffff73267b6b400f00000000e0ff00109e
:10dfc800908180a70a000224bfff8256ffff7326b4
:10dfd80000a0023c88784224218002027b6b400f1b
:10dfe800ffff00a2d6ff0010908180a775d1400fd7
:10dff80000000000a481829303004010000000008c
:10e00800ac8180a7a48180a3c0f9400fb081848f20
:10e018001000401001a0023c128d4384ffff02242f
:10e028000a00621401a0023c2530000021260524c4
:10e0380019c3400f0100042401a0033c128d62a4ff
:10e04800ffff03240300431001a0023c0100032446
:10e05800d08c43ac5400bf8f5000be8f4c00b78f9c
:10e068004800b68f4400b58f4000b48f3c00b38f92
:10e078003800b28f3400b18f3000b08f0800e00351
:10e088005800bd2775d1400f00000000a48182937d
:10e098000300401001a0023cac8180a7a48180a3aa
:10e0a800adf5400f128d4484c0f9400fb081848fc4
:10e0b8000800401401a0103cd08c1126f5e8400f50
:10e0c80042002486ffff0224420022a6e1ff00103e
:10e0d800d08c00ae01a0023cbff5400f128d4484e5
:10e0e800dcff401003000524d9b6400f28808427a0
:10e0f800f264400f00000000988182af01a0023c4a
:10e1080002000324d3ff0010d08c43acc0f9400fa9
:10e11800b081848f07004014020002249c8182a3ee
:10e12800a08180af01a0023c04000324c9ff0010b5
:10e13800d08c43ac75d1400f00000000a4818293bd
:10e148001a004010ac8182970400422c150040143c
:10e1580001a0023cb883439002000224110062141b
:10e1680001a0023cb98343907f0002240d00621491
:10e1780001a0023cba8342900a00401401a0023c6c
:10e18800bb834390060002240600621401a0023cef
:10e19800ac8180a7a48180a303000324adff0010f5
:10e1a800d08c43acac8180a7a48180a3f264400fdb
:10e1b800000000009881838f231043000900033c6e
:10e1c800c02763242b1043000400401401a0023c24
:10e1d800030003249fff0010d08c43ac01a0023c35
:10e1e80053fc400f128d44840800401001000224a3
:10e1f8009c8182a301000224a08182af01a0023c7d
:10e208000400032493ff0010d08c43ac01a0023c0f
:10e21800adf5400f128d4484070040100100022420
:10e228009c8180a3a08182af01a0023c040003244a
:10e2380088ff0010d08c43ac01a0023cbff5400f12
:10e24800128d448483ff4014010002249c8180a322
:10e25800a08182af01a0023c040003247dff0010ce
:10e26800d08c43acc0f9400fb081848f07004014b4
:10e27800020002249c8182a3a08180af01a0023cfd
:10e288000400032473ff0010d08c43ac01a0023caf
:10e298005ffc400f128d44840f0040102530400071
:10e2a8000102422c0100405000020624ffffc63044
:10e2b80001a0053cb885a52401a0023c84b2400f0a
:10e2c800128d4484040040102528400001a0043c1d
:10e2d800d9b6400fb885842475d1400f00000000de
:10e2e800a48182931100401001a0023c66f9400ffe
:10e2f800128d44840b004010ac818697ffffc33019
:10e308002b1843000100605425304000ffffc63041
:10e3180001a0053cb883a52401a0023cf19a400f56
:10e32800128d4484ac8180a7a48180a301a0023c03
:10e3380053fc400f128d4484080040100100022451
:10e348009c8182a301000224a08182af01a0023c2b
:10e35800040003243fff0010d08c43ac01a0023c12
:10e36800adf5400f128d44840700401001000224cf
:10e378009c8180a3a08182af01a0023c04000324f9
:10e3880034ff0010d08c43ac01a0023cbff5400f15
:10e39800128d44842fff4014010002249c8180a325
:10e3a800a08182af01a0023c0400032429ff0010d1
:10e3b800d08c43ac9481828f05004014000000008b
:10e3c800f264400f0000000022ff0010948182af29
:10e3d800f264400f000000009481838f23104300f3
:10e3e8000900033cc02763242b10430019ff401485
:10e3f80003000524948180afd9b6400f2480842778
:10e408009c818293010003240e0043100200032420
:10e418000600431401a0103cd08c1026f5e8400fec
:10e4280042000486ffff0224420002a6ac8180a7b6
:10e43800a48180a301a0023ca081838f05ff001066
:10e44800d08c43ac01a0023c7cfa400f128d44846e
:08e45800f7ff0010ac8180a762
:020000040000fa
:020000041d01dc
:10e4600018febd27e401bfafe001b6afdc01b5afd8
:10e47000d801b4afd401b3afd001b2afcc01b1afca
:10e48000c801b0afdc80928786ef400f25204002a4
:10e490004e0040104801a5276c01a0af7c01a0af41
:10e4a0009001a0afd4c8400f252040029001b38f47
:10e4b000e880918f7a65400f25206002408002003d
:10e4c000218002028080100021800202c0801000a2
:10e4d000218030026c01a28f280002aedc8091877f
:10e4e0009c01a0a32c0006249c01a52779ad400f18
:10e4f000252020029c01a393020002242400621420
:10e50000c00006242528000079ad400f25202002f8
:10e51000c00003241e004314380106241000a52760
:10e5200079ad400f252020022588400004004228b4
:10e530001700401404000624029d053c7c91a5248c
:10e5400016fb400f1000a427110040140700312ac9
:10e550000f0020161500a393010002240c00621482
:10e560001600a293060003241100431006000524a0
:10e570000700432c06006010020003240c00431027
:10e5800002000524050003240900431004000524ab
:10e5900079080724029d063ca894c624029d053ce8
:10e5a000583ca5248501410f252000000b000524bf
:10e5b0002800078e7c01a68fbfa1400f2520600296
:10e5c000252800000ce6400f252040025201410f93
:10e5d000000000005f0040102598400025900000da
:10e5e000029d153ce896b526029d163c029d143c02
:10e5f000d0e694268ffc400f2520400252004010a8
:10e600002588400042004294400042304e004010b5
:10e61000e880908f7a65400f252020024018020084
:10e62000211862008018030021106200c01002004f
:10e6300021800202600003920100623043004050da
:10e64000010052265e000296feff4224ffff423088
:10e650000700422c1400401020006330130060506b
:10e660005e0002962000028e100040505e0002966e
:10e670008b01410f000000002000038e2310430097
:10e68000580003962b104300070040140100062495
:10e69000010005248ee5400f252020026000029233
:10e6a0004429027c600002a25e0002960e00422c09
:10e6b00053014010b90507245e0002968010020045
:10e6c000211082020000428c08004000000000007f
:10e6d00048e7019d08e7019d84e7019de8e7019d6a
:10e6e00070e8019dd0e8019d30e9019d8ce9019d14
:10e6f000bce9019dd0e9019df8e9019d84ea019df5
:10e70000ecea019d78eb019dfdfd400f25202002e4
:10e710000d004010020004245c0003960400641005
:10e7200004000224030063380a0002240b10830053
:10e730005e0002a65000048e0400805001005226a4
:10e74000e5d6400f0100052401005226a9ff7216ec
:10e750000000000057f7400fdc808487e401bf8f82
:10e76000e001b68fdc01b58fd801b48fd401b38f2f
:10e77000d001b28fcc01b18fc801b08f0800e00387
:10e78000e801bd272528000046c7400f25200002cc
:10e79000640000a2600002924408027c8410027ca3
:10e7a000600002a2300000ae03000724010006242e
:10e7b000252820024294400f25200002e2ff40104d
:10e7c000253800002530000001000524bfa1400fbe
:10e7d00025202002bdeb400f25200002030002246b
:10e7e000d9ff00105e0002a625282002a1bc400f20
:10e7f000252000020a000324130043140000000037
:10e8000073f6400f000000000400038e2310430045
:10e810000000038e2b104300cbff401401000624a0
:10e8200002000524cddf400f25200002253800001e
:10e830002530000007000524bfa1400f252020023d
:10e84000c2ff001001005226bfff40100100042447
:10e8500060000392c418837c600003a202000324ba
:10e86000b9ff431404000224b7ff00105e0002a6a3
:10e870005c000296020042380300032401000724d2
:10e880000b38620003000624252820024294400f22
:10e8900025200002adff4010010052268b01410fe0
:10e8a00000000000080002ae2538000025300000fe
:10e8b00003000524bfa1400f25202002bdeb400f1f
:10e8c0002520000205000224a0ff00105e0002a621
:10e8d00025282002a1bc400f252000020a000324a5
:10e8e0009aff43540100522673f6400f00000000c7
:10e8f0000400038e231043000000038e2b104300fe
:10e9000091ff40140100062402000524cddf400fd2
:10e9100025200002253800002530000007000524ce
:10e92000bfa1400f2520200288ff001001005226c1
:10e930003400028e1000a2af253000001000a52781
:10e9400003c7400f25202002b30040141000a52764
:10e950008d01410f000000000400038e23104300ce
:10e960005a0003962b10430077ff401425282002fd
:10e970006eb5400f252000021000a527ccd5400f12
:10e980002520200271ff0010010052268b01410f4b
:10e99000000000000400038e231043000a00422cf4
:10e9a00069ff40142530000002000524cddf400f30
:10e9b0002520000265ff00100100522625282002b4
:10e9c0006eb5400f2520000260ff001001005226a6
:10e9d0008b01410f000000000800038e231043004c
:10e9e0001000038e2b10430057ff40140a0002242e
:10e9f00055ff00105e0002a625380000090006241d
:10ea0000252820024294400f252000024fff40108d
:10ea1000010052268b01410f000000000c0002aee5
:10ea2000253800002530000009000524bfa1400f53
:10ea300025202002600002928410027c600002a265
:10ea40001400028e0800038e211043001000038e74
:10ea5000231043000c00038e2310430042180200d1
:10ea60007800422c3c0004240b1882008b01410fdb
:10ea70001c0003ae040002ae0b00022433ff0010a2
:10ea80005e0002a625282002a1bc400f252000021e
:10ea90000a0003242dff4354010052268b01410f2d
:10eaa000000000000800038e231043001400038eb2
:10eab0002b104300030040140c00022422ff00101e
:10eac0005e0002a68b01410f000000000400038ecf
:10ead000231043001c00038e2b1043001aff401428
:10eae0000a00022418ff00105e0002a6010007249d
:10eaf00009000624252820024294400f2520000208
:10eb000012ff4010010052268b01410f000000004f
:10eb10000c0002ae25380000253000000a00052454
:10eb2000bfa1400f25202002600002928410027cc9
:10eb3000600002a21800038e0800028e21186200f5
:10eb40001400028e231862000c00028e231862004b
:10eb5000421003007800632c3c0004240b10830057
:10eb60008b01410f1c0002ae040002ae0d00022416
:10eb7000f6fe00105e0002a625282002a1bc400f70
:10eb8000252000020a000324f0fe4354010052260f
:10eb90008b01410f000000000800038e231043008a
:10eba0001800038e2b1043000b004014253000008a
:10ebb00002000524cddf400f25200002253800008b
:10ebc0002530000007000524bfa1400f25202002aa
:10ebd000defe0010010052268b01410f00000000f4
:10ebe0000400038e231043001c00038e2b104300ef
:10ebf000d5fe40140c000224d3fe00105e0002a6d5
:10ec00002530a002583cc5268501410f2520000073
:10ec1000cefe001001005226ccd5400f2520200248
:10ec20000300072404000624252820024294400ff4
:10ec300025200002070002248b01410f5e0002a67e
:10ec4000040002ae25380000253000000500052430
:10ec5000bfa1400f25202002bcfe0010010052265b
:020000040000fa
:020000041d01dc
:10ec600070ffbd27a000a28f4800a4af4000a2af54
:10ec7000a400a28f5000a6af5400a7af253080009b
:10ec80002538a0003000a4274400a2af8c00bfaffd
:10ec90004c00a5af7400b3af6c00b1af8800beaf3d
:10eca0008400b7af8000b6af7c00b5af7800b4afda
:10ecb0007000b2afafdd400f6800b0af5000a68f5c
:10ecc0005400a78f2000a427afdd400f3800b38f7a
:10ecd0004000a68f4400a78f1000a427afdd400f8f
:10ece0002800b18fcb03622a03004010cb03222af5
:10ecf0000e0040141800aa8f5000a68f5400a78f52
:10ed00004800a48f6993400f4c00a58f4000a48f4a
:10ed10004400a58f25304000d984400f253860007d
:10ed20004000a2af060000104400a3afcb0342296d
:10ed300011004014cb030224f0ff42155000a68faf
:10ed40008c00bf8f4000a28f4400a38f8800be8f2d
:10ed50008400b78f8000b68f7c00b58f7800b48fa9
:10ed60007400b38f7000b28f6c00b18f6800b08fe9
:10ed70000800e0039000bd273000a28f2000a48f80
:10ed80002400a68f190044003400a78f10680000eb
:10ed900012600000190046002188330212100000a2
:10eda000101800001900e4002398510112200000ff
:10edb000102800001900e600217844002bf0e20141
:10edc000122000002110650021f0c2032180ed0116
:10edd00021f09e00102800002b380d022b10c403d8
:10ede0002138c703211045002bf0fe001000b78f1b
:10edf0001400b48f257080012590e0007700601a20
:10ee000021f0c2034000622a490040102520e002a0
:10ee100025288002253060020bfa400f6400acaf59
:10ee2000400006242520e002252880022330d3005c
:10ee30006000a2affcf9400f5800a3af5800b88f94
:10ee40006000aa8f6400ae8f25b8400025a0600046
:10ee50002c00a28f3c00b38f269862021c00a28f68
:10ee6000810053142178100321704e012b58ca01e0
:10ee700021b06f012b10d80225a8c0010600401454
:10ee800001001924030016172b50ca010300401576
:10ee90002168f20225c800002168f2022b48b70160
:10eea00021189e0221682d03214823012bc8b90196
:10eeb00021c829032520a001252820034400adaf47
:10eec00020eb400f4000b9afffff52244000062462
:10eed0002330d2002520a002fcf9400f2528c002d3
:10eee0004400ad8f4000b98f2520a00125282003c4
:10eef00025304002258040000bfa400f25a060001d
:10ef0000253040022520a0022528c00225800202cb
:10ef10000bfa400f25a08302251843002b1803008d
:10ef200040003126258003028800001025b08002b1
:10ef3000c0ff7326c0ff512525c00000c4ff60122a
:10ef4000255000004000622a3a00401040000b2487
:10ef500023b0730125208001252800022530c0023e
:10ef60006400b8af6000aaaf5c00adaf0bfa400f11
:10ef70005800acaf5800ac8f2570430025208001ad
:10ef80002528000225306002fcf9400f2ba80e0056
:10ef9000252040022528c0032530c00225806000be
:10efa0000bfa400f25a8a2022570a20225204002dc
:10efb0002528c003253060025800aeaffcf9400f91
:10efc0002580030225f060005800ae8f2590400098
:10efd000255000009eff001025c000001a002a12d4
:10efe00023a82a024000a22a1c0040104000062448
:10eff0002520e002252880022330d5000bfa400f9f
:10f000005800acaf251043002520e00225288002df
:10f010002530a002fcf9400f2b98020025c06000ab
:10f020005800ae8f2550620225b8000088ff0010fe
:10f0300025a0000001000e2425800000259000007e
:10f0400083ff001025f000002550e00225c080025b
:10f0500025b800007eff001025a0000001000a2452
:10f06000fbff001025c000002360ca012b18cc0153
:10f070002358180223b063012b28160225a880010b
:10f08000010004240600a014251000000400d0563e
:10f0900025200000030060142318570225200000db
:10f0a000231857022b28430223c8d40323c825035f
:10f0b000236864002b186d0023c8220323c8230390
:10f0c0001300210723704e012b504e0123c0100363
:10f0d0002338f20223b00a032b48e70223189e02ca
:10f0e0002568d6012120e400231869002b680d0053
:10f0f0002b3887002118620023688d002138e30037
:10f100002b208d0025a8c00123c8e4000100732e28
:10f110002510b90167ff40142510b602f6fe401015
:10f120002520a00220eb400f2528c002ffff52241b
:10f1300033004106c017160042801500258050009c
:10f140000100ac3225800c0242b0160025200002de
:10f15000050060122528c0022b101000232816007d
:10f16000232010002328a200bfa3400f23883202cf
:10f1700025b84000c4fb222a67004010259060009b
:10f18000c3fb0224730022168025100023006016a2
:10f19000049d023c68b0548c6cb0558c2530e00264
:10f1a00025384002252080029db9400f2528a00265
:10f1b0001e004014049d023c78b0468c7cb0478c05
:10f1c0002520e0026993400f252840022528600091
:10f1d000bfc6400f25204000fcd8400f252040002e
:10f1e000049d043c80b0868c84b0878c2528600008
:10f1f0006993400f25204000cafe00104000a2afd6
:10f20000253040022520a0020bfa400f2528c0021d
:10f2100025a0600044ff001025804000049d023cb2
:10f2200070b0548cddff001074b0558c4015100088
:10f2300039004010c017160042201000252044005d
:10f2400042b01600010010320040053c252090001d
:10f25000050060122528b6002b10040023280500a5
:10f260002328a20023200400bfa3400f00000000b9
:10f27000253040002538600025204000d984400f0b
:10f280002528600025204000253080022538a00276
:10f29000d784400f2528600025904000049d023c43
:10f2a00080b0468c84b0478c252040022528600021
:10f2b0006993400f258060002530400025386000ac
:10f2c000252040006993400f25286000253040022a
:10f2d00025380002252040022528000225986000dc
:10f2e000d784400f25a0400025304000253860001d
:10f2f000252080026993400f2528600225204000c8
:10f300002530400225380002d984400f25286000ae
:10f310002590600025b840008c00bf8f8800be8f0c
:10f320008000b68f7c00b58f7800b48f7400b38fe7
:10f330006800b08f253020022520e0026c00b18fdc
:10f340008400b78f252840027000b28ff1cd400baa
:10f350009000bd2780151600828210002580500085
:10f360002b2004002528c002252090000448057c9d
:10f370008285100025280502050060128022040005
:10f380002b100400232805002328a20023200400ba
:10f39000bfa3400f00000000deff001025906000ba
:020000040000fa
:020000041d01dc
:10f3a00030fdbd27cc02bfafc802beafc402b7afad
:10f3b000c002b6afbc02b5afb802b4afb402b3afcf
:10f3c000b002b2afac02b1afa802b0af25a88000c6
:10f3d000000206242800a52779ad400f240084846c
:10f3e0002800a3272000a3af1c00a3af21106200b8
:10f3f0009802a2af2400a2af1000a0af1400a0afeb
:10f400001800a0af0c0006241000a5277ed9400fdd
:10f410001c00a4276000401025a04000c69c400f9f
:10f420001000a4971000a2a7c69c400f1200a4973a
:10f430001200a2a7c69c400f1a00a4971a00a2a708
:10f44000c69c400f1600a4971600a2a7c69c400faa
:10f450001800a4971800a2a7c69c400f1400a497f8
:10f460001400a2a71200a2930300423048004014e7
:10f470002580000025b00000049d023c9402a2af4c
:10f48000029d023c8c02a2af049d023ce803422490
:10f49000a002a2af030002241000c2121a00a29719
:10f4a000020002240d00c2121800a2970a00c01226
:10f4b000010002240f00c2127b070724a002a68fbe
:10f4c0008c02a28f883c45248501410f2520000035
:10f4d00004000010000000001400a2970700405430
:10f4e0009c02a2af2a00c0120100d626170100100c
:10f4f00004000224f9ff00101600a2979002a0afaa
:10f500002802a0a31c00be272802b12725b80000ae
:10f510008602a0a3010006248602a5277ed9400ffb
:10f520002520c0031a0040108602b293dc0040126e
:10f53000c0004232c000032424004314010006240a
:10f540007c02a0a37c02a5277ed9400f2520c00302
:10f550000f00401000321200003fc6307c02a29320
:10f560002130c2002800a2277002a2af6c02a2af15
:10f570009802a28f7402a2afffffc63025280000b8
:10f580007ed9400f6c02a427e1ff40146c02be2715
:10f590000100943aff00943225108002cc02bf8f04
:10f5a000c802be8fc402b78fc002b68fbc02b58f2f
:10f5b000b802b48fb402b38fb002b28fac02b18f75
:10f5c000a802b08f0800e003d002bd27330020124c
:10f5d0008802b2af6802b327239871022a10720220
:10f5e0002b00401023105302190060128802a2afb2
:10f5f00027201300cf0807249402a28f4804462432
:10f600008c02a28f883c45248501410fc22704004b
:10f6100025306002252820027ed9400f2520c00316
:10f62000dbff4010218833026802a2272b10220240
:10f63000040040102e000224000022a20100f72640
:10f64000010031268802a28f0f00401021105300c4
:10f65000de0807249402a28f480446248c02a28f5d
:10f66000883c45248501410f010004248802a68faf
:10f67000252800007ed9400f2520c003c4ff40107c
:10f680008802a28f21105300a1ff001021b8e202ce
:10f6900025984002d6ff00108802a0afecff0010b2
:10f6a00025980000870000102802b1277c02a0af37
:10f6b0008002a0af8402a0a70a0006247c02a5272e
:10f6c0007ed9400f1c00a427b2ff40500100943a9d
:10f6d000c69c400f7e02a497259840007e02a2a7f8
:10f6e000c69c400f8402a497259040008402a2a7e4
:10f6f000c39c400f8002a48f258840008002a2afe7
:10f70000c69c400f7c02a497390000167c02a2a779
:10f7100025304002252800007ed9400f1c00a42778
:10f720009bff40109002a28f820000100100422433
:10f73000f7ff431410000224f6ff42162530400262
:10f740002a00029202004230f3ff401025280000f8
:10f75000270002922200a3962b104300ecff4010da
:10f76000100006246c02a0af7002a0af7402a0af1c
:10f770007802a0af6c02a5277ed9400f1c00a427f9
:10f7800083ff40106c02a68f270003921400028ea4
:10f7900000190300211043007002a58f7402a48f8a
:10f7a0007802a38f030046a8000046b8070045a8ca
:10f7b000040045b80b0044a8080044b80f0043a853
:10f7c0000c0043b81800028e2b182202040060546b
:10f7d000180011ae0300405427000292180011ae29
:10f7e000270002920100422450000010270002a2cc
:10f7f00001000324c7ff631625304002ccff4314e9
:10f800001c00032404000224c3ff42162528000024
:10f81000260002922000a3962b104300bcff40104c
:10f82000040006246c02a0af6c02a5277ed9400f0d
:10f830001c00a42757ff40500100943a2600039271
:10f840001000028e80180300211043006c02a38f69
:10f85000000043ac1800028e2b18220204006054f2
:10f86000180011ae0300405426000292180011ae99
:10f8700026000292010042242c000010260002a261
:10f8800023000012000000000000029680004230b9
:10f8900040ff40540100943a1d0000100000000099
:10f8a000090020122802a2277eff22122e00022425
:10f8b000ffff238204006254000020a2ffff3126d4
:10f8c000fffff726000020a231ffe01a1000b197d9
:10f8d0002802a527becf400f0000a48ee8ff4010ed
:10f8e0000000000024004394e5ff711400000000b4
:10f8f000000043948000633026ff60540100943a76
:10f90000030000522580400021ff021625804000a0
:10f9100066ffc01604000624252800007ed9400f8b
:10f920001c00a4271bff40500100943a9002a28fb4
:10f93000010042249002a2af9c02a38ff1fe625408
:10f940002802a0a30100d62604000224d2fec2167b
:10f95000030002240eff00120100033c2400028e6b
:10f960002b1043000bff40540100943a0000029614
:10f970000442027c80004234000002a6260002926b
:10f980002b1002002a0002a227000392020060103e
:10f99000020042342a0002a21800028e0200401423
:10f9a000b0040224180002ae1c00a28e080002aeb1
:10f9b0000c0002ae2600a496ffff84242026047cbf
:10f9c0002600a4a6272004004b010724029d063c24
:10f9d0008894c624029d053c883ca5248501410fde
:0cf9e000c2270400eafe001025a0000071
:020000040000fa
:020000041d01dc
:10f9ec0018ffbd27dc00b5afd800b4afd400b3af5f
:10f9fc00d000b2afe400bfafe000b6afcc00b1af07
:10fa0c00c800b0af259880002590c000b800a5af05
:10fa1c0025a00000029d153cb800a58f0000a28017
:10fa2c00c9004010ffff02249c00a2af1800a227bf
:10fa3c00a400a2af800002249800a0afa000a0af49
:10fa4c00a800a2af25800000250003242188b00067
:10fa5c00000022820300401000000000fbff435412
:10fa6c0001001026040000122530000271ee400f38
:10fa7c0025206002b800b1afb800a58f2500022484
:10fa8c000000a380a90062140100b624b800b6af30
:10fa9c000200a52425180000300007242d0008249e
:10faac002b0009242c000a2420000b2423000624fc
:10fabc00ffffa2802a0047509800a38f31004c28ea
:10facc003d018011ffffa424200048509800a38f13
:10fadc002e004c28380180110000000022004950f3
:10faec009800a38f34014a100000000020004b50f6
:10fafc009800a38f200046509800a38f01006054fb
:10fb0c00b800a4af2a0003241d0043500000428e0d
:10fb1c00a7e6400f00000000b800a38fa000a2af22
:10fb2c00252800002520600000008280d0ff4224a0
:10fb3c000a00422c5f004014010063241c00a054f6
:10fb4c00b800a4af1b0000109800a28f0100633412
:10fb5c009800a3af0100a524d5ff001001000324d9
:10fb6c00fbff001002006334f9ff00100400633443
:10fb7c00f7ff001008006334f5ff00101000633429
:10fb8c0001008424040043240000428c000043ae96
:10fb9c00b800a4af9800a38f05004104a000a2af49
:10fbac0001006338231002009800a3afa000a2af9d
:10fbbc009800a28f01004330020060104408027cc0
:10fbcc009800a2afb800a28f2e000324000044803e
:10fbdc000d008314010051249c00a0af010044804f
:10fbec002a00032435008314b800b1af020042246c
:10fbfc00b800a2af0000428e040043240000428ce7
:10fc0c00000043ae9c00a2af9df1400fb800a427aa
:10fc1c00b800b18fc000a2af7c00410f000024825d
:10fc2c0025000324cf004310c000a58f9fff422462
:10fc3c001800432cd6006010029d033c801002007b
:10fc4c0060fc6324211062000000428c080040001c
:10fc5c000000000008fd019d9cff019d08ff019d17
:10fc6c0080fd019dd4fe019dd4fe019dd4fe019d1d
:10fc7c009cff019d80fd019d9cff019d9cff019db2
:10fc8c009cff019d9cff019db8fe019de8fd019d1f
:10fc9c0054fe019d9cff019d9cff019d48ff019d11
:10fcac009cff019db4fd019d9cff019d9cff019d4e
:10fcbc001cfe019d9bff001001000524a7e6400fd0
:10fccc00252020029c00a2af252000002518200230
:10fcdc0000006280d0ff42240a00422c0500401430
:10fcec0001003126c8ff8054b800a3afc6ff001036
:10fcfc0000000000f5ff0010010004242530400234
:10fd0c0087f1400fb000a4276c00401001002226a0
:10fd1c0000002782b000a6279800a52725206002a6
:10fd2c000375400fb800a2af21800202218090021f
:10fd3c002aa014029e00801200a0023c4f00032453
:10fd4c00847043acffff1424e400bf8f25108002a5
:10fd5c00e000b68fdc00b58fd800b48fd400b38f21
:10fd6c00d000b28fcc00b18fc800b08f0800e00378
:10fd7c00e800bd27253840020100062401b1400fe0
:10fd8c00b000a4274d004010b000a627010031267a
:10fd9c009800a52725206002f9ba400fb800b1af32
:10fdac00e2ff0010218002022538400225300000bd
:10fdbc0001b1400fb000a42740004010b000a627ae
:10fdcc00010031269800a5272520600288d6400f17
:10fddc00b800b1afd5ff00102180020225384002d7
:10fdec002530000001b1400fb000a42733004010b3
:10fdfc00b000a627010031269800a5272520600217
:10fe0c00c4cc400fb800b1afc8ff00102180020273
:10fe1c00253840022530000001b1400fb000a42766
:10fe2c00260040100100222600002782b800a2af55
:10fe3c00b000a6279800a52740a2400f25206002fd
:10fe4c00baff001021800202253840022530000044
:10fe5c00f000052401b1400fb000a427170040109a
:10fe6c00b000a28fb400a38f0100312625104300ef
:10fe7c000c004014b800b1afb4fd400fc43fa42631
:10fe8c009800a38fa000a78f1000a3af25304000cf
:10fe9c00c43fa526d8ca400f25206002a3ff00103e
:10feac0021800202e2ff001078000724253840026e
:10febc002130900264c3400fb000a427010031260a
:10fecc009aff0010b800b1af2530400287f1400f07
:10fedc00b000a427f9ff4010010022260000278261
:10feec00b000a6279800a52725206002e472400fd9
:10fefc00b800a2af8dff0010218002028000022406
:10ff0c00eeffa214010007240000428e01003126ee
:10ff1c00040043240000428cb800b1af000043ae93
:10ff2c00b000a2a3b000a6279800a527f6db400fcf
:10ff3c00252060027dff0010218002028000022437
:10ff4c00deffa214253800000000428e010031268d
:10ff5c0004004324000043ae0000468cf2ff001066
:10ff6c00b800b1af80000224d4ffa2149800a28f75
:10ff7c0001003126a000a78fb800b1af1000a2afce
:10ff8c00029d053c01000624c2ff0010cc3fa524b5
:10ff9c00ffff0224b800b6af9800a0afa000a0af3e
:10ffac009c00a2af1000a0aff5ff00102538000098
:10ffbc0099fe001025a00002d5fe6054b800a4af35
:08ffcc00d3fe0010000000004c
:020000040000fa
:020000041d01dc
:10ffd4002c0000a02800000000000000b40100a0d4
:10ffe40020010000010000009cc0039d00000000ef
:10fff40000000000000000000000000000000000fd
:020000041d02db
:1000040000000000000000000000000000000000ec
:1000140000000000000000000000000000000000dc
:1000240000000000000000000000000000000000cc
:1000340000000000000000000000000000000000bc
:1000440000000000000000000000000000000000ac
:10005400000000000000000000000000000000009c
:10006400000000000000000000000000000000008c
:10007400000000000000000000000000000000007c
:10008400000000000000000000000000000000006c
:10009400000000000000000000000000000000005c
:1000a400000000000000000000000000000000004c
:1000b400000000000000000000000000000000003c
:1000c400000000000000000000000000000000002c
:1000d400000000000000000000000000000000001c
:1000e400000000000000000000000000000000000c
:1000f40000000000000000000000000000000000fc
:100104000000000000000000540000a004000000f3
:10011400000000000c8b00a0700000000000000034
:10012400580000a00800000000000000600000a0cb
:100134000400000000000000d48900a0a800000012
:1001440000000000640000a0360000000000000071
:100154009c0000a01000000000000000100000a09f
:100164000600000001000000ffffffffffff00008a
:10017400408c00a04c00000000000000ac0000a077
:100184000c00000000000000fc8d00a01400000022
:1001940000000000b80000a00c00000000000000f7
:1001a400c08e00a00c00000000000000108e00a013
:1001b4001400000000000000c40000a00a000000b9
:1001c40000000000248e00a01400000000000000c5
:1001d400d00000a00e00000000000000e00000a01d
:1001e4001400000000000000588d00a0280000004a
:1001f40000000000d40200a028000000010000005c
:10020400bb010300d10101004b02010033020300d2
:100214007c020300dd030300de030300e0030300ac
:10022400e1030100b3220100f40000a00200000079
:1002340000000000f80000a008000000000000001a
:10024400388e00a01400000000000000000100a08f
:1002540008000000000000007c8a00a0900000005c
:1002640000000000087b00a07002000000000000f5
:10027400080100a01000000000000000180000a009
:100284000400000001000000ffffffffcc8d00a070
:100294003000000000000000180100a01c00000055
:1002a40000000000b88700a0680100000000000002
:1002b400787d00a04002000000000000340100a08e
:1002c4000800000000000000808d00a0280000004d
:1002d40000000000b87f00a000040000000000003f
:1002e4008c8c00a044000000000000001c0000a052
:1002f400020000000100000001000000208900a0ad
:10030400b400000000000000188d00a040000000b0
:10031400000000003c0100a00800000000000000f4
:10032400fc0200a024000000010000000100000005
:1003340001000000000000001c76039d64b9039dc9
:1003440052990000f4010000d007000001000000f1
:10035400b08e00a01000000000000000440100a0c6
:100364000c00000000000000240300a0606d0000e9
:1003740000000000887000a00008000000000000d9
:10038400500100a00400000000000000200000a0b4
:10039400040000000100000001000000540100a05e
:1003a4002c000000000000004c8e00a0140000008f
:1003b40000000000800100a0040000000000000014
:1003c400608e00a02800000000000000840100a04e
:1003d4000800000000000000888e00a02800000033
:1003e400000000007c8b00a06400000000000000fe
:1003f4008c0100a00400000000000000e08b00a0bd
:100404006000000000000000d08c00a04400000048
:1004140000000000900100a00200000000000000a5
:10042400887800a08002000000000000920100a073
:100434000b00000000000000a00100a00400000068
:1004440000000000240000a00300000001000000e0
:10045400027f0200280000a0030000000100000049
:10046400027f0000a40100a00100000000000000c1
:10047400a80100a00600000000000000b88300a04e
:100484000002000000000000b00100a00400000011
:1004940000000000b88500a0000200000000000079
:1004a400847000a00400000000000000148d00a06f
:1004b4000400000000000000200300a0040000006d
:1004c4000100000001000000cc8e00a00400000028
:1004d40000000000a88d00a024000000000000001f
:1004e4000000000066666666666666666666666640
:020000040000fa
:020000041d02db
:1004f4004050050042550a00c04a0500427d0400f0
:1005040025482f01c042040000800e3c25482e01de
:1005140040680700426d0d00c0620700427d06007e
:1005240025608f01c05a060025608e012628a70089
:100534002428ae00ffff4f25fe07e12dd600201032
:1005440000000000ffffaf25fe07e12d030120108e
:100554000000000023504d01ff034a2542400800db
:10056400c07f090025400f0142480900023c0c00ed
:10057400f401e0001b002701127000001048000085
:10058400ffff86311900ce0012200000004c090044
:10059400027c080025482f012b78240123482401dc
:1005a4000600e01100000000ffffce2521482c01c9
:1005b4002b082c01fcff201000000000f401e000d7
:1005c4001b00270112380000104800001900c70062
:1005d40012200000004c0900ffff0f3125482f01b5
:1005e4002b782401234824010600e01100000000b8
:1005f400ffffe72421482c012b082c01fcff2010cd
:100604000000000000740e002170c7011900cb0126
:100614001238000010200000000008242b78070185
:10062400234007012b102f0123482f012b7824018d
:100634002578e201234824010b00e01100000000aa
:10064400ffffce2521400b012b780b0121482c0103
:1006540021482f0102002c11000000002b782c01ee
:10066400f7ffe0110000000007002c150000000057
:1006740025200b002548080000000d2425380d0016
:100684002c00001000000000023c0c00f401e0000b
:100694001b0027011268000010480000ffff86318c
:1006a4001900cd0012200000004c0900027c080053
:1006b40025482f012b782401234824010600e0114a
:1006c40000000000ffffad2521482c012b082c0160
:1006d400fcff201000000000f401e0001b002701d3
:1006e40012380000104800001900c7001220000052
:1006f400004c0900ffff0f3125482f012b782401fe
:10070400234824010600e01100000000ffffe72455
:1007140021482c012b082c01fcff201000000000b4
:10072400006c0d002168a7011900ab01123800000c
:1007340010200000000008242b7807012340070143
:100744002b102f0123482f012b7824012578e20157
:10075400234824010b00e01100000000ffffad2539
:1007640021400b012b780b0121482c0121482f013a
:1007740002002c11000000002b782c01f7ffe0117f
:10078400000000000600c005000000002a78a00157
:100794002168ad012170ce012170cf01ffff4a25f0
:1007a400257828010200e011000000000100ad35a9
:1007b40025480e0025400d00ffff4f25fe07e12dc3
:1007c40015002010000000000004082500040f2d6f
:1007d40021482f012b782f0121504f01c27a0800a4
:1007e4000100ef3123400f01c2220800407d0900bf
:1007f40025208f0040780900027b0f002528af00d8
:10080400007d0a002528af002510040025180500e6
:100814000800e003000000004b00401d0000000041
:1008240001000e242370ca012000c12d09002014e8
:1008340000000000e0ffce212b2008002540240109
:100844000f0009100000000000000934f6ff00103a
:10085400000000000a00c0110000000022300e0059
:100864000420c8000430c9000640c8010648c90174
:100874002540c80002008010000000000200083576
:100884000004082500040f2d21482f01c257090038
:10089400d2ff0010000000002a7800012140080166
:1008a4002148290121482f011900401500000000aa
:1008b400257828011600e011000000000900201529
:1008c40000000000040000150000000000000a24dd
:1008d4001cff00100000000025480001000008244f
:1008e400e0ff4a2520702e7116ffc01100000000a1
:1008f40023504e0122300e000630c8000440c801c7
:100904000448c901254826010eff0010000000001c
:1009140005004d150000000040780c002578eb011f
:100924002f00e01100000000ff0701240b00a111bb
:1009340000000000b4ff40110000000025782801e9
:100944002700e01500000000f07f013c2528a100ed
:1009540000000424acff0010000000002a786001ad
:1009640021586b0121608c0121608f011900a015b1
:100974000000000025788b01f3ffe0110000000067
:10098400090080150000000004006015000000004c
:1009940000000d24effe001000000000256060013f
:1009a40000000b24e0ffad2520708e71e9fec0111c
:1009b400000000002368ae0122300e000630cb0098
:1009c4000458cb010460cc0125608601e1fe0010cf
:1009d4000000000025788b010200e01100000000f7
:1009e400f8ff053c0000042487ff0010000000000d
:0409f40000000000ff
:020000040000fa
:020000041d02db
:1009f800c0ffbd273c00bfaf3800beaf3400b7af63
:100a08003000b6af2c00b5af2800b4af2400b3afa8
:100a18002000b2af1c00b1af1800b0af2598a000fd
:100a28003000e530300003245100a31025100000e9
:100a38002590c0003bfd400f2588e0002580400040
:100a48004b0000122510000025a840020001522e7c
:100a58000100405600011524ffffb5320400028e44
:100a68000000038e23104300ffff4224ffff4230a3
:100a78001800038e1400048e23186400100024321a
:100a88004f008014ffff723025a060020001732e12
:100a98000100605600011424200024324a0080140a
:100aa800ffff9432ffff6330211862002120950276
:100ab8002a1883000e0060102318440221184300ee
:100ac80003002532090004240620a4000100843014
:100ad80033008010ffff63300100632442180300d5
:100ae80021a07400ffff943221187500ffff7530b4
:100af8002b18a20236006054231055002310a202be
:100b0800ffff42302000422c330040148080848f45
:100b18000400828c09f840000100a52625b0400099
:100b28001300c012251000002b1092022c00405414
:100b38002390540223909202ffff52322000522e3b
:100b4800290040168080848f0400828c09f84000b8
:100b5800010085262500401425b840008080848f38
:100b68000c00828c09f840002528c00225100000de
:100b78003c00bf8f3800be8f3400b78f3000b68f6f
:100b88002c00b58f2800b48f2400b38f2000b28fbb
:100b98001c00b18f1800b08f0800e0034000bd278b
:100ba800020004240400a4542118740021187500bc
:100bb800cfff0010ffff7530cdff0010ffff74302e
:100bc800cbff001025a04002ccff001025a8400054
:100bd800ccff0010ffff4230d3ff001025b000000b
:100be800d6ff0010ffff523225b80000a100c01246
:100bf80008002232a60040501000a0af0800128e54
:100c08000c00058e2b1045024c0040102b10b20032
:100c180004001e8e23f0c503ffffde330000138e91
:100c280023905302ffff52322110d2039f0040103d
:100c38002a10a202860040148080848f0300c0130b
:100c48002530c003a9fd400f2520c0020400401232
:100c58002530400225286002a9fd400f2120de0230
:100c68001000028e0c00038e23204300ffff843007
:100c78002b104300070040101000a4af0400028ea0
:100c88000000038e2310430021108200ffff423032
:100c98001000a2af3100e01625980000258800005a
:100ca8008080848f0c00828c09f840000000058e3b
:100cb800000016ae0100b52621a8d502040015ae25
:100cc8000c0016ae2190d2032190d202080012ae79
:100cd8001000a28f21b0c202100016aefff2400f22
:100ce800252000020b00e0128080848f0c00828c8b
:100cf80009f840001400058e140017ae21a0f40274
:100d0800180014ae200017ae219871022198f30242
:100d18001c0013ae700004920300032494ff831494
:100d2800010002240100062410000524466e400f2d
:100d3800252000028eff00100100022457004010f9
:100d48002598a00023904502ffff5232b6ff0010fd
:100d580025f000001000a0af25f00000040031329b
:100d680036002012ffff02245800038e0c00621088
:100d78001c00118e64000296211043002188220273
:100d88001800028e2b185100060060502000058eb6
:100d98001400038e2310430027100200218822022a
:100da8002000058e2b10b100180040102598000077
:100db80023882502ffff31321400a5af21107102ec
:100dc8000c0040102a108202210040148080848f79
:100dd8000300601225306002a9fd400f2520e002c3
:100de80004002012253020021400a58fa9fd400f11
:100df8002120f302abffc0568080848f5cffe01295
:100e080001000224b9ff00108080848f2b10250276
:100e18000d004050258800001800138e010073262d
:100e280023986502ffff73321400028e1400a2afec
:100e380023882202e1ff0010ffff313225880000dd
:100e4800ecff001025980000eaff0010259800002c
:100e58000c00828c09f840002528e0028080848fed
:100e68000c00828c09f840002528c00240ff0010c1
:100e780025100000b7ffe016259000001000a0af75
:100e880025f0000025880000daff001025980000f2
:100e9800259000007fff001025f000001000a0af93
:100ea800259000007bff001025f0000079ff00105e
:040eb8001000a0afd7
:020000040000fa
:020000041d02db
:100ebc00a0ffbd275c00bfaf5800b3af5400b2af6a
:100ecc005000b1af4c00b0afa300023c0004422470
:100edc002000a2af2400a0a72800a0af2c00a0a740
:100eec004010022408008214ffff112400a0023cd1
:100efc00c8014290010043300b00601002004230e8
:100f0c0000a0113cb4013126251020025c00bf8fdb
:100f1c005800b38f5400b28f5000b18f4c00b08f7b
:100f2c000800e0036000bd27f7ff4014ffff112409
:100f3c000400b08c0c00028ef4ff4010251020022f
:100f4c000800b28cf2ff40125c00bf8f1800428e7a
:100f5c00efff4010251020021c00428eeaff4010cb
:100f6c001c0106242528000000a0043c61fe400f53
:100f7c00b801842400a0023cb4014224ffff0324e6
:100f8c000c0043ac080043ac3c000324940043ac7d
:100f9c000c00038e540043ac0400038e580043ac89
:100fac000800038e5c0043ac340003961a0043a483
:100fbc00360003961c0043a41000038e600043ac63
:100fcc001400038e640043ac1800038e680043ac1d
:100fdc002800038e6c0043ac2c00038e700043acd5
:100fec001c00038e740043ac3a000496010085305b
:100ffc00ffff0324fcff02240b18450000a0023c59
:10100c00b4014224200043ac180044a40000438ed9
:10101c0004004a8e0800498e0c00488e1000478e42
:10102c001400468e1800458e1c00448e240043ace0
:10103c0028004aac2c0049ac300048ac340047ac1a
:10104c00380046ac3c0045acffff63300400632c19
:10105c0004006010400044ac00a0023c04000324d7
:10106c00d80143a400a0023cda0142948000442c35
:10107c0003008014800003240f004224f0ff43304f
:10108c0000a0113cb4013126260023a688bf123cd7
:10109c0000905236440032ae03f1400f3c00042461
:1010ac0017cb400f2520200225fe400f9400248ee4
:1010bc0000060524f665400f252040023c00328ec8
:1010cc000000428e4000258e09f8400025200000cb
:1010dc00ffff03249900431000a0033cbc0162ac49
:1010ec001400428e0300052409f84000252000005e
:1010fc0025204000ffff02249000821000a0063c37
:10110c000c0024ae4000238e080065943000a5af7f
:10111c003400228e3400a2af0c00628c3800a2afd7
:10112c000f0002243c00a2af1400628c4000a2af5e
:10113c002c00428e2c02c62409f840003000a52752
:10114c00ffc0053488bf043c9a00410f00908434e2
:10115c00049d023cacfb422425280000251800000d
:10116c00010007240800062404206700570084307f
:10117c0003008010010063240000448c2528a40087
:10118c00f9ff66140400422488bf113c9e00410ff5
:10119c000090243630000524a200410f0090243624
:1011ac00020005246101410f00902436252800001f
:1011bc006301410f00902436a600410f00902436a5
:1011cc00aa00410f00902436ae00410f0090243647
:1011dc003f00028a3c00029a1800a2af4000029223
:1011ec001c00a2a3410002921d00a2a3060006242b
:1011fc002000a52716fb400f1800a427090040105b
:10120c00060006242800a52716fb400f1800a4276b
:10121c00040040101800a52788bf043c3efb400f7b
:10122c000090843400a0113cb40131261000b1af01
:10123c00049d073c8cf3e724020006242400259629
:10124c0064c5400f25202002240023963b00431444
:10125c00049d073c00a0113cb40131261000b1af35
:10126c008cf3e724010006242800259664c5400f62
:10127c0025202002280023963000431400a0023cb5
:10128c00de015194070020120300062425282002b9
:10129c0000a0043c42b3400fb40184242800225621
:1012ac0000a0043c00a0023ce00152940800401253
:1012bc000100262e403006002528400200a0043ce8
:1012cc0042b3400fb40184241d00425600a0043cdc
:1012dc0000a0113cb40131262c80828f10002252c8
:1012ec0000a0023c2000138e140040142400128e27
:1012fc0003f1400f9400248e25fe400f9400248ea1
:10130c00980020ae9c0020aea00020aea40020ae21
:10131c00a80033aeac0032ae2c8091af00a0023ce2
:10132c00b401422414004490010003240400647ca2
:10133c00140044a0f4fe0010100043ac00a0043cc8
:10134c00ccc7400fb4018424effe0010ffff112422
:020000040000fa
:020000041d02db
:10135c000080013c2638e10040580500425d0b003e
:10136c00c0520500427d040025504f01c04a0400c4
:10137c000080083c255048014070070042750e0063
:10138c00c06a0700427d06002568af01c0620600f6
:10139c002568a801ffff6f25fe07e12d970020109f
:1013ac0000000000ffffcf25fe07e12dc900201033
:1013bc00000000000080013c2428a10023406e01a5
:1013cc00330000110000000019000019000000009b
:1013dc002000012d0900201400000000e0ff08216e
:1013ec002b300c002560a60129000d100000000018
:1013fc0000000d34f6ff0010000000002400001166
:10140c00000000002220080004308c0004208d0015
:10141c0006600c0106680d0125608c001c00c010d4
:10142c000000000002008c351900001000000000c4
:10143c0025580e00234008002000012d090020141f
:10144c0000000000e0ff08212b3009002548460170
:10145c000f000a100000000000000a34f6ff001014
:10146c00000000000a00001100000000222008000b
:10147c000430890004208a000648090106500a013c
:10148c00254889000200c010000000000200293528
:10149c002678a7001d00e0050000000021482c0163
:1014ac002b782c0121504d0121504f0102004d1180
:1014bc00000000002b784d013a00e0110000000004
:1014cc0001002f310200e01100000000020029355c
:1014dc0042480900c07f0a0025482f0142500a00eb
:1014ec000080013c2550410101006b25ff070124c0
:1014fc002c00611500000000f07f013c2528a100a4
:10150c000000042439000010000000002b782c018e
:10151c0023482c012b104f0123504f012b784d01e8
:10152c002578e20123504d010700e0110000000076
:10153c000080013c2628a1002b78090023480900d3
:10154c0023500a0023504f010900401500000000f1
:10155c00040020150000000000000b240d000010fa
:10156c00000000002550200100000924e0ff6b253d
:10157c00204048710700001100000000235868014a
:10158c0022200800062089000448090104500a01a1
:10159c0025504401257849010200e01500000000a7
:1015ac0000000524700060190000000000042925cb
:1015bc0000042f2d21504f012b784f0121586f0122
:1015cc00c27a09000100ef3123482f01c222090021
:1015dc00407d0a0025208f0040780a00027b0f0016
:1015ec002528af00007d0b002528af002510040036
:1015fc00251805000800e003000000002a782001ef
:10160c002148290121504a0121504f012600601523
:10161c0000000000257849011600e01100000000d0
:10162c000900401500000000040020150000000017
:10163c0000000b245bff001000000000255020016f
:10164c0000000924e0ff6b252040487155ff001174
:10165c0000000000235868012220080006208900a1
:10166c000448090104500a01255044014dff0010a3
:10167c0000000000ff0701241600c111000000004b
:10168c002140e700257806010300e015000000006a
:10169c00d6ffe00400000000251006002518070006
:1016ac00d4ff001000000000257849012a00e01545
:1016bc0000000000ff070124ccffc1150000000052
:1016cc002678a7002400e00500000000f2ff0010bf
:1016dc00000000002a78800121608c012168ad0196
:1016ec002168af011900c015000000002578ac017d
:1016fc00beffe011000000000900a0150000000072
:10170c00040080150000000000000e2429ff0010ca
:10171c00000000002568800100000c24e0ffce25ad
:10172c002040a87123ff0011000000002370c801a5
:10173c002220080006208c0004600c0104680d01b6
:10174c002568a4011bff0010000000002578ac01e7
:10175c00d1ffe01100000000f8ff053c000004245c
:10176c00a2ff0010000000000100082423400b0120
:10177c002000012d0900201400000000e0ff0821ca
:10178c002b300900254846010f000a10000000000c
:10179c0000000a34f6ff0010000000000a000011df
:1017ac0000000000222008000430890004208a0078
:1017bc000648090106500a01254889000200c0109c
:1017cc00000000000200293500000b2477ff0010f8
:0817dc00000000000000000005
:020000040000fa
:020000041d02db
:1017e400a0ffbd275c00bfaf5800beaf5400b7af29
:1017f4005000b6af4c00b5af4800b4af4400b3af2f
:101804004000b2af3c00b1af3800b0af2590a000ab
:10181400240095840000a294c439027c0000a2a490
:101824002900b1901c00b48c0400858c8300a010a6
:10183400258080000100072498bd400f2530400218
:10184400be004010f9ff0324290042920400511401
:10185400010013241c00538e269893022b98130026
:10186400010080521c00548e1800038e01000224d3
:101874000b0062140000000009006012040031260d
:1018840080881100218891020000228e04004010fb
:101894001c00a2af1c00a527ccd5400f2520800238
:1018a40087e3400f2520a002a4004010f6ff032484
:1018b400253000002528000061e1400f2520a0020a
:1018c40011f8400f2520a002258840009b004010fd
:1018d400f6ff032413006012010002241800038e93
:1018e400a3006214253000001c00478e0400e72486
:1018f40001000524abae400f2520a0028f0040104c
:10190400f6ff03241c00468e1000c62429004292d0
:10191400801002002130c20001000524eee1400fd6
:101924002520a00235000524e3f5400f2520a00260
:10193400dafe400f0c003026ffff4430c69c400ff7
:10194400240044a61000a2a7c69c400f0001042452
:101954001200a2a7c69c400f010004241400a2a7f1
:101964001a00a0a71800a0a71600a0a71000a48f13
:101974001400a38f1800a28f030024aa000024ba25
:10198400070023aa040023ba0b0022aa080022bae3
:101994002000578e2598e002049d023c58044224fe
:1019a4003000a2af029d023c3400a2af01007326b6
:1019b400ffff76827700c012d4ffd626ff00d6320e
:1019c4001300c22ef9ff40100400023c0d00422413
:1019d4000610c20201004230f4ff401058080724e8
:1019e40023a07702ffff94263000a68f3400a28f35
:1019f400883c45248501410f0001842e01001e26e8
:101a0400000014a2ff009432253080022528e00251
:101a1400a9fd400f2520c0030400023c0900422414
:101a24000610c202010042306b0040142180d4032e
:101a340001009426ddff001021b8f4021c00a0afc1
:101a44002000a0af2400a0af2800a0af040007240a
:101a54001c00a62713d7400f0800858c0400072418
:101a64001c00a6271c00458e13d7400f252000021a
:101a74008901410f00000000040007241c00a62770
:101a84002528400013d7400f252000025201410fa2
:101a9400000000000e00401025b040002598000012
:101aa4008ffc400f25206002040007241c00a62799
:101ab4002528400013d7400f252000020500405080
:101ac4001c00b62701007326f5ffd31600000000a2
:101ad4001c00b6272c00a3272510c00225b800003f
:101ae4000000448c010080540100f72604004224c5
:101af400fcff43540000448c259800000000c58e70
:101b04000800a010ffffe7262638f3000100e72ca9
:101b14002530400298bd400f252000024bff405461
:101b2400290042920100732604000224f3ff621686
:101b34000400d6261c0040aef9ff032425106000e3
:101b44005c00bf8f5800be8f5400b78f5000b68f13
:101b54004c00b58f4800b48f4400b38f4000b28f5f
:101b64003c00b18f3800b08f0800e0036000bd274f
:101b7400be050724029d063c6897c624029d053cc9
:101b8400883ca5248501410f25200000ebff0010af
:101b9400f5ff032423987702ffff732658080724d0
:101ba400049d063c5804c624029d053c883ca5249b
:101bb4008501410f0001642e01001426000013a2c8
:101bc400ff007332253060022528e002a9fd400f92
:101bd4002520800221809302000000a2010000a2bf
:101be40028004292020002a2030000a20100022483
:101bf400040002a2050010262380110227201000f1
:101c0400eb050724029d063c6897c624029d053c0b
:101c1400883ca5248501410fc2270400ffff103230
:101c2400253000002528000261e1400f2520a00294
:101c3400eb95400f2520a002268002020100032418
:0c1c4400f6ff0224bdff00100b1850003a
:020000040000fa
:020000041d02db
:101c500000681a407cffbd2700601b402c00b6af17
:101c60002800b5af8000bbaf82d21a00847a5b7fb8
:101c700044201b7c20a81d0000a01a3c20005a27ed
:101c80000000568f0400c01600000000049d1d3c9b
:101c90002cb0bd270000bd8f0100d626000056af36
:101ca0000070164000609b407800bfae7400beae6e
:101cb0007000b9ae6c00b8ae6800afae6400aeaef6
:101cc0006000adae5c00acae5800abae5400aaae46
:101cd0005000a9ae4c00a8ae4800a7ae4400a6ae86
:101ce0004000a5ae3c00a4ae3800a3ae3400a2aec6
:101cf0007c00b6ae1000a1ae10b000000c00b6ae75
:101d000012b000000800b6ae00a0163c2000d62697
:101d10000000d68effffd6260400c016000000008b
:101d200000a0163c5001d6260000d5ae70f2400f40
:101d30000000000000a0163c2000d6260000d68e31
:101d4000ffffd6260400c0160000000000a0163ccd
:101d50005001d6260000d58e0800b68e1300c002b2
:101d60000c00b68e1100c0021000a18e2c00b68ea1
:101d70003400a28e3800a38e3c00a48e4000a58eb5
:101d80004400a68e4800a78e4c00a88e5000a98e55
:101d90005400aa8e5800ab8e5c00ac8e6000ad8ef5
:101da0006400ae8e6800af8e6c00b88e7000b98e85
:101db0007400be8e7800bf8e00606041c0000000dd
:101dc00000a01a3c20005a2700005b8fffff7b27f2
:101dd00000005baf8000ba8e7c00bb8e20e815004f
:101de0002800b58f8400bd2700609a4000709b409a
:101df000c0000000180000420000000000a0163cd7
:101e00002000d6260000d68effffd6260400c0167e
:101e10000000000000a0163c5001d6260000d58e20
:101e20000800b68e1300c0020c00b68e1100c0026e
:101e30001000a18e2c00b68e3400a28e3800a38e26
:101e40003c00a48e4000a58e4400a68e4800a78ebc
:101e50004c00a88e5000a98e5400aa8e5800ab8e5c
:101e60005c00ac8e6000ad8e6400ae8e6800af8efc
:101e70006c00b88e7000b98e7400be8e7800bf8e74
:101e800000606041c000000000a01a3c20005a27fa
:101e900000005b8fffff7b2700005baf8000ba8ee6
:101ea0007c00bb8e20e815002800b58f8400bd277c
:101eb00000609a4000709b40c00000001800004283
:101ec000000000007cffbd2700601b402c00b6af67
:101ed0002800b5af8000bbaf847a1b7c000c7b3739
:101ee00044201b7c20a81d00049d1d3c2cb0bd2758
:101ef0000000bd8f00a01a3c20005a2701001624c4
:101f0000000056af0070164000609b407800bfaee6
:101f10007400beae7000b9ae6c00b8ae6800afae73
:101f20006400aeae6000adae5c00acae5800abaecf
:101f30005400aaae5000a9ae4c00a8ae4800a7ae0f
:101f40004400a6ae4000a5ae3c00a4ae3800a3ae4f
:101f50003400a2ae3000b7ae7c00b6ae2400b4ae02
:101f60002000b3ae1c00b2ae1800b1ae1400b0ae8b
:101f70001000a1ae10b800000c00b7ae12b80000ff
:101f80000800b7ae00a0173c8c01f7260000f78ec2
:101f90000000f5ae00606041c00000000060174026
:101fa000847a177c010cf63600609640c000000071
:101fb000006816400442167c00689640c00000008d
:101fc00088bf163c3410d626020014240000d4ae7c
:101fd0001cc5400f0000000000609740c0000000da
:101fe00000a0103c8c0110260000108e0000158e01
:101ff0000800b08e130000020c00b08e1100000229
:102000001000a18e1400b08e1800b18e1c00b28e8c
:102010002000b38e2400b48e2c00b68e3000b78e14
:102020003400a28e3800a38e3c00a48e4000a58e02
:102030004400a68e4800a78e4c00a88e5000a98ea2
:102040005400aa8e5800ab8e5c00ac8e6000ad8e42
:102050006400ae8e6800af8e6c00b88e7000b98ed2
:102060007400be8e7800bf8e00606041c00000002a
:1020700000a01a3c20005a27000040af20e81500bd
:102080002800b58f8000bb8f7c00ba8f8400bd27ed
:1020900000609b4000709a40c000000018000042a1
:0420a000000000003c
:020000040000fa
:020000041d02db
:1020a400e0ffbd271c00bfaf1800b2af1400b1aff2
:1020b4001000b0af2590a00046fd400f2588c00059
:1020c40025804000280000122510000000804232c4
:1020d400e50040148003437e847b127c1100442e6f
:1020e400210080104018030080901200029d023ce1
:1020f40008214224211052000000428c08004000b4
:10210400000000002424029d9821029de421029de8
:102114001422029d6022029da022029db422029def
:10212400c022029dcc22029de422029df022029d47
:10213400a423029db823029dc423029ddc23029d97
:10214400f423029d0c24029d0100312e3c00028eda
:102154008410227e3c0002ae5d00029201004234f3
:102164005d0002a2010002241c00bf8f1800b28f80
:102174001400b18f1000b08f0800e0032000bd27c9
:102184000400027c5d0002a2f7ff0010010002249b
:10219400010003240100312e3c00028ec418227e6b
:1021a4003c0002ae01000224060062140200042472
:1021b4005d000292020042345d0002a2eaff0010b8
:1021c40001000224e8ff6414010002245d0002926d
:1021d4004408027c5d0002a2e3ff00100100022417
:1021e4000100312e3c00028e0421227e3c0002ae0e
:1021f40002000424dcff6414010002245d00029246
:102204008410027c5d0002a2d7ff001001000224aa
:102214003c00028e0408227e3c0002ae03004230e1
:102224000800401001000324ffff0224140002ae42
:102234003c00028e0442627c3c0002aecaff0010e5
:1022440001000224140000ae3c00028e0442027c11
:102254003c0002aec4ff0010010002243c00038ec7
:1022640000026330c0ff6014251000002b881100a9
:102274003c00038e8002637cbbff711001000224ca
:1022840007f2400f252000023c00028e8452227e79
:102294003c0002aeb4ff00100100022407f2400f1c
:1022a40025200002100011a6afff00100100022437
:1022b400540011a6acff001001000224580011a61e
:1022c400a9ff0010010002242b8811003c00028e9b
:1022d4000484227e3c0002aea3ff0010010002240d
:1022e4005e0011a2a0ff0010010002249eff201234
:1022f400251000000000228e0100443007008010e9
:102304000400238e010065303c00048ec418a47cb4
:102314000421a47c8410a47c3c0004ae020044305c
:10232400040080104070647c3c00058e04a5857c0c
:102334003c0005ae04004430040080108068647cd6
:102344003c00058e44ad857c3c0005ae080044305d
:1023540004008010c060647c3c00058e84b5857cdc
:102364003c0005ae10004430040080100059647c29
:102374003c00058e8494857c3c0005ae20004430ee
:1023840079ff8010010002244051637c3c00028ede
:10239400c49c627c3c0002ae73ff00100100022466
:1023a4003c00028e04ee227e3c0002ae6eff001062
:1023b400010002245f0011a26bff0010010002243f
:1023c4002b8811003c00028e84f7227e3c0002ae72
:1023d40065ff0010010002242b8811003c00028ece
:1023e40004a5227e3c0002ae5fff0010010002241f
:1023f4002b8811003c00028e44ad227e3c0002aecc
:1024040059ff0010010002240100312e3c00028e0d
:10241400c4ff227e3c0002ae53ff001001000224e0
:102424000100312e3c00028e8410227e3c0002ae5c
:102434000200022452ff62505d0002924aff001023
:10244400010002240100312e3c00028e0421227e70
:102454003c0002ae5d000292040042345d0002a220
:1024640041ff001001000224847b127c1100432ee2
:102474003dff60102510000080901200029d023c78
:1024840098244224211052000000428c080040008d
:10249400000000004c21029d9421029d4824029dcd
:1024a4001422029d6022029da022029db422029d5c
:1024b400c022029dcc22029de422029df022029db4
:1024c400a423029db823029dc423029ddc23029d04
:0824d400f423029d0c24029d7b
:020000040000fa
:020000041d02db
:1024dc0000a0023c787d439009016014ffff0224a8
:1024ec00e8ffbd271400bfaf1000b0af0001a01073
:1024fc002580a0000000a3900200632cfc0060105b
:10250c00400206242528000000a0043c61fe400f78
:10251c00787d842400a0043c3df6400f7c7d84240f
:10252c002520400001000324f1008314ffff022446
:10253c00680106242528000001a0043c61fe400f20
:10254c00b887842400a0023c01000324787d43a0ba
:10255c0000000392787d4224e30060100c0043a03d
:10256c0000a0043c847f842400a0033c907e632460
:10257c002540000025484000402908000400028e38
:10258c00211045000000478c1800e0102510e000d9
:10259c00f8fe66245000e72403004d8800004d9897
:1025ac0007004c8804004c980b004b8808004b9893
:1025bc000f004a880c004a980000cdac0400ccac4b
:1025cc000800cbac0c00caac10004224f2ff47143c
:1025dc001000c62403004a8800004a980700478868
:1025ec00040047980000caac0400c7ac0400028e7b
:1025fc00211045000400478c1800e0102510e00065
:10260c0050ff66245000e72403004d8800004d98cd
:10261c0007004c8804004c980b004b8808004b9822
:10262c000f004a880c004a980000cdac0400ccacda
:10263c000800cbac0c00caac10004224f2ff4714cb
:10264c001000c62403004a8800004a9807004788f7
:10265c00040047980000caac0400c7ac0400028e0a
:10266c00211045000800478c1800e0102510e000f0
:10267c00a8ff66245000e72403004d8800004d9805
:10268c0007004c8804004c980b004b8808004b98b2
:10269c000f004a880c004a980000cdac0400ccac6a
:1026ac000800cbac0c00caac10004224f2ff47145b
:1026bc001000c62403004a8800004a980700478887
:1026cc00040047980000caac0400c7ac0400028e9a
:1026dc00211045000c00478c1800e0102510e0007c
:1026ec00253060005000e72403004d8800004d9811
:1026fc0007004c8804004c980b004b8808004b9842
:10270c000f004a880c004a980000cdac0400ccacf9
:10271c000800cbac0c00caac10004224f2ff4714ea
:10272c001000c62403004a8800004a980700478816
:10273c00040047980000caac0400c7ac0400028e29
:10274c00211045001000478c1500e0102510e0000a
:10275c0064ff86243000e72403004d8800004d9868
:10276c0007004c8804004c980b004b8808004b98d1
:10277c000f004a880c004a980000cdac0400ccac89
:10278c000800cbac0c00caac10004224f2ff47147a
:10279c001000c62403004788000047980000c7ac0f
:1027ac000400028e211045001400478c1500e01027
:1027bc002510e00098ff86243000e72403004d88a4
:1027cc0000004d9807004c8804004c980b004b8877
:1027dc0008004b980f004a880c004a980000cdacba
:1027ec000400ccac0800cbac0c00caac10004224ea
:1027fc00f2ff47141000c6240300478800004798d6
:10280c000000c7ac0400028e211045001800478c54
:10281c001500e0102510e000ccff86243000e724e2
:10282c0003004d8800004d9807004c8804004c981c
:10283c000b004b8808004b980f004a880c004a98f4
:10284c000000cdac0400ccac0800cbac0c00caac86
:10285c0010004224f2ff47141000c62403004788de
:10286c00000047980000c7ac0400028e2110450000
:10287c001c00468c1500c0102510c00025288000b7
:10288c003000c62403004c8800004c9807004b888d
:10289c0004004b980b004a8808004a980f004788a0
:1028ac000c0047980000acac0400abac0800aaac20
:1028bc000c00a7ac10004224f2ff46141000a52413
:1028cc0003004688000046980000a6ac01000825cd
:1028dc00340084240c002291ff0005312b10a2003f
:1028ec0025ff40145800632400a0023c787d42244c
:1028fc001400bf8f1000b08f0800e0031800bd2734
:08290c000800e00300000000d8
:020000040000fa
:020000041d02db
:10291400b8ffbd274400bfaf4000beaf3c00b7af17
:102924003800b6af3400b5af3000b4af2c00b3af4d
:102934002800b2af2400b1af2000b0af0f000524cf
:10294400aee5400f02000424259840000100423007
:1029540009004050020073320100162401a0153c06
:10296400408cb526d5ec400f0200042471004014bd
:1029740025a04000020073326200601201a0033cf3
:10298400408c63241800628cd0074224180062ac87
:102994006210043cd34d842419004400101000003c
:1029a400821102005201410f140062ac5500401024
:1029b40025a8400001a0023c448c538c18007326c7
:1029c40025a0000001a0163c8ffc400f25208002aa
:1029d400259040001400708e1500001225886002b6
:1029e400408cd7261400e28e0800038e2310430087
:1029f4003800e38e2b104300a1004014fcff052691
:102a04006bfc400fe8ff248ebcec400f14006426de
:102a1400ffff072425300000040005266ed7400f71
:102a2400252040021400308eefff00561400e28e81
:102a34000000308e16000052e8ff228e408cd7260c
:102a44001400e28e0800038e231043003400e38e4a
:102a54002b1043000d004014fcff05266bfc400fb7
:102a6400e8ff248ebcec400f25202002fdff072444
:102a740025300000040005266ed7400f25204002b3
:102a84000000308eefff00561400e28ee8ff228e25
:102a94002400428c2800238e2b104300170040543e
:102aa400010094262c00228e14004050010094262c
:102ab40025b80000bcec400f252020020e00401079
:102ac40025804000fcff45246bfc400fe8ff248e6a
:102ad400fcff072425300000040005266ed7400fb4
:102ae400252040020100f7262c00228e2b10e20242
:102af400f0ff40140000000001009426b2ffb41659
:102b0400480073264400bf8f4000be8f3c00b78f3f
:102b14003800b68f3400b58f3000b48f2c00b38fdb
:102b24002800b28f2400b18f2000b08f0800e0038a
:102b34004800bd271800908e68f7400f252000023a
:102b44000000029644005614f2ff05240400039684
:102b54000604022441006214020006241b00178aa2
:102b64001800179a2800918e0400b28e7a65400fdf
:102b7400252020021100038a0e00039a1800a3af37
:102b8400c018020021186200c018030021904302fb
:102b94001800a527becf400f0000448e050040104a
:102ba400259040000800062625284000e3d3400f66
:102bb400252020020400228e2700e21602000524ac
:102bc40042002296001042302400401402000624e1
:102bd40015004056060002960400b78e7a65400f31
:102be40025202002c090020021904202c0901200d1
:102bf4002190f2021800a527b0d3400f0000448ea4
:102c04000800401025204000000042940200423099
:102c140016004010080006261800472612e9400f47
:102c240080000524060002960b00561402000524b9
:102c34001100078a0e00079a0400268e3c00222603
:102c44001400a2af080010261000b0afe3b2400f8a
:102c5400252020020200052402000624c2fa400fa7
:102c6400252080023fff001000000000252880007e
:102c7400e3d3400f25202002ebff0010060002964c
:102c840042005e960010de33408cd726fcff03968c
:102c940000026230020040504400e2964600e29690
:102ca400120004962b108200190040500000108e70
:102cb4001400e28e0800058e231045003c00e58eca
:102cc400022085702b104400110040540000108e27
:102cd4000300c013000163300d0060500000108e2b
:102ce4000400078e0400468e1400a0af10808227d3
:102cf4001000a2af01000524e3b2400f25204002da
:102d04001200029601004224120002a60000108e56
:102d1400dfff0056fcff039646ff00100000308ed4
:020000040000fa
:020000041d02db
:102d240098ffbd276400bfaf6000beaf5c00b7afc3
:102d34005800b6af5400b5af5000b4af4c00b3afb9
:102d44004800b2af4400b1af4000b0af0800918c6e
:102d5400e2002012259000000400968cdf00c012cf
:102d6400258080002800c28edd00405025104002de
:102d74000c00938cd90060123000b3af1000958c16
:102d8400d600a01201a0023c0000888c1400038e1f
:102d9400cc8d48accc8d4224040056ac080051ac18
:102da4000c0053ac100055ac5b01410f140043ac54
:102db400148182afffffa3262510600201000524c1
:102dc400ffff04240000468cd100c510ffff6324dc
:102dd400fcff64140800422425a0000025280000fc
:102de40079f7400f252080022598400001a0023c7d
:102df400b8006012ec8d53ac0000838e01a0023c3d
:102e0400f08d43ac0800628e700006242528200251
:102e140009f8400025206002ae0040102c8182afea
:102e2400253020022528c00246f2400f25206002ea
:102e3400a800401001a0023ce48d51a4e48d42247a
:102e4400040055a42c81978f2590000025300000a4
:102e54002528e00241a3400f2520c0029d00401018
:102e64007000f72601005226f8ff32164000d626dd
:102e74002c81928f01a0033ce68d639425284002a7
:102e8400254000000c000010252000007000a5243f
:102e94002538a000253080004400ea8c0400491540
:102ea4000100c62401006324ffff63302540400075
:102eb400f9ff26167000e724010084242b309100ca
:102ec400f2ffc0144400a98c0200001101a0023cce
:102ed400e68d43a401a0023ce68d42947d0040149b
:102ee4007000432601000224a8ff668c0b00c0106a
:102ef400252860002b2051000d008050288180afd0
:102f0400252040001800a78c7200c71001008424fb
:102f14002b389100fbffe0147000a5240100442429
:102f24002b1051006900401470006324288180af85
:102f34001800a0af1c00a0af2000a0af2400a0afd9
:102f44002800a0af01a0023ce48d4294210040106f
:102f54006700522625b00000029d023c28964224b8
:102f64003400a2af029d023c443d42243c00a2af87
:102f740001a0023c3800a2aff1ff56a6feff429228
:102f8400801002001800a32721b862000000fe8e02
:102f94003400a38f211043001000beaf0000478c03
:102fa4003c00a68f07000524e0e2400f25204002e4
:102fb400060040a20100de270000feae0100d62676
:102fc4003800a28fe48d42942b10c202eaff401411
:102fd40070005226700206242528000000a0043c3c
:102fe40061fe400f087b8424088180af01a0023c6d
:102ff4000000878e0400868e0800858e0c00848e67
:103004001000838e388e47ac388e4224040046acc0
:10301400080045ac0c0044ac100043ac01a0123cc9
:103024007c8a522690005426fe00410f252040023f
:103034000c005226fcff5416000000009101410fc1
:1030440025b000005501410ff48082a701a0023c85
:10305400fa8d40a02c81948f0400108e01a0173c9f
:103064004ee5400f2000048e252040004408047cd7
:103074000100032417008314e48de426170082a0c2
:10308400100094ac58008296140082a42538a00243
:103094003000a68faa99400f252800020d00401089
:1030a40025904000700094260100d6262b10d102f2
:1030b400ebff4014400010261800628e09f840000f
:1030c40025206002060000102510400286ff001033
:1030d4002510800016c9400f2590000025104002dd
:1030e4006400bf8f6000be8f5c00b78f5800b68f3e
:1030f4005400b58f5000b48f4c00b38f4800b28f8a
:103104004400b18f4000b08f0800e0036800bd2781
:0831140032ff00100400548c8e
:020000040000fa
:020000041d02db
:10311c002540c000251080009400e0142518a00064
:10312c002b30a6003200c010203006710600c010f3
:10313c0023200600062082000418c5000440c800a5
:10314c00251883000410c200022c08001b00650027
:10315c00f401a000ffff0731024c02001220000016
:10316c001018000002208770001c0300251869004d
:10317c002b486400080020512318640021186800b3
:10318c002b486800030020152b48640001002055d3
:10319c0021186800231864001b006500f401a000ce
:1031ac00ffff423012200000101800000220877030
:1031bc00001c0300251062002b184400090060500d
:1031cc0023104400211048002b18480005006054bf
:1031dc00231044002b1844000100605421104800b7
:1031ec00231044000610c2000800e003251800005c
:1031fc0004000015010003241b006800f401000109
:10320c0012400000203006712900c0142000032455
:10321c002328a800022408001b00a400f40180004d
:10322c00ffff0731024c02001218000010280000aa
:10323c0002186770002c05002528a9002b48a30054
:10324c00080020512328a3002128a8002b48a800ff
:10325c00030020152b48a300010020552128a800ad
:10326c002328a3001b00a400f4018000ffff4230c0
:10327c00121800001028000002186770002c0500be
:10328c002510a2002b204300d6ff805023104300b2
:10329c00211048002b204800030080142b204300f1
:1032ac000100805421104800ceff00102310430071
:1032bc00231866000438c5000440c80006106400da
:1032cc000628650025104700023c08001b00a700db
:1032dc00f401e000ffff0931025402001218000053
:1032ec001028000002186970002c05002528aa007f
:1032fc002b50a300080040512328a3002128a8002c
:10330c002b50a800030040152b50a3000100405582
:10331c002128a8002328a3001b00a700f401e0002b
:10332c00ffff4230121800001028000002186970cc
:10333c00002c05002528a2002b10a300090040102a
:10334c000410c4002128a8002b10a800050040146c
:10335c000410c4002b10a300010040542128a80025
:10336c000410c400abff00102328a3002b40a700bf
:10337c005c0000152040e8700b0000552000022472
:10338c002b40e500030000152b408600550000156e
:10339c0000000000231086002338a7002b188200a1
:1033ac000800e0032318e300231048000618460029
:1033bc00043807012538670002640700041805016a
:1033cc00062845001b00ac00f4018001ffffea3029
:1033dc000658440025586301021c0b0012700000b3
:1033ec001028000002684e71002c05002518a3005f
:1033fc002b286d000a00a0102548c0012118670079
:10340c002b2867000600a014ffffc9252b286d0090
:10341c000400a05023186d00feffc9252118670079
:10342c0023186d001b006c00f4018001ffff6b3151
:10343c00122800001018000002504571001c0300f7
:10344c0025186b002b606a000a0080112558a0001b
:10345c00211867002b60670006008015ffffab2466
:10346c002b606a0004008051004c0900feffab2465
:10347c0021186700004c090025482b01042806017f
:10348c001900250123186a00105800001250000082
:10349c002b606b0004200401254860010500801599
:1034ac002530400107006b142b608a000600801148
:1034bc002330860023304501233867012b50460109
:1034cc002348ea00233086002b208600231869004d
:1034dc002318640004104300063006012510460032
:0c34ec00061803010800e00300000000c7
:020000040000fa
:020000041d02db
:1034f800a8ffbd275400bfaf5000beaf4c00b7af08
:103508004800b6af4400b5af4000b4af3c00b3af1d
:103518003800b2af3400b1af3000b0af0f000524af
:10352800aee5400f090004240100423006004010b7
:103538005400bf8fd5ec400f090004240d0040143f
:10354800258040005400bf8f5000be8f4c00b78fbd
:103558004800b68f4400b58f4000b48f3c00b38f4d
:103568003800b28f3400b18f3000b08f0800e0030c
:103578005800bd272c0002960800422cba004014bf
:103588000200033c2000028e241043006300401414
:10359800f1ff05241c00128ec69c400f04004496bf
:1035a800258840002c0002965c005114f2ff052487
:1035b8004f01410f25200002259840004c01410f82
:1035c8002520000225b04000060042961d0040104c
:1035d800000000002000028e000442301900401450
:1035e800253000000000628e1000a2af0000c28edd
:1035f8001400a2af1800a0a3110002241900a2a36e
:10360800040042961a00a2a70c000524ce9c400f85
:103618001000a427273002002000028e0400423048
:1036280043004010ffffc6302538c0002530200277
:1036380025284002b2c0400f252000023700401460
:10364800f6ff0524c69c400f00004496000042a6e1
:10365800c69c400f02004496020042a6f8ff31269d
:10366800040051a62800028e2400a2afa480828ff5
:103678002a004018f1ff052425b800002bf6400f5a
:10368800252000002528400080181700a880828f78
:10369800211043000000518c7d0020120200023ce2
:1036a8003c00358e2410a202790040100000000072
:1036b80058002296480023962b1062007400401090
:1036c800000000002a0033965c0034922800b4af52
:1036d800280022962c00a2af24003e8e1c00228ec9
:1036e8002000a2afacf7400f252000000200429650
:1036f800050053140100022412008212259880024a
:1037080011006012010014240100f726a480828fa2
:103718002a10e202d9ff4014f1ff0524090006240b
:10372800c2fa400f2520000282ff001000000000ae
:1037380025282002ce9c400f25204002bfff001004
:103748000000000025a00000000042962c00a38f76
:10375800120043142800a28f020053342400a28fc1
:1037680013005e1400000000040073362000a28fce
:10377800030040101000b5321300a0120000000032
:1037880008009436259874020f000224deff6216a2
:1037980001000224150000105c0022a20400a232dd
:1037a800eeff405402009436edff00102400a28f73
:1037b8000300c0130800a232edff40102000a28fc2
:1037c800eaff0010040094364f01410f2520000243
:1037d8000000428c2000a38feaff62140f0002242d
:1037e80008007336e9ff6256259874023c00228e61
:1037f8004000033c2410430005004010e00003246f
:103808000000c292f0004230c4ff4314f1ff0524c7
:103818002bf6400f252000002590400025280002a7
:10382800f3fd400f400024265a0022960001423042
:1038380013004010252840024c00338e5000348e6f
:10384800acf7400f252000003aff601225388002af
:10385800000106242800058e09f86002120024865b
:1038680034ff001000000000acff0010f2ff052438
:10387800aaff0010f2ff0524a8ff0010f1ff05249d
:10388800acf7400f252000002aff001000000000c0
:10389800acf7400f252000009cff00100100f72620
:020000040000fa
:020000041d02db
:1038a8002540c0002548e000255080009300e01422
:1038b8002518a0002b10a600350040102010c2705b
:1038c800060040102320020006208a000418450044
:1038d800044046002518830004504a00022c0800c2
:1038e8001b006500f401a000ffff043102140a0068
:1038f800123800001018000002308770001c030006
:10390800251862002b5866000a0060112510e00097
:10391800211868002b58680006006015ffffe22494
:103928002b5866000400605123186600feffe2244d
:1039380021186800231866001b006500f401a00028
:10394800ffff4a3112300000101800000220867074
:10395800001c030025186a002b3864000800e010da
:103968002528c000211803012b4068000400001519
:10397800ffffc5242b20640001008054feffc524ee
:1039880000140200251045000800e0032518200156
:103998000400c014010002241b004600f401c0000a
:1039a80012400000203807711e00e0542000022455
:1039b8002328a80001000924021c08001b00a300fa
:1039c800f4016000ffff043102140a0012380000fd
:1039d8001028000002308770002c05002528a2005e
:1039e8002b58a6000a0060112510e0002128a80025
:1039f8002b58a80006006015ffffe2242b58a600ec
:103a0800040060512328a600feffe2242128a80014
:103a18002328a6001b00a300f4016000c9ff0010c2
:103a2800ffff4a31231047000440e8000418e5006e
:103a380002540800062845001b00aa00f4014001b2
:103a4800063044002530c300ffff0331024c060056
:103a5800125800001028000002106b70002c05009e
:103a68002528a9002b60a2000a00801125486001c2
:103a78002128a8002b60a80006008015ffff6925f3
:103a88002b60a200040080512328a200feff6925b4
:103a98002128a8002328a2001b00aa00f401400145
:103aa800ffffc630125000001028000002106a7094
:103ab800002c05002528a6002b30a2000a00c01003
:103ac800251840012128a8002b30a8000600c014a2
:103ad800ffff43252b30a2000400c050004c090012
:103ae800feff43252128a800004c09000450e400eb
:103af8002328a200b0ff0010254823012b18a70097
:103b080025480000a0ff6014251000002040e87040
:103b180007000055200002242b38e5009affe01426
:103b2800010002242b10860097ff00100100423884
:103b38002310480006184600043807012538670096
:103b4800025c070004180501062845001b00ab00ad
:103b5800f4016001ffffe93006504400255043019d
:103b680002140a00126800001028000002602d717b
:103b7800001c0500251862002b286c000a00a01004
:103b88002510a001211867002b2867000600a01443
:103b9800ffffa2252b286c000400a05023186c00fe
:103ba800feffa2252118670023186c001b006b007c
:103bb800f4016001ffff4a3112580000101800009c
:103bc80002282b71001c030025186a002b50650081
:103bd8000a00401125486001211867002b50670032
:103be80006004015ffff69252b5065000400405171
:103bf80000140200feff6925211867000014020066
:103c080025104900043006011900c2002318650078
:103c1800103800002b4867000700201512300000fc
:103c280059ff671425480000042004012b20860052
:103c380055ff801000000000ffff422452ff0010d3
:043c4800254800000b
:020000040000fa
:020000041d02db
:103c4c005049433332494e54000000002e2e2f733e
:103c5c0072632f636f6e6669672f64656661756c3e
:103c6c00742f6c6962726172792f74637069702f32
:103c7c007372632f646863702e6300002e2e2f7393
:103c8c0072632f636f6e6669672f64656661756c0e
:103c9c00742f6c6962726172792f74637069702f02
:103cac007372632f646e732e630000002e2e2f73bd
:103cbc0072632f636f6e6669672f64656661756cde
:103ccc00742f6c6962726172792f74637069702fd2
:103cdc007372632f74637069705f68656c70657262
:103cec00735f707269766174652e68002e2e2f7367
:103cfc0072632f636f6e6669672f64656661756c9e
:103d0c00742f6c6962726172792f74637069702f91
:103d1c007372632f74637069705f68656c70657221
:103d2c00732e630066756c6c000000006c6f77007e
:103d3c00646f776e000000002573257a7500000013
:103d4c00756e6b0065746800776c616e0000000026
:103d5c007070700067336164700000004554484d0a
:103d6c0041430000494e5354454f4e5f3537314463
:103d7c00453900003139322e3136382e3130302e63
:103d8c00313000003235352e3235352e3235352e68
:103d9c00300000003139322e3136382e3130302e91
:103dac0031000000302e302e302e30004452565f41
:103dbc004d49494d5f5461736b7300004e45545f20
:103dcc00505245535f5461736b7300005443504918
:103ddc00505f535441434b5f5461736b730000004d
:103dec004150505f5461736b7300000049444c4563
:103dfc0000000000456e746572696e6720426f6f3b
:103e0c00746c6f616465722e2e2e0a004669726d99
:103e1c0077617265205570646174652054726967ae
:103e2c006765722e2e2e0a006f66666c696e650ac7
:103e3c0000000000312e312e332d63623166303795
:103e4c00300a0000504c4d20526573657420446f4d
:103e5c006e652e0a000000004c414e2052657365c1
:103e6c007420446f6e652e0a000000004572726f5c
:103e7c00723a20756e6b6e6f776e20636f6d6d612d
:103e8c006e640a006f6e6c696e650a006669726d0d
:103e9c00776172655f747269675f75706772616470
:103eac0065000000656e7465725f626f6f746c6f95
:103ebc0061646572000000007265626f6f745f6808
:103ecc00756200005265626f6f74204875622e2e09
:103edc002e0a0000666c6173685f72656164200075
:103eec007370692000000000737069207067742083
:103efc00000000007370692072647372200000006f
:103f0c0073706920777273722000000073706920df
:103f1c0063686970696420007370692077726974d2
:103f2c006520000065726173655f636869702000cd
:103f3c0065726173655f736563746f722000000056
:103f4c007370692065726173652000006272696428
:103f5c0067655f73746174757300000076657273c6
:103f6c00696f6e0072657365745f706c6d00000034
:103f7c0072657365745f6c616e00000052657365e9
:103f8c0074696e67204c414e2e2e2e0a00000000e4
:103f9c007370692072656164200000006572726f35
:103fac00723a20636f6d6d616e6420746f6f206c5c
:103fbc006f6e670a00000000286e696c2900000013
:103fcc0025000000494e4600696e66004e414e00c9
:043fdc006e616e00a4
:020000040000fa
:020000041d02db
:103fe000d0ffbd272c00bfaf2800b6af2400b5af6f
:103ff0002000b4af1c00b3af1800b2af1400b1afd3
:104000001000b0af16008390030002241400621465
:10401000259080001000848c420083940800633057
:104020000500601001000224253000007bdb400ffa
:1040300025280000010002242c00bf8f2800b68f25
:104040002400b58f2000b48f1c00b38f1800b28fee
:104050001400b18f1000b08f0800e0033000bd27be
:10406000ec80828fa90040142588a00001a0023caa
:10407000588d40ac588d4224040040ac080040ac40
:104080000c0040ac100040ac140040ac180040ac38
:104090001c0040ac200040ac240040ace6ffa01067
:1040a000251000001000a48c02000324e3ff8310fd
:1040b0002c00bf8f0800448e01a0023c688d44ace8
:1040c0000400a28c4098020021986202009913001b
:1040d000280073260400828c09f84000252860021d
:1040e00025804000d4ff001225100000253060021a
:1040f0002528000061fe400f25200002280002262e
:10410000000002ae040010ae30000224080002ae2f
:104110000400228e0c0002ae01000224100002ae48
:10412000049d023c8ccd4224140002ae039d023c4f
:1041300090624224180002ae049d023c6cfa4224b4
:104140001c0002ae049d023c709d4224200002ae81
:1041500093f9400f2520000201a0023c588d50ac7d
:10416000588d4224ffff0324240043a40800238e1b
:10417000140043ac0c002496200044a40e002396a7
:10418000220043a41000258e180045ac0400228ea6
:104190002d0040101000842480a8030021a8a40250
:1041a00080a8150025b0000001a0143c588d94266d
:1041b0002528c002e9fd400f252000022598400077
:1041c0001000848e0400828c09f840002528a0028b
:1041d00006004014040062ae01a0043c9bd7400fcf
:1041e000588d842494ff001025100000200060ae3c
:1041f000100060ae140060ae200083960600605090
:1042000022008396100062ae20008396801803007f
:10421000211043002200839606006050200062ae09
:10422000140062ae2200839600190300211043009f
:10423000200062ae0100d6260400228e2b10c2029e
:10424000dcff40142528c002c8000624039d053c5d
:10425000389ca5240be4400f0f00042401a0033c6c
:1042600038004010648d62ac01a0023c7c8d438418
:10427000ffff0224220062142530000035000524cf
:1042800001a0023c1a00410f708d448c2580400033
:10429000ffff02242c00021201a0043c530005245d
:1042a0002100410f252000025300422c060040103f
:1042b00053000624050005242988400f252000020c
:1042c0001e00401000000000253000000200052400
:1042d0002988400f2520000225380000049d063c57
:1042e000c8edc6240001052473de400f252000021e
:1042f000120040100000000001a0023c7c8d50a480
:1043000001a0023c588d4224f08082af1000448e00
:104310004200829408004230030040102530000023
:104320007bdb400f25280000ec80828f01004224b7
:10433000ec8082af40ff00100100022473f4400fb4
:104340002520000201a0043c11ee400f588d84246a
:0843500039ff001025100000e8
:020000040000fa
:020000041d02db
:10435800b8ffbd274400bfaf4000beaf3c00b7afb9
:104368003800b6af3400b5af3000b4af2c00b3afef
:104378002800b2af2400b1af2000b0af1600839080
:10438800030002241a0062142598800001a0023c50
:10439800508c5090c900001201a0023c448c518cf2
:1043a8007a65400f1000848cc02002002120820012
:1043b800c020040086f4400f2120240225100002aa
:1043c8004400bf8f4000be8f3c00b78f3800b68fc7
:1043d8003400b58f3000b48f2c00b38f2800b28f13
:1043e8002400b18f2000b08f0800e0034800bd27eb
:1043f80001a0023c4c8c428c9c0040142590a000eb
:10440800eeffa010258000000400a39001a0023c4c
:10441800408c4224100043a00400428c0800401045
:10442800000090940400601401a0023c408c428c6f
:10443800040050500800648ee9c1400f00000000dd
:104448000800648e01a0033c408c6224080044ac40
:10445800408c70ac0800438e340043ac0c00438e93
:10446800380043ac1000438e3c0043ac1400438e2c
:10447800400043ac2000438e440043a42400438ef4
:10448800460043a40400428c7800401448000624e7
:104498000800828c09f84000252800022588400081
:1044a80001a0023c448c51acc4ff201225800000be
:1044b80001a0023c408c428c500040100000438e0a
:1044c8004010030021104300c010020028004224bd
:1044d8001000a2af25a0000001a0153c408cbe260c
:1044e800049d173c049d163c029d023c1400a2af9b
:1044f800049d023c1800a2af0800c48f0400828cff
:1045080009f840001000a58f0500401425804000e0
:10451800e9c1400f00000000a9ff001025100002ab
:1045280028004224000002ae040011ae1800022444
:10453800080002ae0000428e0c0002ae0100022408
:10454800100002ae10e6e226140002aec4b6c2267f
:10455800180002ae1400a28fc89242241c0002aeba
:104568001800a28fd8034224200002ae93f9400f0e
:1045780025200002000030aebff4400f04002426be
:104588000900401000000000bff4400f1800242666
:104598000500401000000000bff4400f2c00242646
:1045a800050040540000228ee9c1400f258000001c
:1045b80083ff0010251000020c00428c1800438e67
:1045c8000210437063004224eb51033c1f8563349f
:1045d800190043001010000042110200400022aef2
:1045e8001c00428e440022ae01009426408ca28e0c
:1045f8002b108202c0ff40144800312675f9400f85
:1046080001a0103c408c1026480002aed0070624ba
:10461800029d053c1429a5240be4400f0200042444
:104628001c0002ae01a0043c2f00410f608c8424c2
:104638004800038e0600601001a0033c5c8c638c6c
:1046480003006010000000000500405401a0023c77
:10465800e9c1400f2580000059ff00102510000215
:10466800408c4224180040ac140040ac01a0103c1f
:10467800408c10260400118e7a65400f1000648e5d
:10468800100003920700605001a0023cc020020005
:1046980021208200c020040086f4400f212024023b
:1046a80001a0023c408c42240c00438c010063248e
:1046b8000c0043ac41ff0010010010243fff001024
:0446c80001001024b9
:020000040000fa
:020000041d02db
:1046cc0001a0023c808d42241c004290ff0042302d
:1046dc00cc004014000000000300a01000000000fb
:1046ec00ca00805401a0023cd000e0100000000081
:1046fc00ce00c0100000000001a0023c808d44ac34
:10470c00808d4224040046ac140040ac180040ac30
:10471c00100040ac0900801001a0023c808d4224a6
:10472c00080045ac0700c01401a0023c808d422457
:10473c000c0040ac0700001001a0023c808d42240c
:10474c00080040ac01a0023c808d42240c0047ac18
:10475c0001a0023c808d4224010003241c0043a0d4
:10476c000800438c0c00428c2b106200050040109a
:10477c0001a0023c808d42240c00448c2320830039
:10478c00100044ac80bf023c40000424145c44acd8
:10479c0080bf023c105c428c200042300700401469
:1047ac0080bf053c80bf043c205ca28c105c828cda
:1047bc0020004230fcff40100000000080bf023c93
:1047cc0003000424045c44ac80bf043c01000524b9
:1047dc00085c85ac0c000424045c44ac88bf023c2f
:1047ec0000020524741045ac00040424741044ac7d
:1047fc0088bf023c441045ac441044ac80bf023c22
:10480c00005c428c000842302b00401001a0023c9e
:10481c00808d42240800438c82180300080043acae
:10482c001000438c82180300100043ac0c00438c26
:10483c00821803000c0043ac0800438c1800428c17
:10484c002b1043000f00401001a0023c808d448cc3
:10485c000000858c80bf043c205c85ac808d42249c
:10486c001800448c01008424180044ac5900e0105a
:10487c0088bf023c00020324781043ac0800e0031c
:10488c0001000224808d42241000428cf7ff40105e
:10489c0080bf023cff000424205c44ac01a0023c1d
:1048ac00808d42241000448cffff8424100044ac03
:1048bc00eeff00100000000080bf023c005c428c48
:1048cc00000442302700401001a0023c808d42249d
:1048dc000800438c42180300080043ac1000438cc2
:1048ec0042180300100043ac0c00438c4218030028
:1048fc000c0043ac0800438c1800428c2b10430076
:10490c000b00401001a0023c808d448c000085946b
:10491c0080bf043c205c85ac808d42241800448c04
:10492c0001008424180044acd0ff001000000000eb
:10493c00808d42241000428cccff401080bf023c82
:10494c00ff000424205c44ac01a0023c808d422476
:10495c001000448cffff8424100044acc3ff0010f3
:10496c0000000000808d42241800428c2b10430064
:10497c000b00401001a0023c808d448c00008590ff
:10498c0080bf043c205c85ac808d42241800448c94
:10499c0001008424180044acb4ff00100000000097
:1049ac00808d42241000428cb0ff401080bf023c2e
:1049bc00ff000424205c44ac01a0023c808d422406
:1049cc001000448cffff8424100044aca7ff00109f
:1049dc000000000001a0023c808d42241800428c93
:1049ec00030043100400032480bf023c085c43ac6a
:1049fc0088bf023c00040324781043ac0800e00399
:104a0c00010002240800e00325100000808d44ac56
:104a1c00808d4224040046ac140040ac180040ac1d
:104a2c00100040ac3dff001001a0023c0800e00368
:044a3c000000000076
:020000040000fa
:020000041d02db
:104a4000b0ffbd274c00bfaf4800beaf4400b7afba
:104a50004000b6af3c00b5af3800b4af3400b3afe0
:104a60003000b2af2c00b1af2800b0af0f0005246a
:104a7000aee5400f0300042401004230070040105f
:104a8000f2ff132401a01e3cfc8dd627d5ec400f6d
:104a9000030004240d004014258040004c00bf8f0b
:104aa0004800be8f4400b78f4000b68f3c00b58fe2
:104ab0003800b48f3400b38f3000b28f2c00b18f28
:104ac0002800b08f0800e0035000bd271800118ea9
:104ad00000002292f0004230400003247d00431485
:104ae000252860020000328e809012003c00523275
:104af0001400422e78004014030006241000028e99
:104b00000c0042942b10520073004014000000006f
:104b1000c69c400f0200249625a040002b10520096
:104b20006c0040142528600267fd400f252000021c
:104b30002ba0540067008016252860022800158edf
:104b40006400a012ecff05244200a296400042300f
:104b500069004010ffff02240c00238e5d006210ec
:104b6000f5ff05240800a28e271002000400a48e81
:104b70002510440058006210030006241000348ef3
:104b800055008012f4ff05240000268e0400258eb7
:104b90000800248e1000a6af1400a5af1800a4af23
:104ba0001c00a3af2000b4af10003792c69c400f8a
:104bb000060024961600a2a71400a28fff3f033c14
:104bc0002410430043004014252860022000028e78
:104bd0000001423006004014253000002528400224
:104be000ce9c400f252020023a004014f6ff0524f9
:104bf0000400a38e0800a28e242062000e008412fe
:104c0000ffff0424480084122710020025104300ef
:104c100045008212f000f732e00002244200e21266
:104c20000001023c7f004224400082521800118e95
:104c30003e0083521800118eb480828fb480838f1f
:104c4000fdff43140000000022004010ecff05248b
:104c5000a6fa400f2520c002fc8dd18f0c00201237
:104c600000000000080022920600401025284002a3
:104c70000400228e09f8400025200002280040147c
:104c8000000000000000318ef7ff2056080022923d
:104c9000b4fa400f2520c0020e000010ecff0524de
:104ca000ff3f023c24186200060060100100062449
:104cb000ac80828f75ff401000000000fcff0010e8
:104cc000000000000fdd400f252800026fff401498
:104cd000f1ff052403000624c2fa400f252000023c
:104ce0006aff001000000000faff00102528600293
:104cf000f8ff001025286002f6ff0010ecff0524e5
:104d0000f4ff0010f5ff0524f2ff001025286002d3
:104d1000f0ff0010f1ff0524e1ff0010090004245a
:104d2000b4fa400f2520c0021800118e0000328e08
:104d3000809012003c005232211032021c0002ae60
:104d40001000038e0c006294231052000c0062a429
:104d5000c69c400f02002496020022a62310520097
:104d60002c0002a6c69c400f06002496060022a630
:104d70000900229211000424e7ff44100400238e4e
:104d80001200442ce2ff801001000424c4ff4410f0
:104d900006000424cfff4414f1ff0524c0ff0010d7
:044da0000a000424dd
:020000040000fa
:020000041d02db
:104da4004050050042550a00c04a0500427d0400f7
:104db40025482f01c042040000800e3c25482e01e6
:104dc40040680700426d0d00c0620700427d060086
:104dd40025608f01c05a060025608e012628a70091
:104de4002428ae00ffff4f25fe07e12d48002010c8
:104df40000000000ffffaf25fe07e12d7300201027
:104e04000000000002fcaf2521504f0119002c01c5
:104e1400123800001070000019000b01122000006d
:104e24001030000019002b01125800001068000017
:104e34002130cb002b78cb002138ed002138ef0056
:104e44000200ed10000000002b78ed002170cf016e
:104e540019000c0112400000104800002130c80065
:104e64002b78c8002138e9002138ef000200e9104e
:104e7400000000002b78e9002170cf01257886001e
:104e84000200e011000000000100e73425480e0094
:104e94002540070006002005000000002a780001d4
:104ea400214008012148290121482f01ffff4a25fb
:104eb400ffff4f25fe07e12d7100201000000000c8
:104ec4000004082500040f2d21482f012b782f0101
:104ed40021504f01c27a08000100ef3123400f0135
:104ee400c2220800407d090025208f004078090077
:104ef400027b0f002528af00007d0a002528af00a3
:104f040025100400251805000800e0030000000037
:104f14002a780001214008012148290121482f0154
:104f24001e00401500000000257828011600e0113d
:104f34000000000009002015000000000400001516
:104f44000000000000000a24aaff00100000000076
:104f54002548000100000824e0ff4a2520702e7136
:104f6400a4ffc0110000000023504e0122380e009f
:104f74000638e8000440c8010448c901254827014f
:104f84009cff001000000000ff0701243800a1115d
:104f940000000000daff001000000000257828015e
:104fa4003300e015000000000500a015000000001b
:104fb40040780c002578eb012d00e0110000000082
:104fc400ff0701242500a115000000002a786001d4
:104fd40021586b0121608c0121608f011c00a015f8
:104fe4000000000025788b011600e011000000008d
:104ff4000900801500000000040060150000000096
:1050040000000d247fff00100000000025606001f7
:1050140000000b24e0ffad252030867179ffc0101d
:10502400000000002368a601227006000670cb0170
:105034000458cb000460cc0025608e0171ff001081
:105044000000000000000424adff00100000000078
:1050540025788b010600e01500000000f07f013c7c
:105064002528a10000000424a5ff00100000000072
:10507400f8ff053c00000424a1ff0010000000001c
:10508400f6ff401d0000000001000e242370ca0139
:105094002000c12d0900201400000000e0ffce21f3
:1050a4002b300800254026010f00091000000000e5
:1050b40000000934f6ff0010000000000a00c011cf
:1050c4000000000022380e000430e8000438e90033
:1050d4000640c8010648c9012540e8000200c01086
:1050e40000000000020008350004082500040f2d0c
:1050f40021482f01c257090076ff0010000000006c
:0451040000000000a7
:020000040000fa
:020000041d02db
:1051080088febd277401bfaf7001b4af6c01b3afa7
:105118006801b2af6401b1af6001b0af2580800013
:105128002590a0002598c00025a0e000dc8091878c
:1051380087e3400f252020022c01422c0c00401050
:1051480025284002eb95400f25202002251000005d
:105158007401bf8f7001b48f6c01b38f6801b28f77
:105168006401b18f6001b08f0800e0037801bd27aa
:10517800cbe1400f25202002253000000100052446
:105188002988400f252020020100823204004014a3
:10519800253040023000028e22004054300006269e
:1051a8000100052455da400f252020020200943220
:1051b80002008016251000000400428e1000a2afe5
:1051c8001000a627010005242ee5400f2520200207
:1051d80025186002c418037c01000224160062101e
:1051e8000300022476006216020002245c00039683
:1051f80089006210290006242528000061fe400f5e
:105208001700a427010002241400a2a31500a2a3da
:10521800060002241600a2a34800028e1f000010f8
:105228001800a2af01000524eee1400f252020025e
:10523800dfff001002009432600002820500420481
:1052480060000292dafe400f00000000480002ae43
:10525800600002928410027c600002a229000624e9
:105268002528000061fe400f1700a4270100022432
:105278001400a2a31500a2a3060002241600a2a3ec
:105288004800028e1800a2af09000224030062162b
:10529800000000003400028e2000a2af020040127d
:1052a800251040023c004226030043880000439832
:1052b8003000a3af040043903400a3a3050042903c
:1052c8003500a2a32c0006241400a52753d9400fab
:1052d80025202002c00006242528000061fe400f7a
:1052e8001400a427c00006241400a52753d9400f92
:1052f80025202002380106242528000061fe400fe1
:105308001400a4275363023c638242341400a2af02
:105318001800a2274c01a2af87e3400f25202002e6
:10532800fcff42245001a2af040002245401a2afa2
:105338005801b3af049d103ca0001026049d133cf7
:10534800bc0073260000028e4c01a52709f8400016
:10535800252040022a0040045001a38f2318620030
:105368005001a3af5401a38f211862005401a3afc9
:105378004c01a38f2110620004001026f1ff1316c0
:105388004c01a2af5401a28fec0042242c01422c04
:10539800040040105401a697400002245401a2af13
:1053a8005401a6971400a52753d9400f25202002a1
:1053b800eb95400f2520200265ff00100100022414
:1053c800290006242528000061fe400f1700a427a5
:1053d800010002241400a2a31500a2a306000224bf
:1053e8001600a2a34800028e1800a2af07000224ec
:1053f800a9ff62523400028ea8ff001000000000ce
:10540800253000002528000061e1400f25202002fa
:105418004fff0010251000006000028289ff410440
:1054280025280000600002928410027c600002a21d
:1054380061fe400f1700a427010002241400a2a354
:105448001500a2a3060002241600a2a34800028e9b
:0854580092ff00101800a2af42
:020000040000fa
:020000041d02db
:10546000c0ffbd273c00bfaf3800b6af3400b5afba
:105470003000b4af2c00b3af2800b2af2400b1affe
:105480002000b0af259080004e00c0102588a000fd
:1054900025a08000010015244000448e8c0080105f
:1054a000251000008bf3400f3c00452648004010bb
:1054b000258040003f0042883c00029a1000a2afc5
:1054c000400002921400a2a3410002921500a2a380
:1054d000400050ae1000b02725980000252820027b
:1054e0009def400f4000448e259040007800401210
:1054f00025100000280032ae1800228e0000458cd6
:105500004013a37cb080828f7b0040102528600070
:1055100009f84000252040022f0022a2000807249d
:105520003c0046262528000237dd400f25202002ba
:10553000800060522000228e67fd400f252020024f
:10554000f2ff42245e004396ffff42302b186200b8
:105550005f006014251000008d0000162528200231
:10556000bc80828f0900401425300000039d053c5b
:1055700080cea524abf0400f252000002518400068
:10558000bc8082af52006010251000005800509679
:1055900001a0043ca6fa400f108e842401a0043c14
:1055a000a2f9400fc08e84246a00401425284000d0
:1055b00001a0043cb4fa400f108e84244400001073
:1055c0002510000025a0a000b3ff00100200152444
:1055d0003c00538effff0224050062124000568eed
:1055e0009bfc400f2520c00206006216ffff02242c
:1055f0001000a2af1400a2a71000b027b7ff001040
:10560000010013240800c012030002246500c392a5
:1056100005006214010013241000a0af1400a0a71d
:10562000aeff00101000b0273c0042922000422440
:10563000ff0042301000422c0f00401001000224f5
:105640001000a2a31100a0a35e0002241200a2a3d6
:105650003d0042927f0042301300a2a33e004292de
:105660001400a2a33f0042921500a2a31000b0278d
:105670009aff0010010013243c00438e0400c28ee8
:10568000261062000800c48e24104400030040105d
:10569000010013240c00c38e020013241800a3afd2
:1056a000010007241000a6271800a527bee2400f1e
:1056b0002520c002020003243a0043100100032405
:1056c0004408027c86ff4310252820022510000094
:1056d0003c00bf8f3800b68f3400b58f3000b48fd8
:1056e0002c00b38f2800b28f2400b18f2000b08f20
:1056f0000800e0034000bd27ff00633062004292d3
:10570000021862704992023c9324422418006200fd
:105710001010000021104300832002008078437c99
:105720007dff601025100000ffff82247aff00102b
:10573000ff00423010004234200022ae0100062457
:1057400025282002cddb400f25204002e0ff00107d
:1057500001000224040055a0050050a0080054ac2c
:105760001800a28f0c00a2ac01a0103cf3fd400f6a
:10577000108e0426b4fa400f108e04262000228ecc
:1057800008004234200022aed1ff001001000224a4
:10579000cff9400f2520400227100200ccff001057
:0c57a000c21702004dff00101000b027df
:020000040000fa
:020000041d02db
:1057ac00c0ffbd273c00bfaf3800b5af3400b4af6d
:1057bc003000b3af2c00b2af2800b1af46fd400fa4
:1057cc002400b0af960040102588000025804000d2
:1057dc008afa400f2520400092004010251020022c
:1057ec003c00078e0002e230970040540c00028e01
:1057fc000800118e0000028e23882202ffff313236
:10580c0087002012010002245c00039284006214c1
:10581c00258800001400028e810040108000e230c8
:10582c00040040108001e77c2400028e0e004054de
:10583c003c00028e1800062614000526a9da400f3b
:10584c002400048e240002ae750040102588000050
:10585c003c00028e80004234010003248431627cbf
:10586c003c0002ae3c00028e0300423002000324d6
:10587c00050043540c00128e9bfc400f2400048e38
:10588c00140002ae0c00128e1800028e380042aecc
:10589c001400028e3c0042ae2400028e400042ae48
:1058ac003c00028e00024230690040500800118e0c
:1058bc004800552654005196080002241c00538eb3
:1058cc001000438e0c006494211044000c0062a460
:1058dc0008003426ffff9432c69c400f2a00049621
:1058ec00000062a6c69c400f28000496020062a627
:1058fc00c69c400f25208002040062a6060060a60c
:10590c002400028e60004290020042301e004014bf
:10591c00253000003800428e1000a2af3c00428eb1
:10592c001400a2af1800a0a3110002241900a2a316
:10593c00040062961a00a2a70c000524ce9c400f0e
:10594c001000a427273002003c00028e00024230d7
:10595c0046004010ffffc63008000524ce9c400fc7
:10596c002520600227300200ffffc63025282002c8
:10597c00ce9c400f0800a48e27100200ffff42307f
:10598c0027100200060062a63c004292f000423052
:10599c00e00003243b0043145e000292ff004330fe
:1059ac0001006050010002241d00a2a33c00028ee5
:1059bc00002e437c1c00a3a38007427c1e00a2a3e4
:1059cc001c00a72725308002110005242a9c400fbb
:1059dc0025204002000040ae3c00028e8004427c38
:1059ec00340042a613ff400f252040020d00401446
:1059fc00251020021000428e0c0040a43c00028ea8
:105a0c00000242302d0040500000028e540040a68f
:105a1c002000428ec418027c200042ae2588000073
:105a2c00251020023c00bf8f3800b58f3400b48f96
:105a3c003000b38f2c00b28f2800b18f2400b08fb0
:105a4c000800e0034000bd276dff00105400519486
:105a5c000000028e23882202ffff3132080022262a
:105a6c00ffff423095ff001025a80000252880027a
:105a7c00ce9c400f2520600227100200c0ff0010b2
:105a8c00ffff42301d00a2a33c00028e002e437c7f
:105a9c001c00a3a38007427c1e00a2a31c00a72706
:105aac0025308002110005242a9c400f252040023d
:105abc00000040aecaff001025100000d4ff0010fb
:045acc00080002ae1e
:020000040000fa
:020000041d02db
:105ad00080bf023c105c428c2000423044004014e5
:105ae00080bf023c205c458c01a0043c808d842456
:105af0001400838c1800828c0c00848c2b20640092
:105b00002100801080bf043c005c848c000884303d
:105b10003c00801001a0043c808d84240400848c0f
:105b20008030030021208600000085ac0100632442
:105b300001a0043c808d8424140083ac0c00848c70
:105b40001100831401a0043c808d84240800848cff
:105b50002b2044000c00801088bf043c0002052468
:105b6000741085ac80bf043c0c000524045c85ac3b
:105b700080bf043c04000524085c85ac88bf043c5d
:105b800000040524781085ac01a0043c808d842499
:105b90000c00848c2b2064007100805001a0043c18
:105ba00080bf033c005c638c0008633034006010ed
:105bb00001a0033c808d63240800638c2b184300f4
:105bc0002200601001a0033c808d638c80200200c5
:105bd000211864000000648c80bf033c205c64ac2e
:105be0000100422401a0033c808d6324180062acb4
:105bf00088bf023c00020324441043ac0800e003c9
:105c00000000000080bf043c005c848c00048430f1
:105c10000800801001a0043c808d84240400848c42
:105c20004030030021208600000085a4c0ff001042
:105c300001006324808d84240400848c212083004f
:105c4000000085a0baff001001006324808d63244a
:105c50001000638ce3ff601080bf033cff0004244e
:105c6000205c64ac01a0033c808d63241000648c34
:105c7000ffff8424100064acdbff001001a0033c94
:105c800080bf033c005c638c000463301b00601029
:105c900001a0033c808d63240800638c2b18430013
:105ca0000900601001a0033c808d638c402002003d
:105cb000211864000000649480bf033c205c64ac45
:105cc000c8ff001001004224808d63241000638c03
:105cd000c4ff601080bf033cff000424205c64ac60
:105ce00001a0033c808d63241000648cffff84249a
:105cf000100064acbcff001001a0033c808d632445
:105d00000800638c2b1843000800601001a0033cbe
:105d1000808d638c211862000000649080bf033c7a
:105d2000205c64acafff001001004224808d63242e
:105d30001000638cabff601080bf033cff000424a5
:105d4000205c64ac01a0033c808d63241000648c53
:105d5000ffff8424100064aca3ff001001a0033ceb
:105d6000808d84240c00848ca1ff831401a0033c4b
:105d7000808d63240800638c9dff621480bf023c09
:105d800040000324145c43ac88bf023c000203249f
:105d9000741043ac01a0023c808d42241c0040a042
:105da0002000428c92ff401001a0023ce8ffbd277a
:105db0001400bfaf808d42242400448c2000428c0c
:105dc00009f840000000000088bf023c00020324e4
:105dd000441043ac1400bf8f0800e0031800bd2737
:020000040000fa
:020000041d02db
:105de000c8ffbd273400bfaf3000beaf2c00b7af37
:105df0002800b6af2400b5af2000b4af1c00b3af8d
:105e00001800b2af1400b1af1000b0af25988000f9
:105e100025a0a0002590c000010002240300a210cc
:105e200025a8e0000600c01425b00000cee4400f15
:105e3000ffff11241700401025b0400225904000bc
:105e4000ffff052471f8400f708084277c80838fca
:105e50000d0060108c80848f2588000025f00000e4
:105e600080101e00211082000000428c74004050ff
:105e70008080848f01003126208e117c2b1023021c
:105e8000f7ff401425f02002bdf7400f70808427f3
:105e9000ffff1124251020023400bf8f3000be8f79
:105ea0002c00b78f2800b68f2400b58f2000b48f48
:105eb0001c00b38f1800b28f1400b18f1000b08f88
:105ec0000800e0033800bd2774808397740011a692
:105ed000000017ae010042242110e202040002aecd
:105ee000140005ae2128a300180005ae18020224f4
:105ef000660002a680f01e008c80828f21f05e007a
:105f00000000d0afbdf7400f708084274cd8400f01
:105f100025200002010002241e006216710013a257
:105f20002000073c0600e724040006241400052492
:105f3000b4ea400f780004243f004010039d033c66
:105f4000b8a66324080043ac0c0050ac0100032445
:105f5000700043a4580043a40f004010480002ae54
:105f60008400028e048c627e15008012840002aed2
:105f70005e0012a673f6400f5c0016a6240002ae67
:105f80008400028e010003244408627c1d0000107e
:105f9000840002ae480000ae71000292050040503d
:105fa0008400028eaee4400f25200002b9ff0010ed
:105fb000ffff1124048c627e09008016840002ae6b
:105fc0005e0012a68400028e010003240400627c9d
:105fd000840002ae700000a2aeff00106e0012a698
:105fe0005e0012a673f6400f5c0016a6240002aef7
:105ff0008400038e010002244408437c06006216dc
:10600000840003ae0400a012000000000000a28e75
:10601000010040543c0002ae66e3400f2520000220
:10602000000042280b000324010004240a18820007
:1060300098ff0010700003a2d7ff0010480002aec6
:106040000800828c8c00062409f840000100052419
:10605000258040008080848f768085970100a5246c
:106060000400828c09f84000ffffa53025b84000ed
:106070008080848f748085970100a5240400828c21
:1060800009f84000ffffa530050000122528400058
:106090000400e0128080848f8bffa054768082976a
:1060a0008080848f0c00828c09f84000ffff11244f
:1060b0008080848f0c00828c09f840002528e00243
:1060c0008080848f0c00828c09f840002528000213
:1060d000bdf7400f708084276fff0010251020024d
:020000040000fa
:020000041d02db
:1060e000d0ffbd272c00bfaf2800b1af2400b0af58
:1060f000258880002580a0001400a0a71800a0af6c
:106100004800828c1000a52709f8400025200002d5
:10611000290040041800a6272800228e2528000008
:1061200009f84000252000021000a3970800632c06
:1061300021006010f4ff02241000a39780180300d0
:10614000029d023c58614224211043000000428c11
:1061500008004000000000007861029dcc61029db3
:106160003062029d7862029dbc62029d1063029db6
:106170006463029da863029d5000228e1800a68fc2
:106180002528000009f84000252000020a004004ec
:1061900001000324090043102c00bf8f01000224da
:1061a0001000a2a74c00228e1000a58f09f8400015
:1061b00025200002010002242c00bf8f2800b18f8f
:1061c0002400b08f0800e0033000bd275400228e69
:1061d0001400a52709f8400025200002f6ff40041e
:1061e00001000324f5ff43102c00bf8f1400a28789
:1061f000090042041000a0af020002241000a2a770
:106200004c00228e1000a58f09f8400025200002c6
:10621000e9ff0010010002244c00228e2528000016
:1062200009f8400025200002e3ff001001000224cd
:106230005800228e1800a78f3800069625280000e7
:1062400009f8400025200002dbff40040100032480
:10625000daff43102c00bf8f030002241000a2a716
:106260004c00228e1000a58f09f840002520000266
:10627000d1ff0010010002245000228e1800a68fca
:106280002528000009f8400025200002caff40042c
:1062900001000324c9ff43102c00bf8f0400022417
:1062a0001000a2a74c00228e1000a58f09f8400014
:1062b00025200002c0ff0010010002245400228e9d
:1062c0001400a52709f8400025200002baff400469
:1062d00001000324b8ff43101400a397380004966c
:1062e00024286400b4ffa414ffff02241200a3a713
:1062f000050002241000a2a74c00228e1000a58fda
:1063000009f8400025200002abff00100100022424
:106310001200a697380002962630c2005800228e3e
:106320001800a78fffffc6302528000009f840009d
:1063300025200002a0ff4004010003249fff43101a
:106340002c00bf8f060002241000a2a74c00228e52
:106350001000a58f09f840002520000296ff0010cc
:10636000010002245000228e1800a68f252800006c
:1063700009f84000252000028fff4004010003249b
:106380008eff43102c00bf8f070002241000a2a72d
:106390004c00228e1000a58f09f840002520000235
:1063a00085ff0010010002245400228e1400a5274e
:1063b00009f84000252000027fff4004010003246b
:1063c0007dff43101400a397380002962418620042
:0c63d000feff022478ff00100a100300fa
:020000040000fa
:020000041d02db
:1063dc00c8ffbd273400bfaf3000b7af2c00b6af3d
:1063ec002800b5af2400b4af2000b3af1c00b2af8f
:1063fc001800b1af1400b0af25a080002590a0000c
:10640c0025a8e0004800b78f4c00b68f80880600a6
:10641c0087cc400f252020024700401025984000d3
:10642c0087cc400f580004244100401025804000c8
:10643c00580006242528000061fe400f252040004e
:10644c00300013ae25302002a500052461fe400f5c
:10645c00252060020b0040123000138e25104002e4
:10646c0034000326100052260000448004008010e3
:10647c00000064a001004224fbff521401006324bd
:10648c00430000a20500e32e040002240ab84300d6
:10649c002c0017ae480017ae04001226a301410fc2
:1064ac0025204002a301410f18000426100010ae55
:1064bc000500022423105700180002ae240010ae71
:1064cc00fcff3126212071022530a00225288002f4
:1064dc005bf2400f0410047c0200c012000002aefc
:1064ec000000d0aea9f6400f000000007c81828f26
:1064fc00010042247c8182af8c81828f100040107d
:10650c00000000007081828f2d0040146081828f0a
:10651c008c81828f2c00428c2c00038e2b106200fd
:10652c00260040508c8190af250000106081828f36
:10653c00a101410f252060024d000010ffff022435
:10654c008c8190af7c81838f010002241b0062142c
:10655c0001a0113c7c8b3126640033267bff400f5d
:10656c002520200214003126fcff33160000000009
:10657c0001a0133c7bff400f9c8e642601a0113cb4
:10658c007bff400f888e242601a0043c7bff400f2c
:10659c00748e842401a0043c7bff400f608e842405
:1065ac0001a0043c7bff400f4c8e84249c8e7326f0
:1065bc00888193af888e3126848191af6081828fe0
:1065cc0001004224608182af2c00038e7481848f81
:1065dc00010002240410620025104400748182af73
:1065ec0001a0043c7c8b8424801003002110430008
:1065fc0080100200211082000400428c080002aec0
:10660c000800438c0c0003ae040072ac080052acc2
:10661c002c00058e80100500211845008018030001
:10662c0021188300140003ae0000628c0100422488
:10663c0041ee400f000062ac7081838f0c00601043
:10664c00010002248c81828f2c00438c2c00028e42
:10665c002b18620006006010010002240068024042
:10666c000001423400688240c00000000100022496
:10667c003400bf8f3000b78f2c00b68f2800b58f39
:10668c002400b48f2000b38f1c00b28f1800b18f80
:0c669c001400b08f0800e0033800bd2798
:020000040000fa
:020000041d02db
:1066a80080ffbd277c00bfaf7800b6af7400b5afe0
:1066b8007000b4af6c00b3af6800b2af6400b1afa4
:1066c8006000b0af258880002590c00025a0e000bc
:1066d8001000908c14008294580002a64200029682
:1066e80017008390845a627c420002a64400158eeb
:1066f8000b00c0105400168e0900e010ffffe324c1
:106708000000a5962510c000ffff04240000468c59
:106718008700a610ffff6324fcff641408004224ce
:10672800170023920100022458006214049d133cb0
:106738001000338e3800a0af3c00a0af4400a0afdb
:106748004800a0af4c00a0af5000a0af00002296b8
:106758004000a2a7049d023c8cfc42241000a2af7a
:10676800049d023cacfc42241400a2af049d023cf0
:10677800ccfc42241800a2af0800228e1c00a2af55
:10678800039d023c682642242000a2af049d023cdf
:10679800b09042242400a2af049d023c08eb42249e
:1067a8002800a2af039d023c883a42242c00a2afe5
:1067b800049d023c289942243000a2af3400b3afb4
:1067c800140022964200a2a7f48082979301410ff9
:1067d8004400a2a74600a2a7160022924800a2a33e
:1067e800170022924900a2a3010002244a00a2a78e
:1067f8003f00628a3c00629a4c00a2af400062925d
:106808005000a2a3410062925100a2a35400a0a389
:106818001000a2275800a2af5c00b6af0800a28ef5
:106828005400a52709f840000000a496ffff0324a0
:10683800090043104c0002ae1c00a28e0300052480
:1068480009f840000000a496ffff03240e0043143b
:10685800500002ae500000ae4c0000ae2510000003
:106868007c00bf8f7800b68f7400b58f7000b48f2e
:106878006c00b38f6800b28f6400b18f6000b08f76
:106888000800e0038000bd27049d133cc4c873269c
:10689800049d153c18c9b5260d0040122528400254
:1068a8000b0080122528000000006596ffff832654
:1068b80025104002ffff04240000468c1a00a61091
:1068c800ffff6324fcff641408004224252800000d
:1068d8000400628e09f8400025202002e0ff4010e5
:1068e8000c007326ecff7516000000005000048ea3
:1068f800dbff8010010006244400028e4c00428c0d
:1069080009f8400096070524d6ff40107c00bf8f89
:1069180042000396010004248473837cc47b037cb7
:10692800cfff0010420003a6e9ff00100400458cc9
:0c6938000400568c7aff0010540016aecc
:020000040000fa
:020000041d02db
:1069440058febd27a401bfafa001b3af9c01b2aff5
:106954009801b1af9401b0af258080002598a000c4
:10696400dc8092871000a0a32c0006241000a52729
:1069740079ad400f252040021000a39302000224a9
:1069840084006214c00006242528000079ad400f5d
:1069940025204002c000032480004314380106244b
:1069a4003c00a52779ad400f2520400225884000f2
:1069b400040042287b00401404000624029d053c88
:1069c4007c91a52416fb400f3c00a4273c004054b6
:1069d400258800005e0003960e00622c61004010c2
:1069e4002828022406106200010042305d00401095
:1069f4001400a38f4800028e5b0062142528000057
:106a0400010060563c007326060006242528600217
:106a140016fb400f2c00a427530040142528000027
:106a24006000029204004230060040140100032476
:106a34002000a28f340002ae640002920400627c43
:106a4400640002a27c01a0af8001a0af8401a0afca
:106a54008801a0af8c01a0affcff22264000a32731
:106a6400049d113c64d831267401a3af11000010b9
:106a7400049d133c7401a38f000065901cd8642608
:106a84000000868c2a00a654080084240400828c0a
:106a94007401a52709f84000252000020c004018c5
:106aa4007401a38f211862007401a3af7801a38f2e
:106ab40023106200efff401c7801a2af258800007c
:106ac40057f7400f252040022b000010251020020c
:106ad400fbff4014258800007c01b18f02000224d2
:106ae40006002212050002241800221602000224c5
:106af4005c0003962d0062542400038e8001a28f53
:106b0400240002ae60000292010003248410627c1f
:106b1400600002a205000224e9ff22167401a527e1
:106b240046c7400f25200002e5ff00100500112490
:106b3400d4ff91540000868c0100649002008424e8
:106b440021186400c8ff0010231044002400038ea1
:106b54008001a28ff0ff625005000224d8ff0010cc
:106b640025880000252800000ce6400f252040025f
:106b74002588000025102002a401bf8fa001b38f37
:106b84009c01b28f9801b18f9401b08f0800e0038b
:106b9400a801bd27caff001025880000c8ff001007
:106ba40025880000c6ff0010258800008001a28f00
:106bb400c3ff621425880000d9ff00107401a527c3
:020000040000fa
:020000041d02db
:106bc400d0ffbd272c00bfaf2800b5af2400b4af61
:106bd4002000b3af1c00b2af1800b1af1400b0afc7
:106be4008c00c0102588c00025a8a0002590c000f6
:106bf4008800a010258800003bfd400f0000000025
:106c040084004010258040004800428c82004010df
:106c14002510200258ef400f252000027700401075
:106c24002588400025a040022b90520001004056c8
:106c340025a04000ffff94320800048e0400128e49
:106c4400211094002b1052005900405425908002ca
:106c540023904402ffff5332ffff5232253040029b
:106c6400a9fd400f2528a00221a8b2022390930277
:106c7400ffff52320000028e080002ae25304002af
:106c84002528a002a9fd400f0800048e0800028eea
:106c940021105200080002ae1000058e2e0045504f
:106ca4008400028e8400048e4007837c0b006010f5
:106cb400200083300900601423a034020400038ef2
:106cc4000000068e231866004078637cffff943230
:106cd4002b1874003e006010000000002b18a20066
:106ce400350060500400038e23104500ffff42303e
:106cf400600006962b3846000200e0102518c000fc
:106d040025184000ffff6330660007962b386700a4
:106d14003600e010000000006a00079642380700c1
:106d24002b186700310060102b30c2000900c0141a
:106d34004006827c2d004014000000000080843056
:106d4400050080548400028e0c00028e2700a210dd
:106d5400000000008400028e040042301100401440
:106d6400010003248400028e8410627cdff7400f4c
:106d7400840002ae73f6400f25884000801811008d
:106d840021187100c01803006210043cd34d842400
:106d94001900640010180000821903002118620011
:106da400280003ae218853021a000010ffff31327d
:106db400b2ff001025980000231865000000068e1d
:106dc4002310460021106200c9ff0010ffff42306b
:106dd40035f7400f252000028400028e01000324b1
:106de4004429627cefff0010840002ae35f7400fa7
:106df40025200002ecff0010218853027100039249
:106e040001000224040062142510200235f7400f0b
:106e140025200002251020022c00bf8f2800b58fea
:106e24002400b48f2000b38f1c00b28f1800b18fe0
:0c6e34001400b08f0800e0033000bd2700
:020000040000fa
:020000041d02db
:106e4000b8ffbd274400bfaf4000b6af3c00b5afb0
:106e50003800b4af3400b3af3000b2af2c00b1afe4
:106e60002800b0af258080002598a0007a65400feb
:106e7000e880928f401802002118620080180300f9
:106e800021106200c0100200219042024c00428e8c
:106e90004e0040100000000009f8400025200002cc
:106ea0004a00401025884000b4fd400f25204000d6
:106eb0000200432c45006014000000006000439273
:106ec000400063300200601025a00000010054243f
:106ed0001000a0af1400a0af1800a0af1c00a0af1e
:106ee0002000a0af2400a0a3140027262510200214
:106ef0001000a3272000062401004224ffff449035
:106f000006008610f7ff85240500a52c0300a014b9
:106f100000000000000064a001006324f7ff471494
:106f200001004224b4fd400f1000a4272e004010a1
:106f3000258040001000a22721b05000259040007d
:106f40007800152400004492d3ff8224ff004230d1
:106f50000200422c0600405401005226c8fe400f99
:106f60000000000001004050000055a20100522620
:106f7000f4ff56161000a293200042349fff4224d3
:106f80001a00422c02004014780002241000a2a330
:106f90002110b0030f005224c8fe400f0f00449090
:106fa0000200401478000224000042a2370080163c
:106fb000030002260400638e2a1043000e004014d2
:106fc000ffff0224160000104400bf8f040000528f
:106fd000258800022c001126bdff001025a000000e
:106fe000bbff001025a000000c008012251000003f
:106ff0000a000010000020a20000648e0c00022491
:10700000000082a0010090a0253000021000a527fa
:10701000a9fd400f02008424020002264400bf8f15
:107020004000b68f3c00b58f3800b48f3400b38f6a
:107030003000b28f2c00b18f2800b08f0800e00321
:107040004800bd270000648e0c000224000082a0ce
:10705000010090a0253000021000a527a9fd400fd7
:1070600002008424010012262b1092020b9082024f
:10707000253040021000a527a9fd400f2520200241
:1070800021903202e4ff0010ffff40a2000020a286
:107090000400638e2a104300eaff4014ffff02241d
:0870a000dfff00104400bf8f68
:020000040000fa
:020000041d02db
:1070a800d8ffbd272400bfaf2000b4af1c00b3af8a
:1070b8001800b2af1400b1af1000b0af258880003f
:1070c80025a0a0004400929014005226ffff5232df
:1070d8003d00422e040040142598e000ac80828fc9
:1070e800feff4014000000001800308e00000292dd
:1070f800040003240439627c821812000418627c9c
:10710800000002a2460022960100423016004010fc
:107118001400022645002392801803002110430022
:107128000000439001000424c439837c4431037c6b
:10713800140004240420837c000043a004000324da
:10714800010043a0040043242120120223186400f4
:10715800201e037c58006018020040a4ac80828f77
:10716800feff40140000000057006012010000a25a
:1071780000006292200042300400401025100000f8
:10718800010003248410627c010002a200006292c4
:107198001000423004004010010003240100029254
:1071a800c418627c010002a200006292080042300a
:1071b8000400401001000324010002920421627cb3
:1071c800010002a200006392070062300400401030
:1071d80021204602010002924439627c010002a289
:1071e800c69c400fffff8430020002a6cc80849723
:1071f80001008424ffff8430c69c400fcc8084a704
:10720800040002a6c69c400f25200000060002a626
:107218000200629204004010010003240600029656
:107228008473627c060002a601006292010040504d
:1072380064000224080002a2090014a20a0000a6a1
:107248003800228e0c0002ae3c00228e100002aee6
:107258004000228e60004290040042300500401435
:107268002530000025284002ce9c400f2520000232
:107278000a0002a61000238e0c006294211042021c
:107288000c0062a41800228e211052001c0022aead
:107298004000228e280022ae2400bf8f2000b48f29
:1072a8001c00b38f1800b28f1400b18f1000b08f7c
:1072b8000800e0032800bd27abff6204040040a0db
:1072c800a9ff00100000000021204602c69c400fc4
:1072d800ffff8430020002a6cc808497010084243a
:1072e800ffff8430c69c400fcc8084a7040002a610
:1072f800c69c400f25200000060002a6cdff001006
:0473080064000224f7
:020000040000fa
:020000041d02db
:10730c00a020047c0800e00302142400a020047ccc
:10731c000800e00325108000a020047ca028057c38
:10732c00021425000800e003021c2400fcffa82422
:10733c001b000105010007348500a0102518c000b2
:10734c00ffffa8240400001500000000000083903b
:10735c000f00001021186600ffff0825060000151d
:10736c000100839000008890001a03002518680023
:10737c000700001021186600000089900200889018
:10738c00001a0300251869002118680021186600ee
:10739c00024c0300ffff6a306d00001021182a0117
:1073ac00110000001300c00001008230030089307e
:1073bc000f00201104000b342358690125400000f4
:1073cc0000008898ffff29250500201108000a34c9
:1073dc00ffff29250200201108004a2508004a2534
:1073ec0004404801010007712328ab0021208b00c9
:1073fc004219050040310300130060100000888c16
:10740c000400898c0100077108008a8c0100277127
:10741c000c008b8c0100477110008c8c0100677183
:10742c0014008d8c0100877118008e8c0100a771df
:10743c001c008f8c0100c771ffff63240100e771f2
:10744c00edff0010200084242328a600021905005b
:10745c00003103000b0060100000888c0400898c44
:10746c000100077108008a8c010027710c008b8cbd
:10747c0001004771ffff632401006771f5ff0010e5
:10748c00100084242328a600c2180500c030030075
:10749c00070060100000888c0400898c01000771c3
:1074ac00ffff632401002771f9ff001008008424fa
:1074bc002328a6008218050080300300030060100a
:1074cc000000888c04008424010007712328a60086
:1074dc000f00a0100100a6300400c0140000000032
:1074ec000100888809000010024408000200a63040
:1074fc000400c01400000000000088880300001085
:10750c000246080002008888024208000100077148
:10751c001048000012400000211828012b58680068
:10752c00020060110000000001006324024c030003
:10753c00ffff6a3021182a01024c0300ffff6a305a
:10754c0021182a010200401000000000a018037c42
:0c755c00271060000800e003ffff423031
:020000040000fa
:020000041d02db
:10756800d0ffbd272c00bfaf2800b3af2400b2afb7
:107578002000b1af1c00b0af00a0023cb40142240f
:1075880078004414258000002588a0002590c000bc
:107598001000a0af1400a0af4c80828f01004224dd
:1075a8004c8082af00a0023c2802428c04004010ac
:1075b8000500052400a0043c09f84000a402842426
:1075c8001000a7271400a62700a0053c6402a524e4
:1075d80000a0133c4fbb400fb40164262580400037
:1075e800b40173267400628e04004010060005245e
:1075f80000a0043c09f84000a4028424ffff0226ee
:107608000200422c13004054010002245d000016c1
:1076180000a0023c1000a28f060043902024037ca7
:1076280006008104100063300300429001004230dc
:10763800251043002100401000a0023c00a0023c9d
:10764800b40142240401438c01006324040143acc7
:10765800f5ff022401002056000022ae00a0023ce3
:107668006c02508c3f00001200a0023c2802428ca1
:10767800040040100500052400a0043c09f840005f
:10768800a402842400a0103cb4011026b800058e82
:10769800b8b4400f252000027400028e310040105b
:1076a800258000000600052400a0043c09f84000dd
:1076b800a40284242c00001025100002b4014224e6
:1076c800f800438c01006324f80043ac4880828fa3
:1076d80001004224488082af01002056000020aefd
:1076e80000a0113cb401312601000624b800258e03
:1076f8000bf5400f25202002258040001000428c09
:10770800000040acbc002296fcff4224ffff423040
:10771800bc0022a61000038e73f6400f0c0062a472
:10772800240002ae2000028e0431027c080043349b
:10773800200003ae1000a48f030083904000653042
:107748001600a050201c037c280045340500401278
:10775800200005ae0000838c0400828c000043ae3c
:10776800040042ae251000022c00bf8f2800b38f02
:107778002400b28f2000b18f1c00b08f0800e003f6
:107788003000bd27b40142240801438c0100632462
:10779800080143acafff0010f6ff0224ebff6104c1
:1077a80018004534e9ff001048004534ccff0010ac
:0477b800000020aeff
:020000040000fa
:020000041d02db
:1077bc00b8ffbd274400bfaf4000beaf3c00b7af21
:1077cc003800b6af3400b5af3000b4af2c00b3af57
:1077dc002800b2af2400b1af2000b0af7100e010b0
:1077ec0001001024259080002598a00025a0c00041
:1077fc000100a230090040102588e000afc3400f03
:10780c00010007246700401025804000ffff31264f
:10781c0064002012010073260100942601003e3200
:10782c006d00c0130200222effff31260200222e13
:10783c002b0040140100072485e1400f2520400255
:10784c005800401025804000adff02241000a2a378
:10785c00021413001100a2a3021213001200a2a31f
:10786c001300b3a3000082921400a2a30100829221
:10787c001500a2a3aff2400f2520400225380000ce
:10788c002530000006000524b391400f1000a427fa
:10789c00410040100000000026ec400f00000000ea
:1078ac0025804000c3f2400f252040023c0000120e
:1078bc00640005246ee4400f25204002380040107f
:1078cc00258040000400222e0b00401042101100b5
:1078dc003beb400f252040023200c013010007246f
:1078ec002130910221283302afc3400f25204002e2
:1078fc002c000010258040001800a2af0200952635
:10790c0001001624adff17241000b7a30000a292ab
:10791c001100a2a30100a2921200a2a3aff2400f89
:10792c0025204002253800002530000003000524e6
:10793c00b391400f1000a42713004010000000006a
:10794c0026ec400f000000001c00a2afc3f2400f59
:10795c00252040021c00a28f0d004010640005245d
:10796c006ee4400f25204002090040100100d6268d
:10797c001800a28f2b10c202e3ff40140200b526a0
:10798c00d3ff001000000000c3f2400f252040027e
:10799c000400001025800000c3f2400f2520400297
:1079ac0025800000251000024400bf8f4000be8fd0
:1079bc003c00b78f3800b68f3400b58f3000b48fd1
:1079cc002c00b38f2800b28f2400b18f2000b08f11
:1079dc000800e0034800bd2797ff4010000000009e
:0879ec00f0ff0010010010245f
:020000040000fa
:020000041d02db
:1079f400e0ffbd271c00bfaf1800b1af1400b0af4b
:107a04002588a00046fd400f2580c00025184000b1
:107a140021006010251000001f0000121100242e08
:107a24001d00801080881100029d023c447a42248b
:107a3400211051000000428c0800400000000000aa
:107a4400887a029db07a029dc87a029de07a029dee
:107a5400f47a029d087b029d187b029d287b029d7f
:107a6400387b029d4c7b029d5c7b029db47b029d16
:107a7400c87b029dd87b029dec7b029d007c029d0d
:107a8400147c029d3c00628c040042388000427cdd
:107a9400000002a2010002241c00bf8f1800b18f55
:107aa4001400b08f0800e0032000bd273c00628c66
:107ab40008004238c000427c000002a2f6ff001019
:107ac400010002243c00628c100042380001427c18
:107ad400000002a2f0ff0010010002243c00628cae
:107ae40003004230000002aeebff0010010002244c
:107af4003c00628c8002427c000002a2e6ff00107f
:107b04000100022410006294000002a6e2ff0010ab
:107b14000100022454006294000002a6deff00105b
:107b24000100022458006294000002a6daff00104b
:107b3400010002243e00629401004230000002a2cf
:107b4400d5ff0010010002245e006290000002a232
:107b5400d1ff0010010002243c00638c1c00623041
:107b64001c0042380005647c020080100100422c95
:107b7400020042344005647c010080540400423415
:107b84008005647c01008054080042348004647cd5
:107b94000100805410004234c004637c010060542e
:107ba40020004234000002aebbff0010010002249a
:107bb4003c00628c002e427c000002a2b6ff001042
:107bc400010002245f006290000002a2b2ff0010d4
:107bd400010002243c00628c8007427c000002a267
:107be400adff0010010002243c00628c0005427cc1
:107bf400000002a2a8ff0010010002243c00628cd5
:107c04004005427c000002a2a3ff001001000224f0
:107c14003c00628c27100200c2170200000002a27e
:087c24009dff00100100022485
:020000040000fa
:020000041d02db
:107c2c00d0ffbd272c00bfaf2800b3af2400b2afec
:107c3c002000b1af1c00b0af1600839003000224eb
:107c4c0010006214258880001000848c42008394fc
:107c5c000100633004006010010002247cd2400f4c
:107c6c0001000524010002242c00bf8f2800b38fd3
:107c7c002400b28f2000b18f1c00b08f0800e003ed
:107c8c003000bd27e080828f520040142590a00068
:107c9c00f5ffa010680006240800848cd08084af07
:107cac00ffff0224dc8082a70800828c09f84000c8
:107cbc000000259625184000e88082afeaff60108e
:107ccc002510000005000624049d053cd4d7a524ee
:107cdc000be4400f0c000424d48082af01a0043cc0
:107cec002f00410f248e84242598400004004296d6
:107cfc00da8082a706004596d88085a70201072462
:107d0c0025300000a3eb400f010004242580400027
:107d1c00ffff0224210002121000a62705000524f3
:107d2c007d9e400f252000021000a2970002422cdd
:107d3c0008004010000202241000a2a70002062432
:107d4c00050005242988400f252000023e00401024
:107d5c000000000025380000da8086970100052419
:107d6c00abae400f2520000237004010253000003c
:107d7c00020005242988400f252000022538000028
:107d8c00049d063c94edc6240001052473de400fcf
:107d9c00252000022c00401000000000dc8090a781
:107dac00d480828f06004010000000000400601296
:107dbc0000000000ffff022405000256000022967e
:107dcc00fbd5400f00000000a7ff0010251000009d
:107ddc00e48082af1400239640100300211043006e
:107dec008010020021104300c0100200e880838f35
:107dfc0021106200600040a0020043960100605018
:107e0c000a000324580043a402000324560043a490
:107e1c00e80303245a0043a41000248e42008294e9
:107e2c000100423004004050e080828f7cd2400f31
:107e3c0001000524e080828f01004224e08082afa3
:107e4c0089ff00100100022473f4400f252000026a
:087e5c00d2ff0010ffff10240b
:020000040000fa
:020000041d02db
:107e6400d8ffbd272400bfaf2000b4af1c00b3afc0
:107e74001800b2af1400b1af3df0400f1000b0af26
:107e8400560040102400bf8f9000508c5000001208
:107e940025884000029d133ca89573269000542425
:107ea4001000028e0400428c050022520f0003923f
:107eb4006080828ffeff4014000000000f000392d8
:107ec40002000224050062500c0002926080828f3e
:107ed400feff4014000000000c000292ffff422449
:107ee400ff0042300500422c4300401001000224f0
:107ef4000e000392040062540c0002927b01410fb5
:107f04001000248e0c000292ffff42248010020015
:107f1400211053000000428c2528000209f840007b
:107f2400252020020e0002920600422c360040104a
:107f3400000000000e0002920500432c240060148f
:107f4400000000001000048e0400838c05002352fe
:107f54000d0003926080838ffeff60140000000018
:107f64000d000392010063300f0060540c00039273
:107f74000800838c2d0060100700432c260060103d
:107f840005000324030043142530000004000224e8
:107f94000e0002a20800828c0800079609f840002f
:107fa400252800020c00039203000224080062103a
:107fb4000200072425308002252800022dd0400f1e
:107fc400252020029000308eb6ff00561000028e4d
:107fd400bdf7400f252020022400bf8f2000b48f5e
:107fe4001c00b38f1800b28f1400b18f1000b08f33
:107ff4000800e0032800bd276080828ffeff401444
:10800400070002240e0002a27d01410f1000248efd
:10801400c9ff00100e0002926080828ffeff4014a0
:10802400ecff0624dcff00100800828c0c00039295
:1080340003000224e6ff6210000000006efa400f05
:10804400252080020a004010259040000f00439034
:108054000200022404006210000000006080828f8d
:10806400feff401400000000040012122528400204
:108074006080828ffeff4014252840020bfc400fd5
:108084009c00242603000224ceff00100f0042a20d
:020000040000fa
:020000041d02db
:10809400d0ffbd272c00bfaf2800b4af2400b3af7e
:1080a4002000b2af1c00b1af1800b0af2580800033
:1080b4003400a5af2588000025a00000ffff12248e
:1080c40024009324a9f6400f000000003800028e1b
:1080d4001e004010ffff4224380002ae0000028e52
:1080e400050040541000028e83ff400f0000000082
:1080f400080002ae1000028e0900401000000000cb
:10810400a3ba400f10000426050040100000000030
:10811400006802400001423400688240c000000050
:1081240041ee400f01001124251020022c00bf8fc6
:108134002800b48f2400b38f2000b28f1c00b18fad
:108144001800b08f0800e0033000bd273400a28f70
:10815400050040140000000041ee400f2588000097
:10816400f2ff00102510200203008016000000001a
:10817400aa65400f1000a42741ee400f0000000044
:10818400a265400f00000000a9f6400f00000000a7
:10819400440002922014027c01005250440000a2c8
:1081a400450002922014027c01005250450000a2b6
:1081b40041ee400f000000003400a5272ada400fea
:1081c4001000a4272300401400000000cdfb400f42
:1081d4002520000219004010000000000000028e5b
:1081e400080040143400a58fa9f6400f00000000d9
:1081f40045b9400f0800048e41ee400f2588400029
:108204003400a58f08fb400f252060029bd0400f4f
:1082140025200002afa5400f00000000a9ff405434
:1082240001001424006802400001423400688240c6
:10823400c0000000a3ff0010010014249bd0400fd5
:1082440025200002afa5400f010014249dff00105b
:10825400000000009bd0400f25200002afa5400f76
:1082640000000000cdfb400f2520000295ff4010c8
:1082740001001424adff201225102002a9f6400f9e
:10828400000000002400058e0500a010000000007e
:108294003000028e0000428c050005242328a20031
:1082a40000c1400f0800048e41ee400f25880000f5
:0882b4009eff001025102002be
:020000040000fa
:020000041d02db
:1082bc00d8ffbd272400bfaf2000b1af1c00b0af6a
:1082cc000300c01425808000ff7f063cffffc634ee
:1082dc001000a0af1400a0af0000a38c73006010be
:1082ec00251000004400118e256000002548000078
:1082fc00800118240100ef3001000a240200e7304d
:10830c0004000e24e800088e252040000000028d99
:10831c0004000d8d0e00a25500004d8c000000ad28
:10832c000c004014040000ad010080551400a4aff3
:10833c00010020551000abaf03000224e800048eae
:10834c001400a78f1000a38f5400001025300000dc
:10835c0000000dad2540600000e06d7c08004dacc8
:10836c00040058ac0400e0110000000004004d8c27
:10837c00444a4d7d04004dac0500e05042470800d6
:10838c0004004d8c04634d7d04004dac4247080045
:10839c0028000e15000000000400438c8452437d1d
:1083ac00040043ac000040ac2a008010140040ac28
:1083bc00000082ac0400432400e0637c140083ac16
:1083cc000400a5240000a38c25006054ffffc624e4
:1083dc00020020111400a2af1000abaf1000a38f4d
:1083ec003200601025100000010007241000a627a1
:1083fc00ec00058e63b1400f252000021666400f7d
:10840c00252020020700401400000000ec00028e22
:10841c000000458c0400a52400e0a57c5a65400fa3
:10842c00252020020a66400f252020021f00001084
:10843c0025100000dcff6204000040ac01008055f8
:10844c001400a4af010020551000abafbbff00100f
:10845c00feff022425584000d9ff0010254840019a
:10846c00a8ffc01425604001dcff20111400a2af4e
:10847c00daff00101000abaf2540c000000060ac6c
:10848c00140060ac0400858c0d00a0540000a3ac5b
:10849c00000083ac040083ac25180001f7ff67547f
:1084ac000000688cf4ff60542538c0002400bf8f96
:1084bc002000b18f1c00b08f0800e0032800bd27fe
:1084cc000400898c0400652400e0a57cf1ff0010f9
:0484dc00140025adb6
:020000040000fa
:020000041d02db
:1084e000e8ffbd271400bfaf1000b0af5481828fea
:1084f0007d004014000000007881908f010010265c
:10850000788190af0a000016000000008881828ff9
:108510008481838f888183af848182af6481828fdd
:1085200001004224648182afdafb400f00000000aa
:108530005c81838f2b180302140060142510000047
:108540008881828f0000428c0e00401025100000b0
:108550000100082401a0063c7c8bc6248881838fff
:108560000c00638c0c00638c0400648c2b280402c8
:108570001900a0501400648c5c8184af03000010cb
:1085800000000000ffff03245c8183af8c81838f98
:108590002c00648c801804002118640080180300eb
:1085a00001a0043c7c8b8424211864000000638caf
:1085b0000200632c010004240a1083006881848f68
:1085c000010003240b1064001400bf8f1000b08f53
:1085d0000800e0031800bd270800678c0c00658cbc
:1085e0000800e5ac0800678c0400a7ac0400652413
:1085f0000400878c0400e554140060ac0c00678c08
:10860000040087ac140060ac0000878cffffe724f7
:10861000000087ac2800648c110080502c00678c0f
:108620001c00698c2000678c080027ad1c00698c39
:108630000400e9ac180067240400898c0400275565
:10864000280060ac2000678c040087ac280060ac78
:108650000000878cffffe724000087ac2c00678cac
:108660007481898f0420e80025208900748184affb
:108670008020070021208700802004002120c400e2
:108680000400848c080064ac0800878c0c0067ac84
:108690000400e5ac080085ac2c00678c8020070046
:1086a00021288700802805002128c500140065ac1a
:1086b0000000a48c010084240000a4ac8c81848f71
:1086c0002c00638c2c00848c2b1883000b1003016e
:1086d0008881838f0000638ca0ff6014ffff032458
:1086e000a9ff0010000000006c81828f010042246d
:0c86f0006c8182afb4ff00102510000068
:020000040000fa
:020000041d02db
:1086fc00b8ffbd274400bfaf4000beaf3c00b7afd2
:10870c003800b6af3400b5af3000b4af2c00b3af07
:10871c002800b2af2400b1af2000b0af2598800084
:10872c002590a0005000a6af25a0e0001000a0af3f
:10873c001400a0af1800a0af1c00a0af01a0103c0b
:10874c00a6fa400f248e0426248e118e12002012bd
:10875c00029d1e3c029d153c049d173c029d163c3f
:10876c001000228e040040500400228e0800535446
:10877c000000318e0400228e160040102528400285
:10878c000c00268e09f84000252060020000318e76
:10879c00f4ff20561000228e01a0043cb4fa400fc6
:1087ac00248e84244400bf8f4000be8f3c00b78fc2
:1087bc003800b68f3400b58f3000b48f2c00b38fd7
:1087cc002800b28f2400b18f2000b08f0800e00386
:1087dc004800bd270800228e3f0040101000a28fd9
:1087ec002b0040540800228ee880908f7a65400f51
:1087fc002520600240180200211862008018030036
:10880c0021106200c01002008d01410f2180020274
:10881c001000a2afffff4226ff0042300e00432c97
:10882c000c0060149b0807240897c626583ca52604
:10883c008501410f252000003400028e1400a2afe8
:10884c003000028e22004050ffff02240f00001067
:10885c001800a2af6804e3262110430000004390e7
:10886c00ffff62240200422c110040503400028ea3
:10887c004800028e1c00a2af010002240b006214ff
:10888c005000a28f1400a2af1800b4af0800228ec3
:10889c000c00278e1000a6272528400209f840005e
:1088ac0025206002baff00100000318e3400028ec9
:1088bc001400a2af0b00422ee1ff40102a04022448
:1088cc000610420201004230ddff4010ffff02247f
:1088dc00eeff00101800a2afa20b0724c895c62704
:1088ec00583ca5268501410f25200000a8ff00104b
:0488fc000000318eb9
:020000040000fa
:020000041d02db
:10890000a8ffbd274800b6af25b0c0000400a68c64
:108910004400b5af4000b4af3400b1af0000b58c37
:108920005400bfaf5000beaf4c00b7af3c00b3af78
:108930003800b2af3000b0af25a080002588a0007d
:108940004a00c0042518e0004408157c0800278e62
:108950001000a9320000d28e0400de8e0400201127
:1089600025b8e00025105e0201004054fefff72408
:108970000800a83201000055fffff7261000308ed6
:108980000c00338effff102621107002000040a063
:108990002528e0020200022a0a00401425105e0287
:1089a000340040142310d700211045003500401c2e
:1089b000251000000300a0180200a232310040146c
:1089c000251000000b002011000000000000c28ee6
:1089d0000400c48e251044000600401021107002cf
:1089e000feff1026ffff43a0211070023000032479
:1089f000000043a00400001120000324ffff102604
:108a000021107002000043a01000268e2128700261
:108a1000ffffc6241000b5af2330d000d8ca400fe6
:108a2000252080020400838e000163300400601062
:108a30005400bf8f0400238e2a2043000b106400d3
:108a40005000be8f4c00b78f4800b68f4400b58fe2
:108a50004000b48f3c00b38f3800b28f3400b18f28
:108a60003000b08f0800e0035800bd27b7ff0010aa
:108a7000010006240f0042320a004a280200401179
:108a80005700442430004424bfff62241a00422cc3
:108a900013004010200082349fff42241a00422c11
:108aa00010004050ffff10266400a3af2800a7afbe
:108ab0002400a6af2000a5af1c00a8af8300410f83
:108ac0001800a9af6400a38f2800a78f2400a68fe9
:108ad0002000a58f1c00a88f1800a98f252040001a
:108ae000ffff102621107002000044a00291120026
:108af00000171e00ffffa52425905200a5ff0010bf
:048b000002f11e0060
:020000040000fa
:020000041d02db
:108b040000002110422063308440a550c660e77005
:108b1400088129914aa16bb18cc1add1cee1eff1ad
:108b24003112100273325222b5529442f772d66255
:108b3400399318837bb35aa3bdd39cc3fff3dee3fd
:108b44006224433420040114e664c774a4448554a5
:108b54006aa54bb528850995eee5cff5acc58dd54d
:108b64005336722611163006d776f6669556b446f5
:108b74005bb77aa719973887dff7fee79dd7bcc79d
:108b8400c448e5588668a778400861180228233845
:108b9400ccc9edd98ee9aff9488969990aa92bb9ed
:108ba400f55ad44ab77a966a711a500a333a122a95
:108bb400fddbdccbbffb9eeb799b588b3bbb1aab3d
:108bc400a66c877ce44cc55c222c033c600c411ce5
:108bd400aeed8ffdeccdcddd2aad0bbd688d499d8d
:108be400977eb66ed55ef44e133e322e511e700e35
:108bf4009fffbeefdddffccf1bbf3aaf599f788fdd
:108c04008891a981cab1eba10cd12dc14ef16fe1bc
:108c14008010a100c230e3200450254046706760f4
:108c2400b9839893fba3dab33dc31cd37fe35ef30c
:108c3400b1029012f322d232354214527762567244
:108c4400eab5cba5a89589856ef54fe52cd50dc55c
:108c5400e234c324a0148104667447642454054494
:108c6400dba7fab79987b8975fe77ef71dc73cd7ac
:108c7400d326f2369106b0165766767615463456e4
:108c84004cd96dc90ef92fe9c899e9898ab9aba9fc
:108c94004458654806782768c018e1088238a32834
:108ca4007dcb5cdb3feb1efbf98bd89bbbab9abb4c
:108cb400754a545a376a167af10ad01ab32a923a84
:108cc4002efd0fed6cdd4dcdaabd8bade89dc98d9c
:108cd400267c076c645c454ca23c832ce01cc10cd4
:108ce4001fef3eff5dcf7cdf9bafbabfd98ff89fec
:108cf400176e367e554e745e932eb23ed10ef01e24
:020000040000fa
:020000041d02db
:108d0400d0ffbd272c00bfaf2800b4af2400b3af01
:108d14002000b2af1c00b1af1800b0af25888000ae
:108d24002580a0007100c0102590c0000700062413
:108d34006700a52475fe400f1000a4275400148e6c
:108d440058001396700006242528000061fe400f89
:108d5400252000020800248e040080101800052637
:108d6400f9c3400f3c000526180005263ca4400f1b
:108d74000c00248e1c0005263ca4400f1000248ef9
:108d8400200005263ca4400f1400248e2400052650
:108d94003ca4400f1800248e280005263ca4400f54
:108da4001c00248e2800228e440002ae3a0040109b
:108db4000100042400004394020003a60200429030
:108dc400ffff4324ff0063300400632c3200601073
:108dd400650002a20400228e030046880000469823
:108de40007004588040045980b004488080044980f
:108df4000f0043880c0043982f0006aa2c0006bae3
:108e0400330005aa300005ba370004aa340004bab6
:108e14003b0003aa380003babfdc400f2c00042631
:108e24002400228e480002a6420002960100032478
:108e34000463627c420002a62400258ea7fc400f36
:108e440025200002040040542400028ec1f0400f8b
:108e5400252000022400028e100002ae2800028e9b
:108e6400140002ae42000296010003244429627ced
:108e7400420002a62400258e7ffb400f252000021d
:108e8400050040142520000042000296010003243e
:108e9400c418627c420002a60b0040121000a38f8b
:108ea4006a0003aa670003ba1400a3936b0003a229
:108eb4001500a3936c0003a21600a3936d0003a2f4
:108ec400540014ae580013a6010082382c00bf8f42
:108ed4002800b48f2400b38f2000b28f1c00b18f00
:108ee4001800b08f0800e0033000bd2725a0000063
:088ef40094ff00102598000016
:020000040000fa
:020000041d02db
:108efc0025108500370040102510000001000224c9
:108f0c0044008210c21f0500ffff022433008210b0
:108f1c000a00022450008210f6ff02244500821041
:108f2c00ffff02243400a004000000004e00a01437
:108f3c00203086702000c624f8ffc224423804007a
:108f4c002748020020004830042845000638270135
:108f5c0004104400252040002528e5000b200800c3
:108f6c000b2848003e0402242330460007008730bb
:108f7c00251080002b00e050c2100400c000427c81
:108f8c0003004224212044002b108200212845009c
:108f9c000006a27c23004010c21004000211040041
:108fac00003f05000100c6242510e2000221050047
:108fbc000005857c0200a050253000000098847cc0
:108fcc00c01a030025186600001d03000800e0030a
:108fdc00251864000800e00325180000cdffa454f8
:108fec000a000224c01a0300ff036334001d0300af
:108ffc000800e00325100000340080100080023cc3
:10900c002b1004002328050023200400c7ff0010a8
:10901c002328a200bdffa054ffff0224f2ff001082
:10902c00c01a0300403f05002510e200e0ff0010cd
:10903c00c2200500bbffa21400000000c01a0300f0
:10904c00020463340400043c001d030025100000de
:10905c000800e00325186400b0ffa054f6ff0224ba
:10906c00f7ff0010c01a03002030a6700800072478
:10907c002338e6000600e01c40400500aeffe0147b
:10908c002510800007008730baff00103604062434
:10909c00274807000610e400042028012000e830cf
:1090ac000638e500251082002520e0000a20480043
:1090bc002528e0003e0409240b2808002330260153
:1090cc0025108000abff001007008730cdffa254a5
:1090dc002b1004003e04062425100000b7ff0010de
:0490ec001000043c30
:020000040000fa
:020000041d02db
:1090f0000100a0540000a0ac7700801025100000f3
:10910000000086807400c01025180000f8ffbd27fd
:1091100001008424ff00c230253000002538000003
:1091200003000b24255000002e0009240200083cf7
:1091300006050825d0ff4c241100e014ff008c31f7
:109140000a00822d4100401025100000001a030083
:1091500001008424ffff8290230040100438837da7
:109160000100e724f3ff0010ff00e7300400c72ce4
:109170005100e01025384001efff0010d0ff4c24d3
:109180003400eb14000000003000491425100000ea
:109190002b1068004c0040102168a603003c677c3f
:1091a0004010070021104700c010020021104700a6
:1091b00080100200003a6c7c80380c002138ec00f2
:1091c0004038070021104700211043000000a2a1f1
:1091d0000100c624ff00c63001008424ffff8290f6
:1091e000e2ff401425180000030004241700c414f3
:1091f000251000000200043c060584242b20640096
:1092000012008010003c647c4010040021104400d7
:10921000c01002002110440080100200003a667c59
:1092200080200600212086004020040021104400f8
:10923000211043000300a2a30400a0100100022497
:109240000000a28f0000a2ac010002240800e0038d
:109250000800bd27130049142b1068001c004010a3
:109260002168a603003c677c4010070021104700de
:10927000c01002002110470080100200003a6c7cf0
:1092800080380c002138ec004038070021104700de
:10929000211043000000a2a10100c624ceff00104f
:1092a000ff00c6300a00822da8ff401425100000e0
:1092b000e6ff001000000000e4ff00102510000091
:1092c000e2ff001025100000e0ff00102510000054
:1092d000deff0010251000000800e0030000000081
:020000040000fa
:020000041d02db
:1092e000c8ffbd273400bfaf3000b5af2c00b4af0e
:1092f0002800b3af2400b2af2000b1af1c00b0af64
:10930000258080002590a0004000a6af2588e000c1
:1093100025a0000010009324a9f6400f00000000d3
:109320003800028e3c00038e2b10430003004014d3
:1093300002000224240022164000a28f25302002c1
:109340002528400299ca400f252000022400038ee0
:109350001500601000000000a3ba400f240004268e
:109360000500401000000000006802400001423487
:1093700000688240c000000041ee400f0000000085
:10938000010002243400bf8f3000b58f2c00b48f51
:109390002800b38f2400b28f2000b18f1c00b08f43
:1093a0000800e0033800bd27f3ff40100000000074
:1093b000006802400001423400688240c0000000a2
:1093c000edff001000000000050040140000000048
:1093d00041ee400f00000000eaff001025100000e1
:1093e0000300801600000000aa65400f1000a427ab
:1093f00041ee400f00000000a265400f0000000099
:10940000a9f6400f00000000440002922014027ce4
:10941000ffff032401004350440000a245000292d4
:109420002014027cffff032401004350450000a2ea
:1094300041ee400f000000004000a5272ada400f4f
:109440001000a4271c00401400000000a9f6400fe3
:10945000000000003800158e41ee400f3c00148ed5
:109460000f00b4164000a58f08fb400f25206002b6
:109470009bd0400f25200002afa5400f0000000048
:10948000a5ff40540100142400680240000142344a
:1094900000688240c00000009fff001001001424fb
:1094a0009bd0400f25200002afa5400f01001424df
:1094b00099ff0010000000009bd0400f2520000203
:1094c000afa5400f00000000aeff00102510000007
:020000040000fa
:020000041d02db
:1094d000e0ffbd271c00bfaf1800b2af1400b1af52
:1094e0001000b0af259080002588a0003bfd400f04
:1094f0002580c000251840002300601025100000c2
:109500000d00222e6b00401080881100039d023c4c
:1095100024954224211051000000428c0800400094
:10952000000000005895029da095029df095029db7
:109530001c96029db496029db496029d4896029d8b
:10954000b496029d6096029d7496029d9096029d2f
:109550009c96029da896029d0b000012251000000b
:1095600000000492010084388400628c04a5827c8f
:10957000840062ac010004920100843844ad827c16
:10958000840062ac010002241c00bf8f1800b28f5f
:109590001400b18f1000b08f0800e0032000bd2739
:1095a000f9ff001225100000000004928400628c74
:1095b0008473827c840062ac00404430f2ff8010ef
:1095c00001000224730060a00200029601004050d6
:1095d000102702246c0062a4040002920100405093
:1095e00006000224800062a0e7ff001001000224b0
:1095f0000100033c2b180302e3ff6010251000005c
:109600002400072425300000ffff05327e82400f32
:1096100025204002ddff00101c00bf8f0100033c2d
:109620002b180302d8ff6010251000001800072433
:10963000ffff0632252800007e82400f25204002d1
:10964000d2ff00101c00bf8f2b8010008400628ca2
:1096500044ce027e840062accbff001001000224e5
:109660008400628c046b027e840062acc6ff001032
:1096700001000224ffff10322b8010008400628c56
:10968000c47b027e840062acbfff00100100022494
:10969000810070a0bcff001001000224820070a0b5
:1096a000b9ff001001000224880070a0b6ff00106e
:0c96b00001000224b4ff0010251000008f
:020000040000fa
:020000041d02db
:1096bc00e0ffbd271c00bfaf1800b1afa9f6400feb
:1096cc001400b0af5481828fffff4224548182afcb
:1096dc005481828f64004014258000007c81828f2d
:1096ec006100401001a0023c748e428c4a00401074
:1096fc0001a0083c748e09250100072401a0053c3b
:10970c007c8ba5240c00228d0c00428c2800438cf1
:10971c001c00468c2000448c0800c4ac1c00468cf9
:10972c00040086ac180044240400668c0400c45465
:10973c00280040ac2000448c040064ac280040acf1
:10974c000000648cffff8424000064ac1400438c84
:10975c000800468c0c00448c0800c4ac0800468cf5
:10976c00040086ac040044240400668c0400c45439
:10977c00140040ac0c00468c040066ac140040ace9
:10978c000000668cffffc624000066ac2c00468ce3
:10979c0074818a8f0418c70025186a00748183affe
:1097ac008018060021186600801803002118a300f9
:1097bc000400638c080043ac0800668c0c0046acbb
:1097cc000400c4ac080064ac2c00468c8018060065
:1097dc0021206600802004002120a400140044ac49
:1097ec000000838c01006324000083ac8c81838f88
:1097fc002c00428c2c00638c2b1062000100405416
:10980c00688187af748e028dbfff40540c00228d8f
:10981c00dafb400f000000006c81908f09000012f1
:10982c000100112438a1400f000000000100405439
:10983c00688191afffff1026faff001600000000b0
:10984c006c8180af6881908f0700001200000000cf
:10985c008c81828f00680240000142340068824093
:10986c00c00000000100102441ee400f0000000079
:10987c00251000021c00bf8f1800b18f1400b08f90
:08988c000800e0032000bd27e5
:020000040000fa
:020000041d02db
:10989400c8ffbd273400bfaf3000b7af2c00b6af50
:1098a4002800b5af2400b4af2000b3af1c00b2afa2
:1098b4001800b1af1400b0afa880828f5d004010d3
:1098c400ffff152425a080002588a0002598c0004e
:1098d4000200a2302600401425b0e000ffff05245a
:1098e40071f8400f908084270600601625b80000a8
:1098f4000ee5400f000000000c00401025b8600287
:1099040025984000a480838f08006018a880828f67
:10991400259000000000448c1a008010a080848fe1
:1099240001005226fbff431604004224bdf7400ffa
:10993400908084273f000010ffff152430000010a2
:10994400100002a6010002243b0082162510a0028a
:109954003900c012010003240000c28e140002aebc
:109964003c00028e0442627c320000103c0002aed5
:10997400ffff052471f8400f90808427dcff00105e
:10998400000000000800828c6000062409f84000f2
:1099940001000524e5ff40102580400020ae127c24
:1099a400120015a680901200a880828f2190520088
:1099b400000050aebdf7400f908084272a0013a604
:1099c400280017a65c0014a203000224540002a677
:1099d400580002a63c00028e046b827e3c0002ae5c
:1099e40080002232d5ff401098808297100000a694
:1099f4003c00028e01000324444a627c3c0002ae17
:109a04000001223204004010010003243c00028eb5
:109a1400c45a627c3c0002ae01003132c9ff2012fc
:109a2400010003243c00028e1c004234c4bd627c4d
:109a34003c0002ae2510a0023400bf8f3000b78f67
:109a44002c00b68f2800b58f2400b48f2000b38f6c
:109a54001c00b28f1800b18f1400b08f0800e0030f
:049a64003800bd27e2
:020000040000fa
:020000041d02db
:109a6800d0ffbd272c00bfaf2800b6af2400b5af8c
:109a78002000b4af1c00b3af1800b2af1400b1aff0
:109a88001000b0af5c00a010258080002588a000e1
:109a98002bf6400f2520000025284000a880828f43
:109aa8005d004010120035865d00a006a480838ffb
:109ab8002a18a3025c0060108018150021104300ca
:109ac8000000428c4f0051540100112434000296ca
:109ad8000700401025a00000340000a625900000d3
:109ae80001001624259800001e000010258800009b
:109af8005a002296010042301300401025900000c1
:109b08004c00328e5000348e2800138e0c00228eaa
:109b180034005054560022961000028e0c0040a4c7
:109b28003c00228e00024230090040500000228e84
:109b3800540000a62000028ec418027c200002ae49
:109b4800e9ff001025b00000f0ff00102598000084
:109b5800f8ff0010080022ae2590000025b0000094
:109b680025980000acf7400f252000001100c01216
:109b7800010006242000028e40004234200002ae7c
:109b880025280002cddb400f2800048e2c00bf8f53
:109b98002800b68f2400b58f2000b48f1c00b38f27
:109ba8001800b28f1400b18f1000b08f0800e003c6
:109bb8003000bd2703002012000000002ce4400ff5
:109bc80025200002f1ff40122538800201000624fa
:109bd8002528600209f840022520a002ecff0010a9
:109be8002c00bf8fffff4224560022a625b000009c
:109bf800dcff001001001124252800002588000042
:109c080025a80000d4ff201625a0000025900000fc
:109c1800eaff001025980000faff00100100112447
:109c2800f8ff001001001124f6ff001001001124b4
:020000040000fa
:020000041d02db
:109c3800d8ffbd272400bfaf2000b3af1c00b2afd0
:109c48001800b1af1400b0af0f000524aee5400f07
:109c58000f00042460004010f080908f5e00001216
:109c6800020042301700401400000000029d123c20
:109c780048935226029d113c883c312686ef400fbe
:109c88002400048654004010c606072426000486d3
:109c980025304002252820028701410f2b2004008f
:109ca800260002860300401000000000e87c400ff8
:109cb8002520000257f7400f24000486efff00100c
:109cc80000000000dff7400f0000000085f6400f9d
:109cd8002588400025302002253800002520400036
:109ce8002a8e400f25286000258840001c0002aeff
:109cf8000000138e0c00628edcff401025900000df
:109d080025284002e9fd400f252060022528400053
:109d180000004294010043300d0060108000433081
:109d280012006010000143301400038e01006050df
:109d38001800a38c0800a28c231022022b104300c9
:109d4800040040540100522611e2400f2520000271
:109d5800010052260c00628e2b104202e9ff4014cb
:109d680025284002c2ff0010029d123c14006054d6
:109d78000c00a28c0c00a38c231823020200632c75
:109d8800f4ff6054010052260c00b1ac2b00a390e4
:109d98002c00a4902b20640006008010010063248e
:109da8002b00a3a0f985400f25200002e9ff001031
:109db8000100522600014234e5ff00100000a2a471
:109dc800e4ff22520100522611e2400f2520000232
:109dd800e0ff0010010052262400bf8f2000b38f3f
:109de8001c00b28f1800b18f1400b08f0800e00378
:049df8002800bd275b
:020000040000fa
:020000041d02db
:109dfc00d8ffbd272400bfaf2000b4af1c00b3af09
:109e0c001800b2af1400b1af1000b0af01a0103cfd
:109e1c00188d10260400028e1800428c09f84000a0
:109e2c003400118e140002ae1400048e1000028e49
:109e3c00232082002800088e2c00098e211888000f
:109e4c002b2864002138a900280003ae2c0007ae93
:109e5c004300201200000000300002920100422456
:109e6c0011ea400f300002a23400108e18000012cc
:109e7c000100122401a0113c188d31260c00028e19
:109e8c001400405401a0113c180012a2190012a297
:109e9c000400028e40004014000000001000028eee
:109eac003d0040100000000098e7400f2000048e99
:109ebc001000028e040040503400308e09f840002f
:109ecc001400048e3400308eecff001600000000ed
:109edc0001a0113c2089312625800000259020020c
:109eec000100142405001324c01010002110500090
:109efc00801002002110420219004290ff004230f3
:109f0c000f004010c01010002110500080100200f3
:109f1c0021104202190040a00400228e08005414a3
:109f2c00c01010000800248e211050008010020078
:109f3c00211042020c0044acdcce400f2520200244
:109f4c0001001026e8ff13162400312601a0023c64
:109f5c00188d422430004390ffff6324300043a04f
:109f6c004400410f0000000024b6400f2580400043
:109f7c004b00410f252000022400bf8f2000b48f1e
:109f8c001c00b38f1800b28f1400b18f1000b08f6b
:109f9c000800e0032800bd27c1de400f2520000289
:109fac000400028ec2ff4050010000a2c1ff00104d
:049fbc001000028e01
:020000040000fa
:020000041d02db
:109fc000c8ffbd273400bfaf3000b7af2c00b6af1d
:109fd0002800b5af2400b4af2000b3af1c00b2af6f
:109fe0001800b1af1400b0af9c80828f55004010b4
:109ff00025888000ffff052471f8400f908084279a
:10a00000a480828f2c0040581600239214002296c0
:10a0100001001324049853002590000080181200ba
:10a02000a880828f211043000000508c1d00005238
:10a03000010052262400148e7a65400f25208002ec
:10a0400017004004010003240410430024105300af
:10a0500013004010010005240dcc400f12000486af
:10a060002bf6400f252000004c00168e5000178e56
:10a070005a00159625284000acf7400f2520000017
:10a080000700c0120020b5320500a0122538e002fa
:10a09000002006242528800209f8c0021200048648
:10a0a00001005226a480828f2a104202dcff401455
:10a0b0008018120016002392020002242c00621461
:10a0c0009c80908fffff1026290000169c8090af87
:10a0d000a480828f0d004018a080848f801810000b
:10a0e000a880828f211043000000448c0300801060
:10a0f00001001026bde9400f00000000a480828fff
:10a100002a100202f5ff4014a080848f0c00828c7c
:10a1100009f84000a880858fa88080af9480848f44
:10a1200005008050a08080afbffc400f0000000001
:10a13000948080afa08080afa48080afcbfc400f24
:10a14000908084273400bf8f3000b78f2c00b68feb
:10a150002800b58f2400b48f2000b38f1c00b28f6d
:10a160001800b18f1400b08f0800e0033800bd273d
:10a17000bdf7400f90808427f3ff00103400bf8f9d
:020000040000fa
:020000041d02db
:10a18000d8ffbd272400bfaf2000b3af1c00b2af83
:10a190001800b1af1400b0af610080102588000036
:10a1a000258080005e00a0102590a000f8ffb1245b
:10a1b00048009324ffff052471f8400f252060021a
:10a1c0002400038e09006014fcff428ef8ff40aead
:10a1d000280011ae240011ae3000038e2318620057
:10a1e000300003ae4c000010c08802002b20230278
:10a1f00010008010c0200200212024020b006454b3
:10a20000f8ff43ae0400638c21186200fcff43aeec
:10a210002400038e0000638cf8ff43ae2800048ef8
:10a220002400038e01008350280011aeeaff0010c5
:10a23000240011ae2800048e2b2891000c00a050a1
:10a240002b2071000400838cc02803002128850086
:10a250000300251621184300dfff0010040083ac23
:10a26000000091acf8ff40aedbff0010280011aefb
:10a27000240080500000638c0000648c2b28240292
:10a280001f00a010c0280200212825020b008554c1
:10a29000f8ff44ae0400848c21208200fcff44ae11
:10a2a0000000648c0000848cf8ff44ae2800058e0a
:10a2b0000000648c0100a450280011ae0400658cdd
:10a2c000c020050021206400c3ff2456000071acab
:10a2d000fcff448e21208500040064acf8ff448e0e
:10a2e000000064ac2800048ebbff2452280003ae9b
:10a2f000baff00103000038eb7ff0010000071acf1
:10a300000000638cdaff60142b207100f8ff022438
:10a31000380002ae25880000bdf7400f25206002fe
:10a32000251020022400bf8f2000b38f1c00b28fa5
:10a330001800b18f1400b08f0800e0032800bd277b
:020000040000fa
:020000041d02db
:10a34000d0ffbd272c00bfaf2800b2af2400b1afb3
:10a350002000b0af1600a010258080007400828c11
:10a36000040040102588a0000500052409f84000dd
:10a37000f400842448001226252820020000318e93
:10a380002000a28c080042342000a2acdffd400f68
:10a3900025204002f9ff2016252820027400028e95
:10a3a000030040100600052409f84000f4000426cc
:10a3b00018000296040042300f0040541000a0af75
:10a3c00014000292100042300a00401401000624da
:10a3d000ffff0524e0d1400f252000022c00bf8f95
:10a3e0002800b28f2400b18f2000b08f0800e00356
:10a3f0003000bd271000a0af1400a0af1800a0af20
:10a400007400028e05004010480011260500052446
:10a4100009f84000f400042648001126dff8400f38
:10a420002520200223004014252840007400028ebd
:10a430002d0040100600052409f84000f400042611
:10a440001000a28f0d0040507400028e03001224f1
:10a450001000458c4dba400f252000021b00401013
:10a4600000000000170052541801028e1c01028ed9
:10a47000010042241c0102ae7400028e0300401051
:10a480000500052409f84000f40004261000a52763
:10a4900001f4400f252020027400028ecfff4010ef
:10a4a0000600052409f84000f4000426ccff001043
:10a4b0002c00bf8fdffd400f1000a427d7ff001036
:10a4c0000000000001004224180102aedff8400f36
:10a4d0001000a4271000a28fdeff40541000458c0e
:10a4e000e6ff00107400028e1000a28fd7ff401408
:0ca4f0001000a527e6ff0010000000008f
:020000040000fa
:020000041d02db
:10a4fc00b8ffbd274400bfaf4000b2af3c00b1afc6
:10a50c003800b0af258880000400908c2c00a0afe0
:10a51c002800a0af3000a0af2000a0af1c00a0af5f
:10a52c002400a0af1400a0af1000a0af1800a0af83
:10a53c00900012266efa400f25204002280040148d
:10a54c00252840001c00a28f900002ae2000a28f94
:10a55c00940002ae2400a28f980002ae2800a58fb2
:10a56c000900a0509c001226020007242800a627f0
:10a57c002dd0400f252000022800a58ffbffa01432
:10a58c00020007249c0012266efa400f2520400280
:10a59c0025004010252840000f00439003000224a2
:10a5ac00050062501000a28c6080828ffeff401468
:10a5bc00000000001000a28c170022120000000006
:10a5cc000bfc400f1000a427efff00100000000050
:10a5dc000bfc400f2800a427d6ff00100000000041
:10a5ec000f00439002000224050062501000a28c60
:10a5fc006080828ffeff4014000000001000a28ccf
:10a60c00f3ff2212000000000bfc400f1c00a427db
:10a61c00c8ff0010000000000bfc400f2800a4270e
:10a62c00d9ff0010000000001000a28f9c0002aea9
:10a63c001400a28fa00002ae1800a28fa40002aedc
:10a64c002800a58f0900a050000020a603000724b5
:10a65c002800a6272dd0400f252000022800a58f0a
:10a66c00fbffa01403000724000020a6ffff022418
:10a67c000c0022ae0400238e06006294ffff4224dd
:10a68c00060062a40400238e040062948410027cf1
:10a69c00040062a44400bf8f4000b28f3c00b18f15
:0ca6ac003800b08f0800e0034800bd2714
:020000040000fa
:020000041d02db
:10a6b800d0ffbd272c00bfaf2800b6af2400b5af30
:10a6c8002000b4af1c00b3af1800b2af1400b1af94
:10a6d8001000b0af258080003500a0102588a000ac
:10a6e8002bf6400f25200000252840008c80928ff3
:10a6f80046004012740036864900c0067c80828f6e
:10a708002b10c2024c00401080101600211042028b
:10a718000000428c4e005114010002241000048ee7
:10a728001000839408006330030006240b10c30054
:10a7380076003396249862021a00601225a8000059
:10a748007800348e7c00358e2800128e4800228ec8
:10a758000e00501401001124560000a6540000a653
:10a76800480000ae6e0000a66c0000a6600000aeb7
:10a77800000080ac1000028e0c0040a42000028e65
:10a78800c418027c200002ae25880000acf7400ff8
:10a79800252000000b002016000000000b00001010
:10a7a8000000000025a00000e8ff00102590000030
:10a7b80025a8a0002590a00025a0000025b0000035
:10a7c800259800002ce4400f252000020500801287
:10a7d8002538a002253060022528400209f88002a9
:10a7e8002520c0022c00bf8f2800b68f2400b58f0b
:10a7f8002000b48f1c00b38f1800b28f1400b18fe3
:10a808001000b08f0800e0033000bd2725a84002e3
:10a8180025a0000001001124dcff0010259800008d
:10a8280025a8000025a0000001001124259800009b
:10a83800d6ff00102590000025a8000025a00000e4
:10a848000100112425980000d0ff00102590000079
:10a8580025a8000025a0000001001124259800006b
:08a86800caff0010259000005a
:020000040000fa
:020000041d02db
:10a8700000681a407cffbd2700601b402c00b6af6b
:10a880002800b5af8000bbaf82d21a00847a5b7f0c
:10a8900044201b7c20a81d0000a01a3c20005a2741
:10a8a0000000568f0400c01600000000049d1d3cef
:10a8b0002cb0bd270000bd8f0100d626000056af8a
:10a8c0000070164000609b407800bfae7400beaec2
:10a8d0007000b9ae6c00b8ae6800afae6400aeae4a
:10a8e0006000adae5c00acae5800abae5400aaae9a
:10a8f0005000a9ae4c00a8ae4800a7ae4400a6aeda
:10a900004000a5ae3c00a4ae3800a3ae3400a2ae19
:10a910007c00b6ae1000a1ae10b000000c00b6aec8
:10a9200012b000000800b6ae00a0163c2000d626eb
:10a930000000d68effffd6260400c01600000000df
:10a9400000a0163c5001d6260000d5ae049d163c52
:10a950006401d62609f8c0020000000000a0163ce1
:10a960002000d6260000d68effffd6260400c01693
:10a970000000000000a0163c5001d6260000d58e35
:10a980000800b68e1300c0020c00b68e1100c00283
:10a990001000a18e2c00b68e3400a28e3800a38e3b
:10a9a0003c00a48e4000a58e4400a68e4800a78ed1
:10a9b0004c00a88e5000a98e5400aa8e5800ab8e71
:10a9c0005c00ac8e6000ad8e6400ae8e6800af8e11
:10a9d0006c00b88e7000b98e7400be8e7800bf8e89
:10a9e00000606041c000000000a01a3c20005a270f
:10a9f00000005b8fffff7b2700005baf8000ba8efb
:10aa00007c00bb8e20e815002800b58f8400bd2790
:10aa100000609a4000709b40c00000001800004297
:04aa20000000000032
:020000040000fa
:020000041d02db
:10aa240000681a407cffbd2700601b402c00b6afb5
:10aa34002800b5af8000bbaf82d21a00847a5b7f56
:10aa440044201b7c20a81d0000a01a3c20005a278b
:10aa54000000568f0400c01600000000049d1d3c39
:10aa64002cb0bd270000bd8f0100d626000056afd4
:10aa74000070164000609b407800bfae7400beae0c
:10aa84007000b9ae6c00b8ae6800afae6400aeae94
:10aa94006000adae5c00acae5800abae5400aaaee4
:10aaa4005000a9ae4c00a8ae4800a7ae4400a6ae24
:10aab4004000a5ae3c00a4ae3800a3ae3400a2ae64
:10aac4007c00b6ae1000a1ae10b000000c00b6ae13
:10aad40012b000000800b6ae00a0163c2000d62636
:10aae4000000d68effffd6260400c016000000002a
:10aaf40000a0163c5001d6260000d5ae049d163c9d
:10ab04008001d62609f8c0020000000000a0163c0f
:10ab14002000d6260000d68effffd6260400c016dd
:10ab24000000000000a0163c5001d6260000d58e7f
:10ab34000800b68e1300c0020c00b68e1100c002cd
:10ab44001000a18e2c00b68e3400a28e3800a38e85
:10ab54003c00a48e4000a58e4400a68e4800a78e1b
:10ab64004c00a88e5000a98e5400aa8e5800ab8ebb
:10ab74005c00ac8e6000ad8e6400ae8e6800af8e5b
:10ab84006c00b88e7000b98e7400be8e7800bf8ed3
:10ab940000606041c000000000a01a3c20005a2759
:10aba40000005b8fffff7b2700005baf8000ba8e45
:10abb4007c00bb8e20e815002800b58f8400bd27db
:10abc40000609a4000709b40c000000018000042e2
:04abd400000000007d
:020000040000fa
:020000041d02db
:10abd80000681a407cffbd2700601b402c00b6af00
:10abe8002800b5af8000bbaf82d21a00847a5b7fa1
:10abf80044201b7c20a81d0000a01a3c20005a27d6
:10ac08000000568f0400c01600000000049d1d3c83
:10ac18002cb0bd270000bd8f0100d626000056af1e
:10ac28000070164000609b407800bfae7400beae56
:10ac38007000b9ae6c00b8ae6800afae6400aeaede
:10ac48006000adae5c00acae5800abae5400aaae2e
:10ac58005000a9ae4c00a8ae4800a7ae4400a6ae6e
:10ac68004000a5ae3c00a4ae3800a3ae3400a2aeae
:10ac78007c00b6ae1000a1ae10b000000c00b6ae5d
:10ac880012b000000800b6ae00a0163c2000d62680
:10ac98000000d68effffd6260400c0160000000074
:10aca80000a0163c5001d6260000d5ae049d163ce7
:10acb8009c01d62609f8c0020000000000a0163c3e
:10acc8002000d6260000d68effffd6260400c01628
:10acd8000000000000a0163c5001d6260000d58eca
:10ace8000800b68e1300c0020c00b68e1100c00218
:10acf8001000a18e2c00b68e3400a28e3800a38ed0
:10ad08003c00a48e4000a58e4400a68e4800a78e65
:10ad18004c00a88e5000a98e5400aa8e5800ab8e05
:10ad28005c00ac8e6000ad8e6400ae8e6800af8ea5
:10ad38006c00b88e7000b98e7400be8e7800bf8e1d
:10ad480000606041c000000000a01a3c20005a27a3
:10ad580000005b8fffff7b2700005baf8000ba8e8f
:10ad68007c00bb8e20e815002800b58f8400bd2725
:10ad780000609a4000709b40c0000000180000422c
:04ad880000000000c7
:020000040000fa
:020000041d02db
:10ad8c0000681a407cffbd2700601b402c00b6af4a
:10ad9c002800b5af8000bbaf82d21a00847a5b7feb
:10adac0044201b7c20a81d0000a01a3c20005a2720
:10adbc000000568f0400c01600000000049d1d3cce
:10adcc002cb0bd270000bd8f0100d626000056af69
:10addc000070164000609b407800bfae7400beaea1
:10adec007000b9ae6c00b8ae6800afae6400aeae29
:10adfc006000adae5c00acae5800abae5400aaae79
:10ae0c005000a9ae4c00a8ae4800a7ae4400a6aeb8
:10ae1c004000a5ae3c00a4ae3800a3ae3400a2aef8
:10ae2c007c00b6ae1000a1ae10b000000c00b6aea7
:10ae3c0012b000000800b6ae00a0163c2000d626ca
:10ae4c000000d68effffd6260400c01600000000be
:10ae5c0000a0163c5001d6260000d5ae049d163c31
:10ae6c00b801d62609f8c0020000000000a0163c6c
:10ae7c002000d6260000d68effffd6260400c01672
:10ae8c000000000000a0163c5001d6260000d58e14
:10ae9c000800b68e1300c0020c00b68e1100c00262
:10aeac001000a18e2c00b68e3400a28e3800a38e1a
:10aebc003c00a48e4000a58e4400a68e4800a78eb0
:10aecc004c00a88e5000a98e5400aa8e5800ab8e50
:10aedc005c00ac8e6000ad8e6400ae8e6800af8ef0
:10aeec006c00b88e7000b98e7400be8e7800bf8e68
:10aefc0000606041c000000000a01a3c20005a27ee
:10af0c0000005b8fffff7b2700005baf8000ba8ed9
:10af1c007c00bb8e20e815002800b58f8400bd276f
:10af2c0000609a4000709b40c00000001800004276
:04af3c000000000011
:020000040000fa
:020000041d02db
:10af4000d8ffbd272400bfaf2000b3af1c00b2afb5
:10af50001800b1afdefa400f1400b0af5900401036
:10af600001a0133c8c8c702600a0123cb87f5226a6
:10af700080bf093c80bf083c0600072480bf063c18
:10af80001060238d000263300a00601088bf023c0d
:10af90000010033c341043ac2400bf8f2000b38f5b
:10afa0001c00b28f1800b18f1400b08f0800e003ae
:10afb0002800bd270c00028e0800048e4800445073
:10afc00088bf023c0060048d060084302c0087148a
:10afd00040200200212892000000a590ff00a5302b
:10afe0000438b17cffff313201008424212092001b
:10aff00000008490ff00843004fa917c0100422418
:10b000001800048e2b2044000b1844000c0003aee3
:10b010000060028d060042301f004714ff002232fc
:10b020002060d1ac10000292ff004230d4ff4010eb
:10b0300000000000a6fb400f000000008c8c638e17
:10b04000ccff601080bf093c0400058e1c000392f9
:10b05000ff00633013006010000000001400038e36
:10b060002b104300c4ff401480bf083c8c8c628ec0
:10b0700009f8400003000424beff001080bf093c13
:10b080002120520000008490ff0084300438917c1d
:10b09000daff0010ffff31322060c2ace1ff001088
:10b0a000000000001400038eb2ff435480bf093c2f
:10b0b0008c8c628e09f8400003000424adff001060
:10b0c00080bf093c0010023c88bf033c641062aca6
:10b0d00088bf033c341062acb0ff00102400bf8f67
:10b0e0000010033c641043aca9ff001088bf023c71
:020000040000fa
:020000041d02db
:10b0f0006700a010fbff0224c8ffbd273400bfafcc
:10b100003000beaf2c00b7af2800b6af2400b5affb
:10b110002000b4af1c00b3af1800b2af1400b1af41
:10b120001000b0af258080002588a0000000a38c0f
:10b13000160060102598c00014008010faff022449
:10b140004200839440006330110060503400bf8f90
:10b15000040002244700e2100500e32c0b006010fd
:10b16000f9ff0224030002244500e25025a8000054
:10b17000010002241100e210400015240200022404
:10b180004100e21080001524f9ff02243400bf8f33
:10b190003000be8f2c00b78f2800b68f2400b58feb
:10b1a0002000b48f1c00b38f1800b28f1400b18f31
:10b1b0001000b08f0800e0033800bd2740001424c1
:10b1c00001a0023c448c528c7a65400f252000027d
:10b1d000c018020021186200c01803002190430229
:10b1e0000000568e0c00c38ee8ff60102510000092
:10b1f00000003e8e0000628e24f0c20325b80000dd
:10b200002528e002e9fd400f0000448e258840001b
:10b2100000004294010043300f00601024105400dd
:10b220000e0055540100f7260800228e0000638ea0
:10b230002410430008005e142528200299ed400fd9
:10b2400025204002feff07242530000008002526a7
:10b250006ed7400f252000020100f7260c00c28e99
:10b260002b10e202e6ff40143400bf8fc9ff00102c
:10b270003000be8f25a80000d1ff001025a00000df
:10b28000cfff0010c0001424cdff00108000142454
:08b290000800e00300000000cb
:020000040000fa
:020000041d02db
:10b29800d0ffbd272c00bfaf2800b5af2400b4af46
:10b2a8002000b3af1c00b2af1800b1af1400b0afac
:10b2b80080bf143c80bf133c01a0103c8c8c10262e
:10b2c80080bf123c01a0113c1060828e0100423008
:10b2d8000c00401488bf023c0008033c341043ac07
:10b2e8002c00bf8f2800b58f2400b48f2000b38fa7
:10b2f8001c00b28f1800b18f1400b08f0800e00353
:10b308003000bd273060758e2800028e010042246f
:10b318003000038e2b1843000a1003002c00038e04
:10b328000d006214000000002000038e0a00601067
:10b33800000000002400058e2000028e09f840005d
:10b34800010004242800028e010042243000038eec
:10b358002b1843000a1003002c00038edaff62103a
:10b36800000000002800038e0060448e0600843030
:10b378000600052423008554ff00b5322800038efb
:10b3880040180300ff00a632b88124262128640053
:10b398000000a6a001006324003ab57e21186400cd
:10b3a800000075a0280002ae34000292ff0042306f
:10b3b800c5ff401000000000ecfa400f000000003c
:10b3c8002000038ec0ff605001a0113c2400058eb0
:10b3d8003c000392ff0063300f0060100000000083
:10b3e8003800038e2b104300b7ff405401a0113cd6
:10b3f8002000028e09f8400025200000b2ff00104e
:10b4080001a0113cb881242621186400000075a011
:10b41800e4ff0010000000003800038eaaff435428
:10b4280001a0113c2000028e09f8400025200000f0
:08b43800a5ff001001a0113c6a
:020000040000fa
:020000041d02db
:10b44000e0ffbd271c00bfaf1800b1af1400b0afc4
:10b45000258880002580a0002bf6400f25200000c5
:10b46000252840008880828f1a00401401000324a0
:10b470008480828f57004014000000001600229242
:10b480005400401402000224888082afacf7400fc1
:10b49000252000000800228e07004050888080afe1
:10b4a00005000052888080af0000028e1700401413
:10b4b00000000000888080af258000002510000279
:10b4c0001c00bf8f1800b18f1400b08f0800e0037c
:10b4d0002000bd2709004314258000008480828f4e
:10b4e0003c00401800000000160023920300601486
:10b4f0000100102401004224848082afacf7400f89
:10b5000025200000eeff001025100002dff7400f9d
:10b51000000000006c8082af0800248e808084af21
:10b520000000118e04000296768082a70600029623
:10b53000748082a70800828c0400062409f8400069
:10b5400025282002040040148c8082af888080afc0
:10b55000daff0010258000007c8091af05000624f2
:10b56000029d053c6898a5240be4400f0a000424c2
:10b5700005004014788082af3ee0400f2580000037
:10b58000ceff0010888080af8480828f010042242b
:10b59000848082af010007240100062425280000d2
:10b5a000fdda400f7080842701000324050043105a
:10b5b000010002243ee0400f25800000bfff001084
:10b5c000888080af848082af888082afbbff00100c
:10b5d00001001024acf7400f25200000b7ff001039
:04b5e00025800000c2
:020000040000fa
:020000041d02db
:10b5e400d0ffbd272c00bfaf2800b5af2400b4aff7
:10b5f4002000b3af1c00b2af1800b1af1400b0af5d
:10b604004b00c0102588c00046fd400f25a0a000b7
:10b6140054004010258040003000428c0800401443
:10b62400259820023c00028e0004427c0500405014
:10b634002588000081ed400f252000022598200276
:10b644002588000036000396090060543000158eea
:10b654003c00028e0004427c36004050251020023b
:10b6640081ed400f25200002320000102510200239
:10b674003000a0122510200234000296ffff44304f
:10b684002b206400010080542510600025904000a8
:10b69400ffff42302b1062020100405425906002eb
:10b6a400ffff5232310040523400029605008012ee
:10b6b400253040023800058ea9fd400f2520800268
:10b6c40021a0920223987202ffff73322188510253
:10b6d400ffff31323600029623105200360002a6d4
:10b6e4003400029623105200340002a63800038e60
:10b6f40021187200ffff423008004014380003aee6
:10b704000000a28e14004010300002ae0c004394de
:10b71400340003a60800428c380002aecaff60560b
:10b724003600039636000296caff40503c00028e53
:10b73400251020022c00bf8f2800b58f2400b48f61
:10b744002000b38f1c00b28f1800b18f1400b08f8b
:10b754000800e0033000bd27340000a6efff00100e
:10b76400380000aef2ff001025880000e5ff4050cd
:0cb774000000a28eb4ff00103600039607
:020000040000fa
:020000041d02db
:10b78000e0ffbd271c00bfaf1800b1af1400b0af81
:10b790002588a0003bfd400f2580c00025184000f3
:10b7a0002500601025100000240000121c00bf8f2f
:10b7b0000d00222e5600401080881100039d023c8f
:10b7c000d4b74224211051000000428c08004000f0
:10b7d0000000000008b8029d4cb8029d70b8029da0
:10b7e00088b8029d10b9029d10b9029da4b8029daf
:10b7f00010b9029db8b8029dccb8029de0b8029d78
:10b80000f0b8029d00b9029d8400628c021502000e
:10b810000100423801004230000002a28400628c24
:10b82000421502000100423801004230010002a22c
:10b83000020000a6010002241c00bf8f1800b18f77
:10b840001400b08f0800e0032000bd278400628c44
:10b850008003427c000002a26c006294020002a6f7
:10b8600080006290040002a2f3ff00100100022495
:10b870001800628c1400638c23104300000002a6a1
:10b88000edff0010010002240400628c0000638cb4
:10b890002310430001004224000002a6e6ff00102e
:10b8a000010002248400628c4006427c000002a257
:10b8b000e1ff0010010002248400628c000b427c36
:10b8c000000002aedcff0010010002248400628c44
:10b8d000c003427c000002a2d7ff00100100022436
:10b8e00081006290000002a2d3ff00100100022438
:10b8f00082006290000002a2cfff0010010002242b
:10b9000088006290000002a2cbff00100100022418
:08b91000c9ff00102510000022
:020000040000fa
:020000041d02db
:10b91800c8ffbd273400bfaf3000b5af2c00b4afaf
:10b928002800b3af2400b2af2000b1af1c00b0af05
:10b93800258080002588a0002590c0001000a0afb9
:10b948001400a0af7400828c0400401025a0e00011
:10b958000500052409f84000f40084241000a627f7
:10b96800e400058e01cd400f2520200225984000d7
:10b978007400028e440040100600052409f84000b7
:10b98800f4000426150040527400028e1000b18f96
:10b99800120020527400028e00a0153c0400228e72
:10b9a8000b0043040000318e0800238e0400228e11
:10b9b8008002427c03004010252075000080043c72
:10b9c8002520640009f84002252880020000318ef5
:10b9d800f2ff2016000000007400028e03004010e1
:10b9e8000500052409f84000f40004261000a38f80
:10b9f8001400a68f25280000130066540000678ce9
:10ba0800100060542530a0007400028e030040101e
:10ba18000600052409f84000f400042625106002f9
:10ba28003400bf8f3000b58f2c00b48f2800b38f3f
:10ba38002400b28f2000b18f1c00b08f0800e003f3
:10ba48003800bd272538a000080060ace000048e4f
:10ba5800000060ac140060ac0400828c0500405407
:10ba6800000043ac000083ac040083ace2ff00108c
:10ba78002518e0000400888c0400622400e0427c61
:10ba8800f9ff0010140002add9ff40121000a38f77
:10ba98001000b18fc0ff20161400a68fd5ff00102c
:04baa800000000009a
:020000040000fa
:020000041d02db
:10baac00d0ffbd272c00bfaf2800b6af2400b5af28
:10babc002000b4af1c00b3af1800b2af1400b1af8c
:10bacc001000b0af25a0a0002588c00046fd400f97
:10badc002590e000258040003d000012251000005c
:10baec00270080165c0016923900c01625900000c5
:10bafc0025980000ffff052471f8400f90808427e3
:10bb0c00410020562a0002962a0011964500201664
:10bb1c00000000000ee5400f0000000025884000ea
:10bb2c000100552cbdf7400f908084272800a016eb
:10bb3c00251000003c00028e448c027c3c0002aebe
:10bb4c005c0014a2253040022528600263ea400ff5
:10bb5c0025200002040040522a0011a60300405088
:10bb6c005c0016a22a0011a6010002243c00038ee0
:10bb7c0001000424448c837c150000103c0003aeaf
:10bb8c00ffff84260200842c110080102510000079
:10bb9c000300c012000000000e00d4162c00bf8f52
:10bbac001500401201000224d2ff821625980000d5
:10bbbc000000428e1200401025280000d2f4400fe5
:10bbcc002520400225984000caff60162510000071
:10bbdc002c00bf8f2800b68f2400b58f2000b48fa7
:10bbec001c00b38f1800b28f1400b18f1000b08fef
:10bbfc000800e0033000bd27beff0010259840026e
:10bc0c00bcff001025980000060051100000000039
:10bc1c00d1f5400f2520200201005538c1ff00103e
:10bc2c00ff00b532bdf7400f90808427c2ff001093
:04bc3c003c00028e38
:020000040000fa
:020000041d02db
:10bc4000d8ffbd271c00b2af01a0123c1400b0af5a
:10bc5000ac8d508e2400bfaf2000b3af4600001261
:10bc60001800b1af01a0133ca88d718e3d00205289
:10bc700001a0113c821f100002000224010062504a
:10bc800000e0107e821f11000200022401006250b9
:10bc900000e0317ecafd400f000000000000438c30
:10bca0000400428c00a0043c2b28030221106200f7
:10bcb0000400a014b40184242b2802021400a05410
:10bcc0002b18300200e0857c2b2865000900a014a9
:10bcd0002b2823020500a0142b2862002b28220207
:10bce0000e00a054251020022b2862000c00a05446
:10bcf000422704002400bf8f2000b38f1c00b28fa6
:10bd00001800b18f1400b08f0800e0032800bd2791
:10bd10001c0060102b182202251800024227040084
:10bd2000050005241d00855000a0043c04000524e6
:10bd3000210085100080043c25184000ac8d42aee7
:10bd400001a0023cc88d43ac2400bf8f2000b38ffc
:10bd50001c00b28f1800b18f1400b08f0800e003f0
:10bd60002800bd270100023cd88e3126c8af4224ee
:10bd7000c0ff00102188220201a0103cb9ff001072
:10bd8000d88e102642270400050005240b1023023c
:10bd9000e6ff85142518000200a0043c251044008d
:10bda00025186400a88d62ae01a0023cac8d43aea4
:10bdb000e5ff0010c88d43ac251044002518640031
:10bdc000a88d62ae01a0023cac8d43aedeff001038
:04bdd000c88d43ac2b
:020000040000fa
:020000041d02db
:10bdd400c8ffbd273400bfaf3000b5af2c00b4afef
:10bde4002800b3af2400b2af2000b1af1c00b0af45
:10bdf40025a080002580a00025a8c0002598e0008b
:10be04000040e230160040104800b28f1400a0af8a
:10be1400108082271000a2af0000a78c0000c68cff
:10be2400e3b2400f0f00653225284000f7ff0324da
:10be340006000424251080000a1065003400bf8f1a
:10be44003000b58f2c00b48f2800b38f2400b28f3c
:10be54002000b18f1c00b08f0800e0033800bd271c
:10be640001a0023c7a65400f448c518cc01802003a
:10be740021186200c018030021882302252800022b
:10be8400b0d3400f0000248e25804000ebff001249
:10be9400feff0224000002960200433013006010eb
:10bea4000229130000206232020040100001a53074
:10beb4000002a5342c0027262530000012e9400f8b
:10bec400252000020800078e1400a0af10808227ee
:10bed4001000a2af0000a68e0f006532e3b2400f3f
:10bee40025208002d5ff001001000224c000433049
:10bef400d2ff6010030002240900405200000396a0
:10bf04001000028e030042aa000042ba14000292fa
:10bf1400040042a215000292050042a2000003960a
:10bf240080006330c5ff601002000224180031262f
:10bf340004001226252840024ce9400f2520200247
:10bf440001a0023c548c428c0c0002ae2528400215
:10bf54007eea400f25202002b8ff001002000224d0
:020000040000fa
:020000041d02db
:10bf6400d8ffbd272400bfaf2000b4af1c00b3af7f
:10bf74001800b2af1400b1af1000b0af259080002c
:10bf8400520080102598a0000c00828c52004010b2
:10bf9400258800001000838c41006050ffff0224bc
:10bfa4001400908c3e000052ffff022409f8400068
:10bfb400252000022588400039002012feff0224bb
:10bfc400030024260408047c212811022328a40049
:10bfd4000408057cb0ffb4240002822e40004054c3
:10bfe400258880008101410fc2a0140025804000f3
:10bff40050004424049d023c24fa422425180002e3
:10c00400200045240000498c0400488c0800478c1b
:10c014000c00468c000069ac040068ac080067acf6
:10c024000c0066ac10004224f6ff45141000632493
:10c034000000428c000062ac240004ae540014ae34
:10c04400500000ae280004ae2c0014ae300000ae48
:10c05400340000ae380000ae0400428e3c0002ae54
:10c06400400011ae1000428e440002ae01000724cd
:10c074000100062425280000fdda400f48000426ac
:10c084000100032418004350258800021000428e4a
:10c0940009f840002520200225880000fdff022425
:10c0a40001006056000062ae251020022400bf8ffc
:10c0b4002000b48f1c00b38f1800b28f1400b18f0e
:10c0c4001000b08f0800e0032800bd2725888000f9
:10c0d400f3ff0010ffff0224f1ff0010ffff022412
:10c0e400efff0010fcff0224edff001025100000fc
:020000040000fa
:020000041d02db
:10c0f40088ffbd277400bfaf7000b5af6c00b4af4c
:10c104006800b3af6400b2af6000b1af5c00b0af21
:10c114000f000524aee5400f060004240100423060
:10c1240007004010f2ff1324f6ff12240800112424
:10c13400d5ec400f060004240a004014258040007a
:10c144007400bf8f7000b58f6c00b48f6800b38f1c
:10c154006400b28f6000b18f5c00b08f0800e00310
:10c164007800bd271c00148e2c0006960800c22cf3
:10c17400390040141800158e253800002528800247
:10c18400b2c0400f2520000234004014252840028c
:10c194000000829631005114f3ff05241000a526f7
:10c1a400d7f0400f2800048e2c004014f1ff052422
:10c1b4002800148e1c00048e000080a0010080a0c2
:10c1c4000200829425284000ff0046300800c32462
:10c1d400ff0063300438657c0800632c070060109e
:10c1e400003a427c01004224ff0042300300401424
:10c1f400047a457c0900c6240438c57c020085a461
:10c20400000000ae253000000100052436c2400fb6
:10c21400252000021800028e0c00438c4800a3afb6
:10c224001000428c4c00a2af5000b4af2530000087
:10c23400252800021895400f1000a427bcff4014c5
:10c2440006000624faff0524c2fa400f2520000246
:10c25400b7ff001000000000252860020600062435
:10c26400c2fa400f25200002b1ff001000000000b8
:08c27400faff0010f3ff05249e
:020000040000fa
:020000041d02db
:10c27c00d8ffbd272400bfaf2000b3af1c00b2af66
:10c28c001800b1af1400b0af2580a0001600859047
:10c29c00030003245100a31001000224b880828ff4
:10c2ac0048004014010042240800828cc88082aff0
:10c2bc00bc8080afc48080af01a0023c108e40ac2b
:10c2cc00108e4224040040ac080040ac0c0040ac82
:10c2dc00100040ac01a0023cc08e40acc08e422489
:10c2ec00040040ac080040acc08080af01a0023c10
:10c2fc00fc8d40acfc8d4224040040ac080040acea
:10c30c000c0040ac100040acb48080af3000001288
:10c31c00000000000000028e2d00401025300000af
:10c32c00029d053c404aa5240be4400f0300042465
:10c33c0027004010c48082af01a0043cbff4400f22
:10c34c00108e84242200401001a0043c2f00410fc9
:10c35c00fc8d84241e004010c880848f0800828cc1
:10c36c001000062409f840000000058e180040104b
:10c37c00c08082af01a0043cfe00410fc08e84241b
:10c38c000000028e0c004010c080938f259000009e
:10c39c0001a0113cc08e312625286002f3fd400f10
:10c3ac0025202002010052260000028e2b10420292
:10c3bc00f9ff401410007326b08080afb880828fd4
:10c3cc0001004224b88082af040000100100022456
:10c3dc00a8e3400f00000000251000002400bf8fd0
:10c3ec002000b38f1c00b28f1800b18f1400b08fd7
:08c3fc000800e0032800bd2742
:020000040000fa
:020000041d02db
:10c40400f00002245800a210f100a32827006010b5
:10c4140025100000c00003245300a310c100a3286a
:10c42400220060109100a3281d0060108000a32842
:10c434001e00601480ffa5241100a22c4f004010a0
:10c4440080280500039d023c60c44224211045005d
:10c454000000428c080040000000000018c5029d46
:10c4640018c5029d44c5029d80c5029db8c4029da5
:10c4740080c5029d80c5029d80c5029df4c4029db5
:10c4840080c5029d80c5029d80c5029d80c5029d18
:10c4940080c5029d80c5029d80c5029d44c5029d44
:10c4a400a00003242200a3500000e28c0800e00353
:10c4b400000000000000e28c040043240000428cd1
:10c4c4000600c0100000e3ac2016027c000082ac21
:10c4d400c317020004000010040082acffff4230c6
:10c4e400000082ac040080ac0800e00301000224d8
:10c4f4000000e28c040043240000428c0300c010be
:10c504000000e3acf1ff00102014027cf4ff0010e3
:10c51400ff0042300000e38c0000628c04006324be
:10c52400efffc0100000e3ace9ff0010000082ac94
:10c53400040043240000e3ace4ff00100000428c3c
:10c544000000e28c070042240410027c0000488ca6
:10c554000400498c080042240000e2ac000088acce
:10c56400e1ff0010040089ac0000e28c04004324c5
:10c574000000e3acdaff00100000428c251000003c
:08c584000800e00300000000c4
:020000040000fa
:020000041d02db
:10c58c00d0ffbd272c00bfaf2800b5af2400b4af3f
:10c59c002000b3af1c00b2af1800b1af1400b0afa5
:10c5ac002590a0002588c00025a0e0004400958cb3
:10c5bc000000d08c0400c28c340002160400b38c32
:10c5cc000000c0ac0400c0ac0400028ec439027c74
:10c5dc00040002ae0000228e0400238e330043546c
:10c5ec000000438c000020ae31004014040020ae4b
:10c5fc000000628e0400068e0800058e0c00048e6e
:10c60c001000038e000062ae040066ae080065ae3a
:10c61c000c0064ae100063ae040000ae080000ae67
:10c62c00000000ae140000ae0400428e30004054f6
:10c63c00000050ac000050ae040050ae0400628efe
:10c64c0001000324c439627c040062ae0400628ed3
:10c65c00050080120003427c040040142c00bf8fa4
:10c66c008464400f2520a0022c00bf8f2800b58fba
:10c67c002400b48f2000b38f1c00b28f1800b18f30
:10c68c001400b08f0800e0033000bd270000028ebc
:10c69c00cdff00100000c2ac0400448e0400432403
:10c6ac0000e0637c08000010140083ac000023ae93
:10c6bc00000040ac140040ac0400438ef6ff605404
:10c6cc00000062ac000042ae040042ae0400428c9a
:10c6dc00c0ff80120003427cbfff40540000228e3a
:10c6ec008464400f2520a002bbff00100000228ea6
:10c6fc000400438e0400022600e0427cceff0010b2
:04c70c00140062ac07
:020000040000fa
:020000041d02db
:10c71000d0ffbd272c00bfaf2800b6af2400b5afb7
:10c720002000b4af1c00b3af1800b2af1400b1af1b
:10c730001000b0af258080008400828c0001033c93
:10c740000100632424184300010004243d00641404
:10c750002590a0000300033c241043000100422c5c
:10c76000259800004800038e130060100100032488
:10c770007100049210008314000000000e004010ad
:10c78000000000002bf6400f252000004800118e0d
:10c7900038002012252840002000228e0800423058
:10c7a00038004014480000aeacf7400f25200000d0
:10c7b0002ce4400f252020022bf6400f25200000fe
:10c7c0007800158e7c00168e760011962528400084
:10c7d000acf7400f25200000248832021c002012f4
:10c7e000259000001c00a0522588000074001286cd
:10c7f0004400148e1b00601200000000aee4400fe5
:10c8000025200002050020122538c0022530200214
:10c810002528800209f8a002252040022c00bf8fa5
:10c820002800b68f2400b58f2000b48f1c00b38f72
:10c830001800b28f1400b18f1000b08f0800e00311
:10c840003000bd2701000224c6ff001001001324a0
:10c85000e8ff001025a0000025900000e5ff001073
:10c8600025a000004cd8400f25200002e5ff001055
:10c87000700000a2acf7400f25200000ceff001092
:10c8800000000000acf7400f25200000caff001098
:04c8900000000000a4
:020000040000fa
:020000041d01dc
:10900000d8ffbd272400bfaf2000b3af1c00b2af14
:109010001800b1af1400b0af00a0023cb40142246c
:1090200023004414258000002598a0002580c0005e
:1090300000a0023c2600c010f801528c00a0023ca7
:109040004c02428c0300401000a0023c03f1400f90
:109050004802448cebf2400f2520600200a0033c44
:10906000b40163249800648c25206402980064ace9
:10907000a000658c2528a2000d008010a00065ac22
:1090800025986000a400718c278811002488220292
:10909000252820022b01410f2520400225282002ef
:1090a0002e01410f2520400211fe400f9400648ed6
:1090b000251000022400bf8f2000b38f1c00b28f48
:1090c0001800b18f1400b08f0800e0032800bd27fe
:1090d00000a0023c4c02518c0400201200a0023c73
:1090e00003f1400f4802448c25804000248833025d
:1090f000ebf2400f25202002259840002718110090
:1091000000a0113cb40131269800228e24104300a7
:10911000980022ae27101300a000248e2420820085
:10912000a00024ae9c00248e241864009c0023ae72
:10913000a400238e24104300a40022ae2528600240
:109140003101410f25204002252860022b01410feb
:10915000252040029800228e06004010252800029b
:1091600000a0023c7dfd400f4802448cd0ff00105f
:0c91700001001024ceff001001001024ac
:020000040000fa
:020000041d02db
:10c89400c8ffbd273400bfaf3000beaf2c00b7af18
:10c8a4002800b6af2400b5af2000b4af1c00b3af6e
:10c8b4001800b2af1400b1af1000b0af25b0a000a3
:10c8c40025a8c00025b8e0005000b38ffcff622605
:10c8d4000200422c060040144c00be8f2000a22c03
:10c8e400450040102000c22c44004010faff1124df
:10c8f40019e1400f010005244200401025a040002a
:10c904000400528c04004296020043303700601049
:10c914000800423033004014258000006efa400fb6
:10c9240084004426258040001d004010020011248c
:10c934000f0043900100022405006250ff0073328f
:10c944006080828ffeff401400000000ff007332fd
:10c954000c0013a2040016a6060015a64800a28f18
:10c964000d0002a2080017ae010002240e0002a26c
:10c974000300022404006216100014ae0400429660
:10c9840008004234040042a6252800020bfc400f94
:10c9940090004426020002240f0002a22588000011
:10c9a400bdf7400f252040020100c0570000d1af61
:10c9b400251000023400bf8f3000be8f2c00b78fcb
:10c9c4002800b68f2400b58f2000b48f1c00b38fcd
:10c9d4001800b28f1400b18f1000b08f0800e0036c
:10c9e4003800bd27eeff0010f8ff11242580000059
:10c9f400ebff0010fcff1124fbff1124eaff0010e1
:0cca040025800000fdff0010ffff112442
:020000040000fa
:020000041d02db
:10ca1000d8ffbd272400bfaf2000b4af1c00b3afc8
:10ca20001800b2af1400b1af1000b0af3400c010a6
:10ca30002588c0003bfd400f2598a0004f00401006
:10ca40002580400048f9400f252040004d0040104f
:10ca500025904000251020022b885102010020560d
:10ca600025104002ffff51302000058e1800028e75
:10ca70002118b1002b1843000d00601025a0000004
:10ca8000231045000100422405006012ffff5430ce
:10ca900025308002a9fd400f2520600221987402f4
:10caa00023883402ffff31321400028e200002aed0
:10cab00004006012253020022000058ea9fd400fe1
:10cac000252060022000028e21105100200002aebd
:10cad00021883402ffff313297dc400f252000020d
:10cae00007004014239051022a9032020d00401694
:10caf000010003248400028ec439627c840002aeeb
:10cb0000251020022400bf8f2000b48f1c00b38f9b
:10cb10001800b28f1400b18f1000b08f0800e0032e
:10cb20002800bd278400028e04004230f5ff401427
:10cb3000251020028400028e8410627c73f6400f60
:10cb4000840002ae6c80848f4018040021186400b9
:10cb5000c018030021186400c01803006210043cd0
:10cb6000d34d8424190064001018000082190300ba
:10cb700021186200e2ff0010280003aee0ff001061
:0ccb800025880000deff00102588400022
:020000040000fa
:020000041d02db
:10cb8c00d0ffbd272c00bfaf2800b6af2400b5af37
:10cb9c002000b4af1c00b3af1800b2af1400b1af9b
:10cbac001000b0af2588800025b0a00025a8c000db
:10cbbc0025a0e0004000b28f01a0023c888c508c74
:10cbcc00050000124400b38f2000028e0800423092
:10cbdc00090040501800048e75f9400f0000000049
:10cbec0025804000320000122510000001a0023cfc
:10cbfc00888c50ac1800048e01000224000082a422
:10cc0c0000080224020082a406000224040082a070
:10cc1c0004000224050082a02f006016060096a4d2
:10cc2c003c00228e0b0082a8080082b8400022969d
:10cc3c000c0082a4110095a80e0095b80300428a3e
:10cc4c000000429a150082a8120082b80400429299
:10cc5c00160082a005004292170082a01b0094a827
:10cc6c0068f7400f180094b81000028e1c000324c3
:10cc7c000c0043a407fe400f2520200206080724c1
:10cc8c00253040002528400237dd400f25200002ca
:10cc9c000700401025280002000000ae280011ae4d
:10ccac00cff9400f2520200227100200c2170200e6
:10ccbc002c00bf8f2800b68f2400b58f2000b48fb6
:10cccc001c00b38f1800b28f1400b18f1000b08ffe
:10ccdc000800e0033000bd270300628a0000629a5e
:10ccec000b0082a8080082b8040062920c0082a09b
:0cccfc0005006292cfff00100d0082a026
:020000040000fa
:020000041d02db
:10cd0800c8ffbd273400bfaf3000b7af2c00b6afa7
:10cd18002800b5af2400b4af2000b3af1c00b2aff9
:10cd28001800b1af1400b0af3900a0102590a000d2
:10cd3800258080000100d6304000d47c0400d33028
:10cd480025a80000039d173c26000596f2ffa524a0
:10cd58006000028e25300000ffffa53009f8400072
:10cd6800380004243a004010258840000600c052cc
:10cd7800a039e2261000438c10006294040042346b
:10cd8800100062a4a039e226080022ae0700801233
:10cd98000c0030ae1000228e0e004594f0ffa53036
:10cda800260005a6eefc400f4400048e2a006012ff
:10cdb800000020ae7400028e030040100500052418
:10cdc80009f84000f00004261000258e2538c0021e
:10cdd800010006240800a524afa0400f252000026a
:10cde80025a040007400028e0300401006000524b0
:10cdf80009f84000f0000426110080520100b52611
:10ce08006400028e09f84000252020022590a00227
:10ce1800251040023400bf8f3000b78f2c00b68f2a
:10ce28002800b58f2400b48f2000b38f1c00b28f68
:10ce38001800b18f1400b08f0800e0033800bd2738
:10ce4800c1ff551625a00000f2ff00102510400272
:10ce5800efff00102590a0021000258e2538c00293
:10ce6800010006240800a524afa0400f25200002d9
:08ce7800e1ff001025a04000bd
:020000040000fa
:020000041d02db
:10ce8000c0ffbd273c00bfaf3800b5af3400b4af22
:10ce90003000b3af2c00b2af2800b1af2400b0af68
:10cea00025a8a0002588c00025a0e000fe00410fb5
:10ceb0001000a42701a0043ca6fa400f108e842481
:10cec00001a0133c108e7326a2f9400f25206002aa
:10ced0000c0040142580400001a0043c1000a28feb
:10cee000108e82ac108e84241400a28f040082acb9
:10cef0001800a28fb4fa400f080082ac2b0000107b
:10cf00003c00bf8f04000292010003242000431460
:10cf1000020003240800128e8ffc400f05000492cb
:10cf2000252040000c00038e0000a28e2e0062140b
:10cf30002528000225008006fcff05241400438eee
:10cf40000300228a0000229a030062a8000062b84f
:10cf500004002292040062a005002292050062a053
:10cf60001f008010000040aecff9400f252840027e
:10cf700016004004fbff05242528000201a0043c04
:10cf8000f3fd400fc08e8424cfff0010000000008e
:10cf90000300431400000000dfff00100800128ea1
:10cfa000ac80828ffeff40143c00bf8f3800b58fed
:10cfb0003400b48f3000b38f2c00b28f2800b18fb3
:10cfc0002400b08f0800e0034000bd2703000624c2
:10cfd000c2fa400f25204002e8ff00102528000279
:10cfe000faff0010fbff0524f3fd400f1000a427fb
:08cff000b5ff00100000000075
:020000040000fa
:020000041d02db
:10cff80000a0033cb401632458006414faff02241f
:10d00800e0ffbd271c00bfaf1800b2af1400b1afde
:10d018001000b0af2580a0002600a0102588c00011
:10d0280000a0023c2802428c0400401005000524a0
:10d0380000a0043c09f84000a402842400a0053c98
:10d04800b002a52400a0123cf1f6400fb40144261a
:10d0580000a0053cb402a52402f7400fb401442601
:10d06800b40152267400428e0400401006000524c4
:10d0780000a0043c09f84000a402842400a0023c5b
:10d08800b4014224f800478cfc00468c0001458c12
:10d098000401448c0801438c0c01428c000007ae4b
:10d0a800040006ae080005ae0c0004ae100003ae86
:10d0b800140002ae230020122510000000a0023c3c
:10d0c8002802428c040040100500052400a0043cfe
:10d0d80009f84000a802842400a0053cc802a52441
:10d0e80000a0103c13f7400fb4010426b401022637
:10d0f8001401438c5000448c21186400140143ac83
:10d108007400428c040040100600052400a0043c72
:10d1180009f84000a802842400a0023cb40142247b
:10d128001001458c1401448c1801438c1c01428c5d
:10d13800000025ae040024ae080023ae0c0022ae89
:10d14800251000001c00bf8f1800b28f1400b18f8b
:10d158001000b08f0800e0032000bd270800e0039e
:04d1680000000000c3
:020000040000fa
:020000041d02db
:10d16c00e8ffbd271400bfaf1000b0afddf1400fda
:10d17c0025808000500040101400bf8f20000396c3
:10d18c00010062302e004010220005960020a330d2
:10d19c00050004240b1083000004a330030060106e
:10d1ac002520000010004234010004240008a330a4
:10d1bc0003006010253000002000423401000624da
:10d1cc003400039624000896260009960800078e62
:10d1dc0000082a31040040110100e79000020a31d6
:10d1ec001f0040550a0005240004293103002011ba
:10d1fc0000010831100000550c00052424186500ae
:10d20c00000165301600a014120005248000653062
:10d21c000900a01414000524400065302900a01456
:10d22c00200063300400601424000524feff42300b
:10d23c0000204234252800001200001025180000a0
:10d24c00100063300b000224030004240a10830036
:10d25c00253000000b300300d9ff00102520c00042
:10d26c00421807002430c300251886002418e30058
:10d27c00c01803002538e600242087008020040015
:10d28c00251864002800048e050080501c0000a6a0
:10d29c00000082ac040085ac080083ac1c0000a626
:10d2ac001a0000a6180000a602000224020002a622
:10d2bc001e0000a61400bf8f1000b08f0800e00302
:10d2cc001800bd27e6ff001022000524daff00102d
:04d2dc001400052411
:020000040000fa
:020000041d02db
:10d2e000c8ffbd273400bfaf3000b3af2c00b2afd2
:10d2f0002800b1af2400b0af258080002520a00019
:10d300004400138e1800a0af1c00a0af1000a0af07
:10d310001400a0af1800a62701cd400fec00058e29
:10d3200025884000010012241800a38f1c00a28f42
:10d330002d0062540000628c1800a0af2b00601416
:10d340001c00a0af1000a28f0500401001000724b0
:10d350001000a627ec00058e63b1400f25200002c7
:10d36000251020023400bf8f3000b38f2c00b28f05
:10d370002800b18f2400b08f0800e0033800bd27db
:10d380000400642400e0847c140044ace6ff001038
:10d390001400a3af000060ac140060ac0400828ce9
:10d3a0000c004054000043ac000083ac040083ac8c
:10d3b000080060ac0400628c0003427cdbff405438
:10d3c0001800a38f8464400f25206002d7ff00104f
:10d3d0001800a38f0400858c0400622400e0427cc6
:10d3e000f2ff00101400a2ac1800a2af0400628c7f
:10d3f0004002427ce7ff4050e800048e0400628c4b
:10d40000c4ff027c040062ac0400628c84f7027cde
:10d41000040062ac0400628cc45a027c040062ac5a
:10d420000400628cc439427e040062ac000060ac2f
:10d43000140060ac1400a28fd1ff4054000043ac34
:0cd440001000a3afb8ff00101400a3af51
:020000040000fa
:020000041d02db
:10d44c00e0ffbd271c00bfaf1800b2af1400b1af96
:10d45c001000b0af0800928c01a0023c0c8b42244f
:10d46c000200421225808000259000001c000296cc
:10d47c00020003242a0043100300432c4400605094
:10d48c001c0000a61d004014008006342528000056
:10d49c0047e8400f25200002120040100300022430
:10d4ac001a0002a601000224dff7400f1c0002a69e
:10d4bc0073f6400f258840002000438e0000638cdb
:10d4cc0002882372e70331266210033cd34d632498
:10d4dc001900230210880000828911002188220281
:10d4ec002c0011ae1c00bf8f1800b28f1400b18f2e
:10d4fc001000b08f0800e0032000bd272528000095
:10d50c00f0e7400f25200002f6ff40100300022434
:10d51c001a0002a602000224f2ff00101c0002a650
:10d52c00ddf1400f25200002efff40101c00bf8fe3
:10d53c0034000286130041040400022473f6400fe9
:10d54c00000000002c00038e2b104300050040103f
:10d55c00030002241a0002a601000224e1ff0010bd
:10d56c001c0002a61c0000a61a0000a6180000a6ab
:10d57c0002000224020002a6fdff0224d9ff0010c3
:10d58c001e0002a61a0002a6d6ff00101c0000a660
:10d59c001a0000a6180000a602000224020002a62f
:0cd5ac00f4ff0224cfff00101e0002a6b6
:020000040000fa
:020000041d02db
:10d5b800c8ffbd273400bfaf3000b2af2c00b1aff9
:10d5c8002800b0af258080002588a0004bff400fc1
:10d5d8002520a0001800a2af53ff400f25202002ed
:10d5e8001c00a2af340012261000a0af253800009e
:10d5f8003c00062625284002a4db400f25202002f7
:10d6080064000292020042300300401038000526f0
:10d61800da64400f25202002420022962000423082
:10d628000e004010040006246400029208004230f4
:10d638000300401040000526e264400f2520200228
:10d6480064000292100042302e004010440005266b
:10d65800ea64400f25202002040006240100052466
:10d668008ee5400f25202002025007242530400275
:10d678002528400281df400f252020023400038e38
:10d688003c00028e241862001800a28f1c00a48f90
:10d698002410440005006210040007241c00a6277b
:10d6a8001800a5273cac400f252020022c00028e34
:10d6b800300002ae090002245e0002a66000029259
:10d6c800010003244408627c0421627c4429627cb2
:10d6d800c439027c600002a2253800002530000011
:10d6e80008000524bfa1400f252020023400bf8f69
:10d6f8003000b28f2c00b18f2800b08f0800e003f3
:10d708003800bd272000a0af2000a527ea64400ffd
:0cd7180025202002d1ff00100400062490
:020000040000fa
:020000041d02db
:10d72400d0ffbd272c00bfaf2800b5af2400b4af95
:10d734002000b3af1c00b2af1800b1af1400b0affb
:10d7440025a8800001a0113cd487312601a0143cf7
:10d754003c8994260100132400a0123ce4ff229289
:10d764002700401025802002e8ff22962000423046
:10d774002400405024003126e6ff2392ffff622458
:10d78400ff0042300300422c1d004010010002241f
:10d7940039006254f0ff028eecff228e1400428c9a
:10d7a40009f84000eaff248615004010ffff052415
:10d7b40081f8400f7c7d442601000324110043546a
:10d7c40024003126f0ff228e2800428c09f8400004
:10d7d400000000001600401400000000f0ff228e3c
:10d7e4000000428c09f84000ecff248e1000401425
:10d7f40005000224e6ff22a2cef7400f7c7d4426da
:10d8040024003126d5ff3416010073262c00bf8f67
:10d814002800b58f2400b48f2000b38f1c00b28f72
:10d824001800b18f1400b08f0800e0033000bd274a
:10d83400cef7400f7c7d442601000324f0ff4314ff
:10d8440025380002f0ff028e0800428ceaff0686ab
:10d854002528600209f840002520a0020300401496
:10d8640005000224e6ff0010e6ff02a201000224e4
:10d87400e5ff02a2f0ff028e0c00428c09f8400082
:0cd8840025200002deff0010e6ff02a2db
:020000040000fa
:020000041d02db
:10d89000e0ffbd271c00bfaf1800b2af1400b1af4e
:10d8a0001000b0af01a0023c188d42243400438c1c
:10d8b0001400448c100044ac4300601001a0023cf2
:10d8c0000c00628c3800410401a0023c188d4224f7
:10d8d0001400428cff7f103cffff10362180500067
:10d8e000258800022b80020201a0123c188d5226ce
:10d8f0000400428e1800428c09f84000000000002d
:10d90000251800001000448e2b20440003008010d6
:10d9100001a0043c2b180200ffff4224388d848ca8
:10d92000212882002b30a4002118c3002b300302d1
:10d930000500c054212082002b0070142b282502e2
:10d940002900a0102120820001a0023c188d422451
:10d950001c0044ac01a0023c188d42241c00428ce7
:10d960000400401401a0023c188d4224010003244d
:10d970001c0043ac01a0023c188d42241c00448cc6
:10d980000400428c1400428c09f8400000000000a2
:10d990001c00bf8f1800b28f1400b18f1000b08f21
:10d9a0000800e0032000bd270c00708c01a0023ca1
:10d9b000188d42241400428c2180500025880002da
:10d9c000c9ff00102b800202188d42241400428ce3
:10d9d000ff7f103cffff1036218050002588000299
:10d9e000c1ff00102b80020201a0023c188d4224ce
:0cd9f0001c0051acd8ff001001a0023c4c
:020000040000fa
:020000041d02db
:10d9fc00c0ffbd273c00bfaf3800b5af3400b4af9b
:10da0c003000b3af2c00b2af2800b1af2400b0afe0
:10da1c00b880828f43004018258880001000948cb9
:10da2c00fe00410f1000a42701a0043ca6fa400ff1
:10da3c00108e842401a0133c108e732601a0123c7e
:10da4c00c08e5226a2f9400f252060020c00401413
:10da5c002580400001a0043c1000a28f108e82ace7
:10da6c00108e84241400a28f040082ac1800a28fa4
:10da7c00b4fa400f080082ac22000010160023926a
:10da8c000400029201000324160043140200032434
:10da9c000800158e8ffc400f050004920400805284
:10daac00040002922800821625280002040002922b
:10dabc00ffff4224ff0042300200422c04004010c1
:10dacc0003000624fbff0524c2fa400f2520a00208
:10dadc0025280002f3fd400f25204002d9ff00103d
:10daec00000000000300431400000000e9ff0010d8
:10dafc000800158eac80828ffeff401400000000e1
:10db0c00160023920200022406006214b880828f51
:10db1c00ffff422403004014b88082afa8e3400ffb
:10db2c00000000003c00bf8f3800b58f3400b48f6c
:10db3c003000b38f2c00b28f2800b18f2400b08f2f
:10db4c000800e0034000bd27f3fd400f1000a427a0
:08db5c00bcff001000000000f6
:020000040000fa
:020000041d02db
:10db6400e8ffbd271400bfaf1000b0af2b00a0101a
:10db74002580a000255080000100082480bf0c3cb3
:10db840006000b2401a0063c8c8cc62400a0073c94
:10db9400b87fe724ffff10250060828d0600423025
:10dba40030004b14000000000c00cd8c0800c28c27
:10dbb400010049241800c38c2b1823010a480300d0
:10dbc4001600a9110000000001004391001a03008f
:10dbd40000004d9125186d0000608d8d0600ad315b
:10dbe4001b00ab15ff006e30401002002168470097
:10dbf4000000aea101004224021a030021104700d4
:10dc0400000043a00800c9ac010003252b10050146
:10dc14000d00401402004a2525800001defa400f61
:10dc2400000000000300401088bf023c0010033cc9
:10dc3400681043ac251000021400bf8f1000b08f91
:10dc44000800e0031800bd27d2ff00102540600043
:10dc5400ff00633021104700000043a0e9ff0010db
:10dc6400000000000c00cd8c0800c28c010043248d
:10dc74001800c98c2b4869000a180900e7ffa31192
:10dc840021488800ffff2d910060898d060029310d
:10dc94000a002b552110470040100200214847007c
:10dca40000002da10100422421104700000040a0e3
:10dcb4000800c3acd5ff00100100032500004da0ef
:08dcc400fbff0010000000004e
:020000040000fa
:020000041d02db
:10dccc00e8ffbd271400bfaf1000b0afddf1400f6f
:10dcdc0025808000340040101400bf8f0800058e92
:10dcec001000a38c06006230010040500400633425
:10dcfc0038006230090040142000623401006330a7
:10dd0c002c00601425184000020064300008022426
:10dd1c0000100624150000100b10c4000100623026
:10dd2c002600401010006430080080100800022407
:10dd3c000200643008400224080006240a10c400c3
:10dd4c000400643001008054002042342000643010
:10dd5c000600801002006430010080540010423430
:10dd6c0004006430010080540008423434000496ee
:10dd7c003a000696252086000101423424108200c8
:10dd8c00150040541000a3ac1c0000a61a0000a6fd
:10dd9c00180000a602000224020002a6faff0224c8
:10ddac001e0002a61400bf8f1000b08f0800e00305
:10ddbc001800bd27e5ff0010080002241000623097
:10ddcc00d1ff4010020064300020022400400624e1
:10dddc00e6ff00100b10c400480002a601018430bd
:10ddec00010102240a0082143c0000ae0f0005243d
:10ddfc00f0e7400f25200002eaff40100400022447
:10de0c001a0002a602000224e6ff00101c0002a663
:10de1c00040002241a0002a603000224e1ff0010f1
:04de2c001c0002a62e
:020000040000fa
:020000041d02db
:10de3000d0ffbd272c00bfaf2800b5af2400b4af82
:10de40002000b3af1c00b2af1800b1af1400b0afe8
:10de5000258880002bf6400f252000002528400053
:10de60008880838f01000224420062148480828fa4
:10de70004400401802000224888082afacf7400fb3
:10de8000252000007c80828f2300405016002392c2
:10de900014002296010013240498530025900000da
:10dea00001001424801812008c80828f21104300fe
:10deb0000000508c13000052010052267a65400f7a
:10dec0004400048e0e00400404105400241053003b
:10ded0000b004010002006248400158e2510a0029f
:10dee0000400827e840002ae2528000079d4400f11
:10def000252000028400028e0400a27e840002ae6f
:10df0000010052267c80828f2b104202e6ff4014d3
:10df100080181200160023920200022412006214dc
:10df20008480828fffff42240f004014848082afe0
:10df30003ee0400f00000000cbfc400f70808427c3
:10df4000888080af2c00bf8f2800b58f2400b48f4d
:10df50002000b38f1c00b28f1800b18f1400b08f57
:10df60000800e0033000bd2701000224f5ff001087
:10df7000888082afacf7400f25200000f2ff001030
:10df80002c00bf8facf7400f25200000eeff0010e3
:04df90002c00bf8f13
:020000040000fa
:020000041d02db
:10df940000a0023cb40142245300441400000000d9
:10dfa40000a0023cc8014290010042304e004010e3
:10dfb40000000000e0ffbd271c00bfaf1800b1af98
:10dfc4001400b0af00a0103cb40110263c00118e28
:10dfd4001000228e09f840000800048e1000038e01
:10dfe400010002241200621400a0023cc001508c03
:10dff4001c00228e09f840002520000201000324a1
:10e004000c0043101c00bf8f2000228e09f8400032
:10e01400252000020b00401000a0103cccc7400f8c
:10e02400b4010426b4011026ffff0224100002ae3e
:10e034001c00bf8f1800b18f1400b08f0800e003dc
:10e044002000bd2700a0023cb401422414004390e8
:10e05400010004248410837c140043a03400468c03
:10e064000100c2301700401000a0023cb401422459
:10e07400ff006330c418837c140043a073f6400f80
:10e0840000a0103cb4011026dff7400f7c0002ae64
:10e094003200039602186270e70363246210023ca4
:10e0a400d34d4224190062001018000082190300a5
:10e0b400800003ae900000ae02000224dcff0010da
:10e0c400100002ae0200c6300100c0540f00062446
:10e0d40000a0043cb401842493cb400f7800858cc9
:10e0e400e6ff0010000000000800e003000000004c
:020000040000fa
:020000041d02db
:10e0f400700082900b00422c53004010000000007e
:10e10400e0ffbd271c00bfaf1800b1af1400b0afd3
:10e114007000839080180300039d023c34e1422484
:10e12400211043000000428c08004000258080003c
:10e1340024e2029d24e2029d68e1029d68e1029dc1
:10e1440060e1029d60e1029d60e1029d60e1029d4b
:10e1540068e1029d60e1029d14e2029d310000101d
:10e16400251000008400828c0005427c20004010b1
:10e17400000000000000828c100082ac0c0082ac15
:10e18400080082ac1000a010251000001000a52487
:10e19400ff00b1300100062425282002466e400ffe
:10e1a40025200002240042048400038e60000396ac
:10e1b400060060508400038e0800048e1000038e55
:10e1c400f5ff8314010006248400038ec45a037ce3
:10e1d400840003ae70000492080084380400032411
:10e1e400090005240a18a4000e000010700003a200
:10e1f400e7ffa0541000a5240800838c1000828c33
:10e20400e2ff621425100000f0ff00108400038e6a
:10e21400c4b1400f252800000200001025100000a2
:10e22400010002241c00bf8f1800b18f1400b08fae
:10e234000800e0032000bd2701000424c45a837ca5
:10e24400f8ff0010840003ae0800e003010002247c
:020000040000fa
:020000041d02db
:10e2540080bf023c105c428c080042301a0040101f
:10e2640001a0033c808d63241800628c0800638c39
:10e274002b1843002d00601080bf033c005c638cae
:10e28400000863301500601001a0033c808d638c8e
:10e2940080200200211864000000648c80bf033ccd
:10e2a400205c64ac0100422401a0033c808d632403
:10e2b400180062ac0800638c0300621480bf023c47
:10e2c4000c000324045c43ac88bf023c0004032418
:10e2d400441043ac0800e0030000000080bf033c8e
:10e2e400005c638c000463300900601001a0033cef
:10e2f400808d638c40200200211864000000649427
:10e3040080bf033c205c64ace7ff001001004224a2
:10e31400808d638c211862000000649080bf033cf0
:10e32400205c64ace0ff00100100422401a0033c27
:10e33400808d63240800638ce3ff621480bf023c79
:10e34400105c428c80004230dfff401080bf023cf2
:10e3540040000324145c43ac88bf023c0004032443
:10e36400741043ac01a0023c808d42241c0040a0e8
:10e374002000428cd4ff401001a0023ce8ffbd27de
:10e384001400bfaf808d42242400448c2000428cb2
:10e3940009f840000000000088bf023c0004032488
:10e3a400441043ac1400bf8f0800e0031800bd27dd
:020000040000fa
:020000041d02db
:10e3b400d8ffbd272400bfaf2000b4af1c00b3af0b
:10e3c4001800b2af1400b1af1000b0af25808000c8
:10e3d40025a0a0007881918f8881928f8481938f6a
:10e3e4008c81848fa1f8400f040084240a00401417
:10e3f400ffff02248c81828f7481838f2c00448cd4
:10e40400010002240410820027100200241043009b
:10e41400748182afffff02241d0002562180300266
:10e424002f00801201a0023c4c8e45240400a38cd2
:10e434008c81848f080083ac8c81848f0800668c67
:10e444000c0086ac8c81848f040084240400c4ac4a
:10e454008c81848f04008424080064ac8c81838fb5
:10e46400140065ac4c8e438c010063244c8e43ac89
:10e474002400bf8f2000b48f1c00b38f1800b28f0c
:10e484001400b18f1000b08f0800e0032800bd27ee
:10e494008c81828f2b88110207002012040050ac5b
:10e4a4008c81858f0400a524f9ef400f252060029c
:10e4b400f0ff00102400bf8f8c81858f0400a524f9
:10e4c400f9ef400f252040025c81828f2b1002025d
:10e4d400e7ff40545c8190afe6ff00102400bf8f3b
:10e4e400ffff22268c81838f2b885100ecff20169e
:10e4f400040062ac8c81858f0400a524f9ef400fe1
:10e50400252040025c81828fdaff00102400bf8f37
:020000040000fa
:020000041d02db
:10e514005500801025100000e0ffbd271c00bfaf90
:10e524001800b1af1400b0af258080002c00828c9d
:10e534008c81838f2c00638c2b1843004500601062
:10e54400000000001800838c07006004801802009b
:10e554008c81838f2c00648c0500032423186400b1
:10e56400180003ae8018020021186200801803000e
:10e5740001a0023c7c8b4224211043001400038e32
:10e584002f00621404001126a1f8400f2520200258
:10e5940008004014000000007481838f2c00048e56
:10e5a40001000224041082002710020024104300fa
:10e5b400748182af8c81828f2c00438c2c0003ae3b
:10e5c4007481848f01000224041062002510440029
:10e5d400748182af01a0043c7c8b842480100300ee
:10e5e4002110430080100200211082000400428c9c
:10e5f400080002ae0800438c0c0003ae040071acaa
:10e60400080051ac2c00058e80100500211845002f
:10e614008018030021188300140003ae0000628cec
:10e6240001004224000062ac010002241c00bf8fe0
:10e634001800b18f1400b08f0800e0032000bd273c
:10e644008c81828f2c00428c2c0002aef7ff0010cc
:10e65400010002248c81838f4800828c2c00638cff
:10e66400f2ff00102b1043000800e003000000003c
:020000040000fa
:020000041d02db
:10e67400feff092440500500405807002558640156
:10e684002558660125504b01040040150000000088
:10e694000000022447000010000000004040050074
:10e6a400020080100000000001000825e0ff013c8a
:10e6b400010021342b08010141002010000000005a
:10e6c400404007000200c0100000000001000825bf
:10e6d400e0ff013c010021342b0801013800201027
:10e6e400000000001b00a104000000000400e0047e
:10e6f40000000000ffff02242e00001000000000b4
:10e704002b508600232086002b58aa002328aa0019
:10e714002b50a70025504b012328a70004004011cb
:10e72400000000000100022422000010000000008c
:10e734002550a4000400401100000000ffff022443
:10e744001c0000100000000000000224190000104a
:10e75400000000000400e1040000000001000224a5
:10e7640014000010000000002b50860023208600b7
:10e774002b58aa002328aa002b50a70025504b0190
:10e784002328a7000400401100000000ffff02241a
:10e7940008000010000000002550a40004004011ef
:10e7a400000000000100022402000010000000002c
:10e7b400000002240800e003000000000000000044
:10e7c40025100900fbff00100000000000000000fd
:020000040000fa
:020000041d02db
:10e7d400feff0924405005004058070025586401f5
:10e7e4002558660125504b01040040150000000027
:10e7f4000000022447000010000000004040050013
:10e80400020080100000000001000825e0ff013c28
:10e81400010021342b0801014100201000000000f8
:10e82400404007000200c01000000000010008255d
:10e83400e0ff013c010021342b08010138002010c5
:10e84400000000001b00a104000000000400e0041c
:10e8540000000000ffff02242e0000100000000052
:10e864002b508600232086002b58aa002328aa00b8
:10e874002b50a70025504b012328a700040040116a
:10e88400000000000100022422000010000000002b
:10e894002550a4000400401100000000ffff0224e2
:10e8a4001c000010000000000000022419000010e9
:10e8b400000000000400e104000000000100022444
:10e8c40014000010000000002b5086002320860056
:10e8d4002b58aa002328aa002b50a70025504b012f
:10e8e4002328a7000400401100000000ffff0224b9
:10e8f40008000010000000002550a400040040118e
:10e9040000000000010002240200001000000000ca
:10e91400000002240800e0030000000000000000e2
:10e9240001000234fbff00100000000000000000a2
:020000040000fa
:020000041d02db
:10e93400d8ffbd272400bfaf2000b2af1c00b1af89
:10e944001800b0af258880001000a0af2f00a014dd
:10e954001400a0af7400828c360040102590000093
:10e96400300000100500052483c2400f252020023a
:10e97400259040000300028a0000029a26004010fd
:10e98400258040000b00058a0800059a2300a0504a
:10e994007400228e0c0002920d00069200320600d2
:10e9a4002530c2001d00c0507400228eeeff4012bc
:10e9b4001000a7277400228e1a0040540500052475
:10e9c4001000a38f1f0060101400a68fe000228e99
:10e9d40025280000040066540000678c19006010ac
:10e9e4002530a0002538a000000060ac140060ac05
:10e9f4000400448c1f008054000083ac000043ac2e
:10ea0400040043acf3ff00102518e0002580a000ab
:10ea1400dcff0010259000007400228e03004010db
:10ea24000500052409f84000f4002426e5ff4016fb
:10ea34001000a38f1000a52747dc400f25202002db
:10ea4400259000007400228e030040100600052467
:10ea540009f84000f4002426251040022400bf8f4a
:10ea64002000b28f1c00b18f1800b08f0800e003a3
:10ea74002800bd270400488c0400642400e0847c42
:08ea8400dfff0010140004add7
:020000040000fa
:020000041d02db
:10ea8c000c00828c0c00428c2800438c1c00458ca2
:10ea9c002000448c0800a4ac1c00458c040085ac00
:10eaac00180045240400648c04008554280040acf4
:10eabc002000448c040064ac280040ac0000648c42
:10eacc00ffff8424000064ac5481838f36006014f3
:10eadc0001a0033c1400438c0800458c0c00448cb2
:10eaec000800a4ac0800458c040085ac0400442448
:10eafc000400658c0400a454140040ac0c00458c3c
:10eb0c00040065ac140040ac0000658cffffa5242c
:10eb1c00000065ac2c00468c7481858f01000324a9
:10eb2c000418c30025186500748183af01a0053c4f
:10eb3c007c8ba52480180600211866008018030021
:10eb4c002118a3000400638c080043ac0800668cf9
:10eb5c000c0046ac0400c4ac080064ac2c00468c21
:10eb6c008018060021206600802004002120a400cb
:10eb7c00140044ac0000838c01006324000083acbf
:10eb8c008c81848f2c00438c2c00828c2b1843009e
:10eb9c00030060102510000001000224688182af80
:10ebac000800e00300000000748e66240400c48c8e
:10ebbc001c0044ac0800878c200047ac0400e5ac7a
:10ebcc00080085ac280046ac748e648c010084244b
:08ebdc00ebff0010748e64ac25
:020000040000fa
:020000041d02db
:10ebe4002518c0000400678cc0ffbd270000a28c5c
:10ebf4003800b4afc2a707003400b3af3000b2afdf
:10ec04002c00b1af2800b0af258880000800b28c7a
:10ec14000400a48c0c00b38c0000c68c3c00bfaf75
:10ec24002580a000400080122000a2af2b1806000f
:10ec3400233807002338e30008008004233006004b
:10ec44004408027c050080162000a2af2000a28f99
:10ec54000400433025006010c000427cffff4226c0
:10ec64002000a3271800a3af0a0003241400a3afb5
:10ec74001000a2af4ec1400f252000021d008012db
:10ec84002d000324ffff422421206202000083a000
:10ec94001000068e2000a38fffffc6241000a3af30
:10eca400253840022330c20021286202d8ca400f0e
:10ecb400252020020400238e00016330040060102c
:10ecc4003c00bf8f0400038e2a2043000b10640015
:10ecd4003800b48f3400b38f3000b28f2c00b18f62
:10ece4002800b08f0800e0034000bd27dcff0010bf
:10ecf400231042022000a38f0400643004008050db
:10ed040008006330ffff4224dfff00102b000324c0
:10ed1400dfff601020000424ffff42242118620258
:10ed2400dbff0010000064a0c6ff83044408027cdb
:08ed3400c7ff00102000a28fb0
:020000040000fa
:020000041d02db
:10ed3c000600a050ec00828c0b00a0a80800a0b824
:10ed4c000c00a0a00d00a0a0ec00828c0000438c55
:10ed5c0019006010010002240400628cc002427c85
:10ed6c000400648cc001847c1300805402000224d3
:10ed7c000400648c3d0083040000638c3b00405411
:10ed8c000000638c0200e0100c0062240000e2ac76
:10ed9c002510a00025206000254800002538000023
:10edac0000a00d3c00800c3c0500405408008b8cee
:10edbc001300c014000000000800e0030000000075
:10edcc0004008a8c80024a7d0200401125406d01ae
:10eddc0025406c010b0048a8080048b80400888c3a
:10edec00003c0a7d0c004aa00016087d0d0048a0ce
:10edfc0003004888000048982510000101002925cf
:10ee0c000400888cc001087dfdff00150000000087
:10ee1c000100e7240400888c8007087de2ff005184
:10ee2c000000848c0100c0540000c7ac05004010e9
:10ee3c00000000000b0040a8080040b80c0040a0e7
:10ee4c000d0040a0dcffa01025100000daff2715f4
:10ee5c00fcff02240400628c01000424c45a827c4e
:10ee6c00040062ac0800e00325100000baff601437
:10ee7c00010002240800e003000000000800e00389
:04ee8c000000000082
:020000040000fa
:020000041d02db
:10ee9000c8ffbd273400bfaf3000b3af2c00b2af06
:10eea0002800b1af2400b0af258880002580a000e5
:10eeb0002590c0001400a0a71800a0af4800828cc5
:10eec0001000a52709f84000252000021900400481
:10eed0001000b3972800228e1800a62725280000ce
:10eee00009f84000252000020200022431006212cd
:10eef0000300632e0f006010f4ff0224140060165c
:10ef00001800a68f5000228e1b00052409f840002f
:10ef100025200002070040040100032405004310df
:10ef2000010005244c00228e09f840002520000233
:10ef3000010002243400bf8f3000b38f2c00b28f49
:10ef40002800b18f2400b08f0800e0033800bd27ef
:10ef50005400228e1400a52709f840002520000245
:10ef6000f4ff400401000324f2ff43100002433287
:10ef70001400a297050060141000423000085232bd
:10ef80000200405600a04234008042341400a2a780
:10ef9000020003241000a3a71200a2a74c00228e97
:10efa0001000a58f09f8400025200002e1ff0010a5
:10efb000010002241200a6971400a6a75800228e72
:10efc0001800a78f1b00052409f840002520000227
:10efd000d9ff40043400bf8f01004238d5ff001034
:04efe0000100422cbe
:020000040000fa
:020000041d02db
:10efe400c0ffbd273c00bfaf3800beaf3400b7af91
:10eff4003000b6af2c00b5af2800b4af2400b3afd7
:10f004002000b2af1c00b1af1800b0af25a8a0001b
:10f0140025b0c0002588e0000000d28c5000a693e3
:10f024005fdd400f252840023400401025a0000079
:10f03400258040003100201225a020021000b2af2c
:10f0440025a00000029d173c2897f726029d1e3c30
:10f054000e0002960800138e219862022398720211
:10f0640027201300670107242530e002b83cc52798
:10f074008501410fc22704000c000296ffff4330b4
:10f084002b1823020100605425102002251840008b
:10f09400ffff4230ffff64322b1082000100405416
:10f0a40025186002ffff73301000601225306002e3
:10f0b40025284002a9fd400f2520a00221905302db
:10f0c40021a074020000108e0c000012ffff943285
:10f0d40023883302ffff31320800201221a8b30233
:10f0e4001000b2afdaff00100800128e0000108e7c
:10f0f400d7ff00560800128e1000b28f0000d2ae67
:10f10400251080023c00bf8f3800be8f3400b78fbb
:10f114003000b68f2c00b58f2800b48f2400b38f35
:10f124002000b28f1c00b18f1800b08f0800e003dc
:04f134004000bd27b3
:020000040000fa
:020000041d02db
:10f13800d0ffbd272c00bfaf2800b2af2400b1af6d
:10f148002000b0af16008014ffff102401a0023c7d
:10f158000c8b42901200401001a0023c308b429070
:10f168000f00401401a0023c0c8b42241c00438c6d
:10f178001400638c2528000009f8600006004494f8
:10f1880025884000ffff02240c002216c404023c1c
:10f198005880828ffeff4014000000002580200266
:10f1a800251000022c00bf8f2800b28f2400b18fd9
:10f1b8002000b08f0800e0033000bd2700b44234bf
:10f1c8001000a2af01a0103c308b102601a0123c09
:10f1d8000c8b52261400428e0800428c252800020f
:10f1e800049d043c09f84000c4b184241400a2af73
:10f1f8001800a0af1c00428e1800428c1000a527f2
:10f2080009f84000252020020a00410401a0023c20
:10f21800288b428c1c00428c09f8400025202002d3
:10f228005880828ffeff401400000000dcff0010b1
:10f23800ffff102401a0033c0c8b63241c00628c8c
:10f24800300062ac340071ac380060ac01000224bc
:10f25800240062a02c0063ac0c00628c280062ac15
:10f268003c0060a4540060a03e0060a4400060a47c
:0cf2780002000224caff0010260062a45d
:020000040000fa
:020000041d02db
:10f28400d8ffbd272400bfaf2000b2af1c00b1af30
:10f294001800b0af258080002590a00086ef400fb5
:10f2a400dc8084870a0040100a00112425284002cb
:10f2b400519a400f252000022588400005000224b1
:10f2c4000a002212060002243b002212253000000c
:10f2d400251020022400bf8f2000b28f1c00b18fa4
:10f2e4001800b08f0800e0032800bd275e000296d6
:10f2f40005000324180043540b0003246400028e09
:10f30400050042302c004314253000002800028ef2
:10f314002c0002ae5a0003960d006010080002246f
:10f324001000a0af3400028e1400a2af01300724f5
:10f334001000a6271400a52781df400f25204002d6
:10f344008d01410f00000000040002ae06000224fb
:10f35400dfff00105e0002a6030043100d0003242b
:10f36400dcff4354251020020c00028e080002ae7c
:10f374002c00028e300002ae090002245e0002a6b8
:10f3840060000392010002244408437c0421437c6e
:10f394004429437cc439037c600003a2253800005f
:10f3a4002530000008000524bfa1400f252040029d
:10f3b400c8ff00102510200202000524cddf400ff5
:0cf3c40025200002c3ff001025102002cd
:020000040000fa
:020000041d02db
:10f3d000e0ffbd271c00bfaf1800b2af1400b1aff3
:10f3e0001000b0af1c0082940b00401025808000fc
:10f3f0000100032428004310020002241c0080a402
:10f400001a0080a4180080a4020082a4f4ff022441
:10f410001b0000101e0082a40800928c1400428e73
:10f420001000428c04004054400002ae029d023c99
:10f43000e0604224400002aedff7400f3c0000ae27
:10f4400073f6400f258840002000438e0000638c37
:10f4500002882372e70331266210033cd34d6324f4
:10f4600019002302108800008289110021882202dd
:10f470002c0011ae010002241a0002a61c0002a6f4
:10f480001c00bf8f1800b28f1400b18f1000b08f16
:10f490000800e0032000bd274000828c2528800062
:10f4a000049d043c09f84000c4b1842405004014c4
:10f4b00000000000020002241a0002a6f0ff001063
:10f4c0001c0000a607004104020003241c0000a643
:10f4d0001a0000a6180000a6020003a6e8ff00100c
:10f4e0001e0002a673f6400f000000002c00038ee1
:10f4f0002b104300e2ff4014020002241c0000a66f
:10f500001a0000a6180000a6020002a6fbff0224b3
:08f51000dbff00101e0002a643
:020000040000fa
:020000041d02db
:10f51800d8ffbd272400bfaf2000b4af1c00b3af95
:10f528001800b2af1400b1af1000b0af2590a00022
:10f538002588c0003bfd400f2598e000258040004d
:10f54800350000122510000070000492fdff83248e
:10f55800ff0063300300632c2f00601408000324ad
:10f568002e0083102400bf8f7100039203006010e7
:10f57800ff0044322a0064142000b48f1e00601279
:10f58800010003242400431625100000252800004c
:10f59800d2f4400f2520600225a040001e008012f2
:10f5a80025100000160020565e000296cee4400f9b
:10f5b80000000000258840001700201225100000d8
:10f5c800710012a2440014ae25306002ff004532db
:10f5d80077f5400f252000025e0011a68400028ef8
:10f5e80001004230140040503e0002966e0011a601
:10f5f8000900001001000224eaff00104400148ee4
:10f60800f0ff5150710012a29bf5400f25202002f7
:10f61800ecff4054710012a22400bf8f2000b48f69
:10f628001c00b38f1800b28f1400b18f1000b08f78
:10f638000800e0032800bd273c0003962110430082
:10f648005c00039621104300268822026e0011a652
:08f65800f1ff00100100022483
:020000040000fa
:020000041d02db
:10f66000d8ffbd272400bfaf2000b3af1c00b2af4e
:10f670001800b1af1400b0af259880002588a00015
:10f680002590c0002be6400f2580e0001f00405071
:10f69000258040001800668e010003243600c31444
:10f6a000ba0407241c00438e070023162518000007
:10f6b0002b0043921d006014290043920200642c29
:10f6c0003500801000000000040064248020040045
:10f6d000212024020000848c160080142520600064
:10f6e000010064240200852c0600a010040085247b
:10f6f00080280500212825020000a58c0e00a054ba
:10f700001c0051ae0f000016000000002510000282
:10f710002400bf8f2000b38f1c00b28f1800b18f60
:10f720001400b08f0800e0032800bd27e3ff00109d
:10f73000010063241c0051ae290044a2f3ff001015
:10f7400025804000f1ff6010258000001000248e0d
:10f7500007008054253000000200632cebff60148a
:10f76000258000001400238ee9ff60502510000260
:10f77000f0ff00102520c000029d063c4897c624db
:10f78000029d053c883ca5248501410f25200000f1
:10f79000deff001025800000edff00561000248ed3
:08f7a000dbff00102510000240
:020000040000fa
:020000041d02db
:10f7a800e0ffbd271c00bfaf1800b1af1400b0af19
:10f7b8004700a010ffff1024450080142588a000f2
:10f7c80001a0043c3df6400f508d84240100032421
:10f7d80040004314251000020000228e01a0103cb6
:10f7e800188d1026040002ae0c00428c09f8400067
:10f7f800000000000c0002aec404063c00b4c6348d
:10f8080025380000cc010324190043001220000011
:10f818002a8e400f1028000002004224200002ae69
:10f828000400228e080002ae100000aeffff022482
:10f83800180002aeff7f023cffff42341c0002aefc
:10f848002510000025180000280002ae2c0003ae89
:10f85800340000ae300000a20400028e0000428c8a
:10f8680025280000039d043c09f84000fc9d8424e1
:10f878000400028e1000428c0300401001a0033cdb
:10f8880009f84000308d648c01a0113c188d302699
:10f898001c00048e0400028e1400428c09f84000fb
:10f8a800000000000400028e0400428c09f84000a9
:10f8b80000000000b40006242528000001a0043c34
:10f8c80061fe400f2089842402000224188d22ae94
:10f8d800251000021c00bf8f1800b18f1400b08fd4
:08f8e8000800e0032000bd2729
:020000040000fa
:020000041d02db
:10f8f000d8ffbd272400bfaf2000b4af1c00b3afba
:10f900001800b2af1400b1af1000b0af0200022473
:10f910002b008210ffff10242598a0002588c0002e
:10f9200001000224300082142590e0002f00c01056
:10f93000253800000000c28c2a0040102528000055
:10f94000d2f4400f2520c0001d00401025a040002b
:10f9500025380000253060022528400225a6400fea
:10f960000100042425804000ffff0224140002123d
:10f9700080181000a880828f211043000000528c54
:10f98000253020022528800263ea400f252040020e
:10f990003c00428e010003248473627c3c0042ae32
:10f9a0003c00428e01000324c47b627c3c0042aeda
:10f9b0003c00428e01000324448c627c3c0042ae39
:10f9c000251000022400bf8f2000b48f1c00b38fcd
:10f9d0001800b28f1400b18f1000b08f0800e00340
:10f9e0002800bd272588000025380000253060024a
:10f9f00025a6400f2528400225804000ffff022455
:10fa0000efff021280181000a880828f211043009f
:10fa10000000528c253020022528000063ea400fa8
:10fa200025204002dfff20163c00428ee2ff00103e
:04fa300001000324aa
:020000040000fa
:020000041d02db
:10fa3400e8ffbd271400bfaf1000b0af0060624103
:10fa4400c000000088bf023c301040ac88bf023cbc
:10fa5400401040ac019d023c009042340178824049
:10fa6400c00000003600410fc000000000800240ca
:10fa74000300423400808240c000000088bf023c82
:10fa84000040438c020004240410837c004043acf7
:10fa94000040438c030004240429837c004043accd
:10faa40088bf023c0020438c010004248431837c01
:10fab400002043ac81bf023c00f24390c418037c95
:10fac40000f243a007ed400f01a0103c34e2400fc8
:10fad4000000000072fd400f0000000064d0400fe1
:10fae40000000000049d023c4cd5428c049d053c62
:10faf4007c06a52409f8400025200000b08e02ae43
:10fb0400049d053c5406a524eabd400f25200000b1
:10fb1400b08e102657fe400f040002ae049d053c33
:10fb24007406a5243789400f25200000c7f3400f31
:10fb3400080002ae0c0002ae89bf033c0090648c46
:10fb440001a0033cd08c63241c0064ac27db400f71
:10fb5400240062acd0fa400f000000002060624133
:10fb64001400bf8f1000b08f0800e0031800bd27f9
:020000040000fa
:020000041d02db
:10fb7400c8ffbd273400bfaf3000b2af2c00b1af17
:10fb84002800b0af1800a0af1c00a0a700a0033c41
:10fb9400b401632414006414faff02242588a0002d
:10fba40000a0023cf801528c0700a010ffff1024b3
:10fbb400060006241800a52716fb400f2520200266
:10fbc4000f0040540300228a008005349a00410f3c
:10fbd400252040022530000025380000b200410fe6
:10fbe40025204002251000003400bf8f3000b28f62
:10fbf4002c00b18f2800b08f0800e0033800bd2727
:10fc04000000229a1000a2af040022921400a2a3c2
:10fc1400050022921500a2a31000a2271600a8270f
:10fc2400c104043cb71d84242548400000004390cf
:10fc3400080005244030100001006730c28710001e
:10fc44000100f0542630c4002580c000ffffa52425
:10fc5400f8ffa0144218030001004224f2ff4814e4
:10fc6400000023a12000a6af0007d07c0c000012e6
:10fc74002520c00089bf023c58904224c025847cc2
:10fc84000100032404188300000043ac0080053401
:10fc94009e00410f25204002d3ff001025100000d4
:0cfca40089bf023cf5ff0010489042248c
:020000040000fa
:020000041d02db
:10fcb00000a0033cb401632449006414faff022449
:10fcc000d8ffbd272400bfaf2000b1af1c00b0afec
:10fcd000258060004400648ce000828c448082af08
:10fce000fe65400f00000000408082af4400048e9b
:10fcf0000002828c3c8082af1002828c388082affe
:10fd00006701410f00000000348082af6b01410f9a
:10fd10004400048e308082af25380002049d063cea
:10fd20005ccbc6242528000046ae400f25200002eb
:10fd300025280000d0a8400f252000022e00109694
:10fd400022000012251000001000a0af00a0023c0d
:10fd50002802428c040040100500052400a0043c49
:10fd600009f84000a40284241000a52700a0113c3b
:10fd700002f7400fb4012426b40131267400228e0c
:10fd8000040040100600052400a0043c09f84000cf
:10fd9000a40284241000a28f2b1802020a0060140f
:10fda00000a0033ce40165940400a01404000624b0
:10fdb00005000212232802020400062400a0043ccd
:10fdc00042b3400fb4018424251000002400bf8feb
:10fdd0002000b18f1c00b08f0800e0032800bd2771
:08fde0000800e0030000000030
:020000040000fa
:020000041d02db
:10fde800d8ffbd272400bfaf2000b3af1c00b2afbf
:10fdf8001800b1af1400b0af2588800000a0123cf5
:10fe0800c01004002110440040110200b401522621
:10fe1800219042024400538e7301410f2520600255
:10fe2800a000438e248043002c00001200a0123c46
:10fe3800c01011002110510040110200b4015226d7
:10fe480021904202a400428e25105000a40042ae28
:10fe580002111000000442309c00448ec0191000aa
:10fe68000002633025186200251864004011100054
:10fe780000014230251862008211100081004230d2
:10fe880025186200c2101000700042302518620068
:10fe9800821010000800423025186200401010003f
:10fea80006004230251862009c0043ae2528000257
:10feb8003101410f25206002252800022b01410f46
:10fec80025206002a800468e0500c01000a0023c54
:10fed8009c00448e09f8c000ac00458e00a0023c8e
:10fee800c01811002118710040190300b401422400
:10fef8002110430025fe400f9400448c2400bf8f3e
:10ff08002000b38f1c00b28f1800b18f1400b08f7f
:08ff18000800e0032800bd27ea
:020000040000fa
:020000041d02db
:10ff2000e0ffbd271c00bfaf1800b1af1400b0af99
:10ff3000258080000800848c480011964a000396b2
:10ff4000080025322b00a0101000828c01004530e3
:10ff50002900a01000306330c21a110040190300bc
:10ff600001008290010045300200a01401046434b5
:10ff70000100643444000596220003240600a31403
:10ff8000ffff8630460003962016633020160524b6
:10ff900005006510040005240200423001004054b1
:10ffa000000886340400052447e8400f252000029d
:10ffb000070040100101313201010224090022161c
:10ffc000040002241a0002a6060002241c0002a655
:10ffd0001c00bf8f1800b18f1400b08f0800e00321
:10ffe0002000bd271a0002a608000224f8ff001016
:10fff0001c0002a60030633003006010080043308c
:020000041d03da
:100000000600601440000624006026320400c05040
:10001000005031320001467c40330600005031323e
:10002000010020560001c634000142300100405456
:100030000040c6342528000047e8400f2520000274
:10004000e3ff4010040002241a0002a60a00022462
:08005000dfff00101c0002a6f6
:020000040000fa
:020000041d03da
:10005800e0ffbd271c00bfaf1800b2af1400b1af5e
:100068001000b0af25888000160084900300032498
:1000780007008310010002249c80828f0a00401030
:100088002580a000010042249c8082af0100022448
:100098001c00bf8f1800b28f1400b18f1000b08ff2
:1000a8000800e0032000bd270800238ef8ff601039
:1000b80025100000f6ffa010010007240100062407
:1000c80025280000fdda400f908084272520400075
:1000d80001000324eeff83142510000025300000e2
:1000e800029d053cf834a5240be4400f09000424c4
:1000f80005004014948082afcbfc400f9080842789
:10010800e3ff0010251000000800248e0800828cf0
:100118000400062409f84000000005960700401472
:1001280025904000cbfc400f90808427bffc400ff7
:100138009480848fd6ff0010251000002bf6400f06
:10014800252000000800238ea08083af00000396be
:10015800a48083af02000396988083a7a88092affb
:100168009c80838f010063249c8083af25284000f6
:10017800acf7400f25200000bdf7400f9080842782
:08018800c3ff00100100022476
:020000040000fa
:020000041d03da
:10019000d0ffbd272c00bfaf2800b5af2400b4afff
:1001a0002000b3af1c00b2af1800b1af1400b0af65
:1001b00025a080002588a0002598c00046fd400f9e
:1001c0002590e00025804000290000122510000045
:1001d000100020165c0015922600a0162c00bf8f80
:1001e000280013a65d000292010042300400401472
:1001f0003c00028e8410027c3c0002ae3c00028e69
:1002000001000324448c627c3c0002ae1800001004
:1002100001000224ffff24260200842c1400801019
:10022000251000000400a0523c00028e1100b116ff
:100230002c00bf8f3c00028e448c027c3c0002ae3e
:10024000e7ff40125c0011a2253040022528200261
:10025000eee1400f252080020e004014010004242e
:100260005c0015a23c00038e448c837c3c0003aef2
:100270002c00bf8f2800b58f2400b48f2000b38fcf
:100280001c00b28f1800b18f1400b08f0800e0037b
:100290003000bd2701000224040022565d000292b6
:1002a0000000428e1c0002ae5d000292040042304b
:1002b000ccff4054280013a63c00028e0421027c8f
:0802c000c7ff00103c0002ae74
:020000040000fa
:020000041d03da
:1002c8004b00c0102510e000d0ffbd272c00bfafa9
:1002d8002800b5af2400b4af2000b3af1c00b2af04
:1002e8001800b1af1400b0af2598a0002590c00049
:1002f8002588e0005fdd400f010006242c00401037
:100308002580400025a000000e0002960800038efc
:1003180021186200231873000c0002960600401092
:10032800ffff6330252040002b106200010040547d
:1003380025206000ffff833025a860002b184302aa
:100348000100605425a84002ffffb5321500a01235
:10035800253000002528a002ce9c400f25206002f1
:10036800272002000100823204004010ffff843081
:10037800c69c400f00000000252040000000108ea1
:100388000b0000122188240223905502ffff5232ed
:100398000700401221a8b402ffffb432daff0010b0
:1003a8000800138e0000108ed7ff00560800138e29
:1003b800ffff2332028c110021887100007c227e0d
:1003c8002188220227881100ffff22322c00bf8fcc
:1003d8002800b58f2400b48f2000b38f1c00b28f83
:1003e8001800b18f1400b08f0800e0033000bd275b
:0803f8000800e0030000000012
:020000040000fa
:020000041d03da
:100400004b00801000000000e0ffbd271c00bfafc4
:100410001800b2af1400b1af1000b0af2510a000ab
:100420004800858c2b18a2000b2843002c00928cce
:1004300039004512258080004c00838c0100022485
:10044000360062541c00bf8f2c0085ac1800828cd3
:10045000030040040500022423104500180082ac6c
:1004600080181200211872008018030001a0023cbd
:100470007c8b4224211043001400038e260062145a
:1004800004001126a1f8400f252020020800405446
:100490002c00038e7481838f010002240410420219
:1004a0002710020024104300748182af2c00038eb9
:1004b0007481848f0100022404106200251044001e
:1004c000748182af01a0043c7c8b842480100300e3
:1004d0002110430080100200211082000400428c91
:1004e000080002ae0800438c0c0003ae040071ac9f
:1004f000080051ac2c00058e801005002118450025
:100500008018030021188300140003ae0000628ce1
:1005100001004224000062ac1c00bf8f1800b28fa3
:100520001400b18f1000b08f0800e0032000bd2739
:080530000800e00300000000d8
:020000040000fa
:020000041d03da
:100538000400828cc0ffbd273400b7af1c00b1afe8
:100548001800b0af5800b78f3c00bfaf3800beaf3f
:100558003000b6af2c00b5af2800b4af2400b3af5d
:100568002000b2af2580c000020041042588e000c9
:10057800010002241000958c5000b68f0c00938c5b
:100588000000fe8effffb526234056005400a28fc0
:1005980021187502000060a0010012240200de3359
:1005a800c3a702001000a01e251011022b00405204
:1005b8000000e38e3c00bf8f2510a0023800be8fdc
:1005c8003400b78f3000b68f2c00b58f2800b48f59
:1005d8002400b38f2000b28f1c00b18f1800b08f99
:1005e8000800e0034000bd27070040142110160151
:1005f8000600401c5400a68fecffc01a0000000043
:10060800eaffc013000000005400a68f2520000256
:1006180025282002253880021000a8af478c400ffb
:10062800ffffb526259040002118750230004224ae
:100638005400a68f2520000225282002000062a071
:100648002a8e400f25388002ffffd6261000a88f7b
:1006580025886000d3ff0010258040000421037c1a
:08066800d4ff00100000e3ae16
:020000040000fa
:020000041d03da
:100670004a008010f2ff0224e0ffbd271c00bfaf3c
:100680001800b2af1400b1af1000b0af25808000e9
:100690002588a0000800838c01a0023c0c8b42241a
:1006a000080062102590c000f2ff02241c00bf8fda
:1006b0001800b28f1400b18f1000b08f0800e00353
:1006c0002000bd270200848402000324f7ff831466
:1006d000f3ff0224f5ff2012f4ff0224f4ff40127e
:1006e0001c00bf8f0400228e0800423006004050dc
:1006f00001a0023c0800238e03006330ebff60146e
:10070000f9ff022401a0023c208b438ce7ff60101c
:10071000f4ff02240000648ce5ff80101c00bf8ff2
:100720000400648ce3ff80501800b28f0800638cd3
:10073000e0ff60501800b28f1000228e04004010bd
:1007400025280002049d043c09f84000c4b184241b
:1007500001a0023c0c8b42240000238e020043a423
:100760000400238e100043ac0800238e0a0043a42b
:100770000c00238e010043a0280012ae01000224c9
:10078000180002a61c0000a61a0000a6020002a67d
:100790001e0002a6c5ff0010010002240800e003ad
:0407a0000000000055
:020000040000fa
:020000041d03da
:1007a400d8ffbd272400bfaf2000b3af1c00b2aff9
:1007b4001800b1af1400b0af01a0023c448c508cbf
:1007c4002300001201a0023c408c428c190040100e
:1007d4002c0010262588000001a0123c408c5326d2
:1007e400d4ff048e0f00805001003126cbef400f60
:1007f40000000000a3ec400f25200002a3ec400ff2
:10080400ecff0426a3ec400fd8ff04260800648ef6
:100814000c00828c09f84000d4ff058ed4ff00ae92
:1008240001003126408c428e2b102202ecff401432
:100834004800102601a0103c408c10260800048ead
:100844000c00828c09f840000400058e040000ae00
:1008540001a0103c408c10260800058e01a0043c29
:100864005cfd400f608c8424080000ae1c00048ee4
:100874000600801001a0023cbffc400f00000000f5
:1008840001a0023c5c8c40ac01a0023c888c448cee
:100894000a0080102400bf8f2000828c08004230a0
:1008a4000400401401a0023c2ce4400f00000000ae
:1008b40001a0023c888c40ac2400bf8f2000b38f81
:1008c4001c00b28f1800b18f1400b08f0800e00331
:0408d4002800bd2714
:020000040000fa
:020000041d03da
:1008d800d8ffbd272400bfaf2000b4af1c00b3afc2
:1008e8001800b2af1400b1af1000b0af2588800077
:1008f8002598a0002590c0002800948c1800908ca2
:100908000c00028e100002ae0400828e0c0002aeb3
:10091800c69c400f02000496020002a6c69c400f27
:1009280006000496060002a608000292020040147f
:1009380064000224080002a21000238e0000028e28
:10094800801002003c0045300c0062942110a20087
:10095800090060120c0062a40a0000a660008292de
:10096800040042300400401425300000ce9c400fa3
:10097800252000020a0002a61b0040122400bf8f97
:100988001400228e06004424090043880600439878
:10099800030043a8000043b804008390040043a068
:1009a80005008390050043a02800238e01006054b1
:1009b8003c0063240300658800006598030085a84f
:1009c800060045b804006290040082a00500629009
:1009d800050082a01000238e0c0062940e004224b1
:1009e8000c0062a42400bf8f2000b48f1c00b38fba
:1009f8001800b28f1400b18f1000b08f0800e00308
:040a08002800bd27de
:020000040000fa
:020000041d03da
:100a0c004800a104feff0224d8ffbd272400bfaf7d
:100a1c002000b4af1c00b3af1800b2af1400b1afdc
:100a2c001000b0af258880002598a00025a0c0003c
:100a3c007400828c040040102590e0000500052411
:100a4c0009f84000f4008424e000228e0000508c51
:100a5c000400438c240003560000038e000040acbd
:100a6c00040040ac7400228e2300401406000524c0
:100a7c00150000120300022400e0627e080002aea2
:100a8c0000a4140080019436040014ae429f13009d
:100a9c000400022406006256000000ae0400028e20
:100aac00010003248452627c040002ae000000aefc
:100abc00140000ae0400428e13004054000050acf1
:100acc00000050ae040050ae2400bf8f2000b48f45
:100adc001c00b38f1800b28f1400b18f1000b08fb0
:100aec000800e0032800bd27000043ac7400228ef0
:100afc00e1ff40100600052409f84000f40024260c
:100b0c00dbff0010000000000400438e04000226ee
:100b1c0000e0427c140062ac040050aeeaff00100e
:0c0b2c00251000000800e003000000009d
:020000040000fa
:020000041d03da
:100b38001400838c4700601403000224d8ffbd27eb
:100b48002400bfaf2000b0af31008290030003241f
:100b580011004314258080000c00828c1800a32704
:100b68001000a3af2c00428c253800003600869474
:100b78003200859409f840001000848c1800405019
:100b88001800a48f140002ae0200032401000224fe
:100b98001e000010300003a2ffff43240200632c54
:100ba80017006010010003241c0043101800a3273d
:100bb8000c00828c1400a3af1000a0af3000428c50
:100bc80034008794360086943200859409f84000f2
:100bd8001000848cecff4054140002ae1800a48f5f
:100be8000200032409008310030002245880828f26
:100bf800feff4014feff0224050000102400bf8ff2
:100c08005c80828ffeff4014ffff02242400bf8f08
:100c18002000b08f0800e0032800bd270c00828c5c
:100c28001400a3af010003241000a3af3000428cce
:100c380034008794360086943200859409f8400081
:100c48001000848ce5ff401025180000d0ff00102c
:0c0c5800251000000800e0030000000070
:020000040000fa
:020000041d03da
:100c6400d8ffbd272400bfaf2000b3af1c00b2af34
:100c74001800b1af1400b0af0200022427008210a4
:100c8400ffff10242588a000010002242b008214f9
:100c94002590c0002a00c010253800000000c28c36
:100ca4002700401025280000d2f4400f2520c00062
:100cb4001a004010259840002538000025302002f5
:100cc400252800007897400f010004242580400067
:100cd400ffff022411000212801810008c80828f02
:100ce400211043000000518c440033ae25304002f3
:100cf4007100259277f5400f252020028400228e72
:100d040001000324c4de627c840022ae8400228eaf
:100d14000100032404e7627c840022ae2510000253
:100d24002400bf8f2000b38f1c00b28f1800b18f36
:100d34001400b08f0800e0032800bd272538000008
:100d4400253020027897400f252800002580400098
:100d5400ffff0224f1ff0212801810008c80828fa2
:100d6400211043000000518c440020ae2530400285
:100d74007100259277f5400f25202002e3ff4016ed
:0c0d840025100002e7ff00102400bf8fc4
:020000040000fa
:020000041d03da
:100d9000c00002242700a210c100a3282300601075
:100da000251000009100a3281d0060108000a328da
:100db0001e00601480ffa5241100a22c3c004010ee
:100dc00080280500039d023cdc0d422421104500d3
:100dd0000000428c0800400000000000340e039d1b
:100de000340e039d8c0e039db00e039d540e039d87
:100df000b00e039db00e039db00e039d700e039dbb
:100e0000b00e039db00e039db00e039db00e039d6a
:100e1000b00e039db00e039db00e039d8c0e039d7e
:100e2000a00003240400a3500000e28c0800e003ab
:100e3000000000000000e28c040043240000e3ac4a
:100e40000000428c000082ac000046ac0800e003c9
:100e5000010002240000e28c040043240000e3ac03
:100e60000000428c000082acf8ff0010000046a495
:100e70000000e28c040043240000e3ac0000428c3c
:100e8000000082acf1ff0010000046a00000e28ce0
:100e9000040043240000e3ac0000428c000082ac5c
:100ea000000046acc3370600e8ff0010040046ac63
:0c0eb000251000000800e0030000000016
:020000040000fa
:020000041d03da
:100ebc004700e01001000224c8ffbd273400bfaf7b
:100ecc003000b5af2c00b4af2800b3af2400b2afe4
:100edc002000b1af1c00b0af258080002598a00089
:100eec0025a0c0002190e5002588a00085e1400fd9
:100efc0025200002290040102510000002000224c9
:100f0c001000a2a3021411001100a2a302121100de
:100f1c001200a2a31300b1a3aff2400f25200002d0
:100f2c00253800002530000004000524b391400f43
:100f3c001000a427220040100000000026ec400ff7
:100f4c00000000001e0040102538000023209302f2
:100f5c002530000001000524b391400f21209100a1
:100f6c00170040100000000026ec400f00000000ad
:100f7c0025a84000c3f2400f252000021200a01249
:100f8c00640005246ee4400f252000020e00401082
:100f9c0001003126d5ff3216000000003400bf8f4f
:100fac003000b58f2c00b48f2800b38f2400b28f83
:100fbc002000b18f1c00b08f0800e0033800bd2763
:100fcc00c3f2400f25200002f4ff00102510000092
:080fdc000800e0030000000022
:020000040000fa
:020000041d03da
:100fe400c0ffbd273c00bfaf3800b7af3400b6af79
:100ff4003000b5af2c00b4af2800b3af2400b2afbb
:101004002000b1af1c00b0af259080000700a010f5
:101014002580a0000000a0a00100a0a00200a0a0c4
:101024000300a0a00400a0a00500a0a02900401275
:10103400010002240000438226006010258800007d
:101044003a0017240600162400005482d1fe400ff3
:10105400252080021f004010251000000100558249
:10106400d1fe400f2520a002250040100438b37e95
:10107400047a937e3de1400fffff64322118b103ef
:10108400100062a00200428208004010000000002c
:10109400030057102d0003240e00431425100000f4
:1010a40001003126e8ff361603005226070000121d
:1010b4001000a28f030002aa000002ba1400a29337
:1010c400040002a21500a293050002a20500223a20
:1010d4000100422c3c00bf8f3800b78f3400b68f1c
:1010e4003000b58f2c00b48f2800b38f2400b28f4a
:1010f4002000b18f1c00b08f0800e0034000bd2722
:08110400f4ff001025100000ab
:020000040000fa
:020000041d03da
:10110c00d8ffbd272400bfaf2000b3af1c00b2af87
:10111c001800b1af1400b0af2700801025888000f4
:10112c003e00a0102580a00048009324ffff05245a
:10113c0071f8400f252060022400328e31004012dd
:10114c0007000326c21803000100632425100000c9
:10115c000400458e2b20a300270080142320a3001d
:10116c000300862c0300c0542518a0001e00a354b5
:10117c00040044ae1a0040500000428e0000448e21
:10118c00000044ac2800248e01009250280022aeae
:10119c003000228e21186200300023ae3400228ee3
:1011ac002b10430001004054340023aebdf7400f18
:1011bc002520600208005126251020022400bf8f34
:1011cc002000b38f1c00b28f1800b18f1400b08fa9
:1011dc000800e0032800bd27ddff001025908000eb
:1011ec00e8ff0010240022aec0200400219044022d
:1011fc00e7ff0010040043ae0000448ef6ff80149d
:10120c0025104002faff0224380022aebdf7400f31
:10121c0025206002e8ff001025880000e6ff001082
:04122c002588000011
:020000040000fa
:020000041d03da
:10123000e0ffbd271c00bfaf1800b1af1400b0af76
:10124000258880000e00a290030003241e00431096
:101250002580a0000400432c050060100100032439
:1012600008004310020003242c004310000000007b
:101270006080828ffeff4014070002240d000010e2
:101280000e0002a20500410f1000848c0a004014d9
:101290001c00bf8f040006968019c57c4020c67cc8
:1012a0001000a53465f5400f1000248e03000224c1
:1012b0000e0002a21c00bf8f1800b18f1400b08f67
:1012c0000800e0032000bd270500410f1000848cba
:1012d000f9ff40141c00bf8f25fd400f1000248e25
:1012e000080002ae040005964020a67c8019a57c6b
:1012f0000100c6341000a53465f5400f1000248e9f
:101300000d00039201006330060002240200042451
:101310000a108300e7ff00100e0002a20500410f33
:101320001000848ce4ff40141c00bf8f25fd400f8b
:101330001000248e001c02000800028e25104300bd
:10134000080002ae06000224daff00100e0002a21e
:020000040000fa
:020000041d03da
:10135000d8ffbd272400bfaf2000b4af1c00b3af3f
:101360001800b2af1400b1af1000b0af25a0a000bc
:101370002590c00019e1400f010005242500401010
:10138000ffff1024258840000400538c252880028c
:101390009ee8400f252040002528400019004010fd
:1013a000feff10240a0040520e00a2900e0043904f
:1013b000fcff6324ff0063300300632c04006050d3
:1013c0000e00a2900800428c000042ae0e00a290d7
:1013d000ffff4324ff0063300400632c0900601406
:1013e000010010240700432c1300601005000324a3
:1013f0001b0043140600422c040002240e00a2a08d
:10140000258000000400601225100002bdf7400f87
:1014100025206002251000022400bf8f2000b48f19
:101420001c00b38f1800b28f1400b18f1000b08f62
:101430000800e0032800bd276080828ffeff401473
:10144000ecff10240400268e030007249c00c62411
:101450002dd0400f25206002eaff001000000000a0
:10146000e8ff401425800000f7ff00100400268ede
:020000040000fa
:020000041d03da
:10147000e8ffbd271400bfaf5481828f05004010e4
:1014800001000224688182af1400bf8f0800e003ce
:101490001800bd27688180af8c81828f3000428c1c
:1014a0008c81838f8c81848f0000638c3000848cce
:1014b0002b18830012006010a5a5033c0000448c8b
:1014c000a5a563340e008314a5a5033c0400448c39
:1014d000a5a563340a008314a5a5033c0800448c29
:1014e000a5a5633406008314000000000c00438ca3
:1014f000a5a5023ca5a5423405006210000000002d
:101500008c81858f8c81848fadfe400f3400a524a3
:101510007481838f201863701f00022423104300fe
:1015200001a0043c7c8b84248018020021286200e6
:1015300080280500212885000400a68c0400c68ca4
:101540002118620080180300080063242120830012
:101550000300c4140400a6ac0c00a48c0400a4acca
:1015600001a0033c80200200212082008020040092
:101570007c8b6224211044000400428c0c00428cbd
:101580008c8182af8c81828fc0ff00101400bf8fce
:020000040000fa
:020000041d03da
:10159000d8ffbd272400bfaf2000b4af1c00b3affd
:1015a0001800b2af1400b1af1000b0af2a00e010c5
:1015b000258000002590a000020002242f00c21404
:1015c0002598e000e000918ce400948c0000828e6d
:1015d0000f0040143800a68f1800052409f8600297
:1015e000010004241c004010258000000000838eb0
:1015f000000043ac0400632400e0637c140043acaf
:10160000000082ae0400838e01006050040082aeb0
:101610001100401225804002258000003800a68f6e
:101620001800052409f86002010004240b00405052
:1016300025100002000040ac140040ac0400238ed2
:1016400014006054000062ac000022ae01001026bd
:10165000f2ff5016040022ae251000022400bf8fb6
:101660002000b48f1c00b38f1800b28f1400b18f0c
:101670001000b08f0800e0032800bd2701000224fd
:10168000f5ffc21425800000e800918ccfff001008
:10169000ec00948c0400248e0400432400e0637c5e
:0816a000eaff0010140083ac06
:020000040000fa
:020000041d03da
:1016a800d8ffbd272400bfaf2000b4af1c00b3afe4
:1016b8001800b2af1400b1af1000b0af25808000a1
:1016c8003701410f2588a000040040142590000030
:1016d800e265400f25200002030012248465400fb4
:1016e800252000020000338e0400348ee200410ff2
:1016f80025200002e600410f25200002049d033c3e
:10170800c803632425100000080006240000649420
:101718001b006402f4018000122000002b208402c8
:101728000500801001004224f8ff461402006324db
:101738000700022401004224ff004530ea00410f5f
:10174800252000020800228e0100423012004010bd
:1017580000000000b600410f252000020800228e7c
:10176800020042301000401000000000be00410f8f
:1017780025200002251040022400bf8f2000b48fce
:101788001c00b38f1800b28f1400b18f1000b08ff7
:101798000800e0032800bd27ba00410f25200002f9
:1017a800efff00100800228ec200410f2520000222
:0817b800f1ff001025104002b2
:020000040000fa
:020000041d03da
:1017c0000080013c2430a10040380500423d070064
:1017d000ff0701242c00e11000000000330409245d
:1017e000233827013500e12c0b00201400000000f5
:1017f0002100e004000000002f00c01000000000e5
:10180000404805002548240127002015000000005d
:1018100029000010000000000500c01000000000ba
:101820002b48040023200400232805002328a900b6
:101830001f00e9300100082404402801234008006b
:101840002000e12c0500201400000000000004240a
:101850002428a800020000100000000024208800b6
:101860000500c010000000002b48040023200400e5
:10187000232805002328a9002510040025180500a9
:101880000800e003000000000f00013cffff2134ce
:101890002448a100254824010b0020150000000069
:1018a000f5ff001000000000f0bf053c000004241c
:1018b000f1ff0010000000002528060000000424ad
:1018c000edff001000000000f8ff053c00000424bc
:0818d000e9ff00100000000018
:020000040000fa
:020000041d03da
:1018d800c0ffbd273c00bfaf3800b3af3400b2af84
:1018e8003000b1af2c00b0af2590a0001000a0af21
:1018f8001400a0af1800a0af1c00a0af2000a0af3c
:101908002400a0af40100400211044008010020001
:1019180001a0103c7c8a1026218002022bf6400f81
:101928002520000025984000a2f9400f252000023c
:101938002588400025286002acf7400f25200000cc
:101948000c002012000000002800228e050052140e
:1019580025282002f3fd400f1000a427efff0010f8
:1019680000000000f3fd400f1c00a427ebff00104f
:1019780000000000a2f9400f1000a4270600401044
:101988002520400001000624c2fa400ff5ff052477
:10199800f8ff0010000000001c00a28f0b00401090
:1019a8003c00bf8f2bf6400f252000002588400003
:1019b8001c00a527acf4400f252000022528200292
:1019c800acf7400f252000003c00bf8f3800b38fd4
:1019d8003400b28f3000b18f2c00b08f0800e003c4
:0419e8004000bd27d7
:020000040000fa
:020000041d03da
:1019ec004100a01001000224d8ffbd272400bfaf86
:1019fc002000b2af1c00b1af1800b0af2580800042
:101a0c005c008390320062142588a0004f01410fc6
:101a1c002520a0000000448c1c0004ae3c00038e6a
:101a2c001000023c000142242418620001006254a0
:101a3c00140004ae4c01410f252020020000528cf2
:101a4c001000b2af200012ae3c00028e20004230db
:101a5c00130040141000a527d7f0400f2800248e47
:101a6c000f004014f0005232e00002240c0042122d
:101a7c001000a28f1800038e060062503c00028eec
:101a8c003c00038ec439037c3c0003ae180002ae4c
:101a9c003c00028e010003248431627c3c0002aec7
:101aac002800228e240002ae280002960600405028
:101abc001c00228e3c00028e4005427c0500401426
:101acc002400bf8f1c00228e00004294280002a626
:101adc002400bf8f2000b28f1c00b18f1800b08f74
:101aec000800e0032800bd270800e0030000000008
:020000040000fa
:020000041d03da
:101afc00c03a0500425d04002538eb00c0320400fa
:101b0c000080013c2538e1000080013c2448a10004
:101b1c00404005004245080080fc0825ffff0b25ce
:101b2c00fe00612d12002010000000000200c01009
:101b3c00000000000100e7348000e7248000eb2c5b
:101b4c0021400b01025a070001006b312338eb00d6
:101b5c0040380700423a0700c05d08002538eb000a
:101b6c002510e9000800e003000000000000000060
:101b7c007f040124080001150000000040580700f4
:101b8c00255866010400601100000000c0ff023cf3
:101b9c00f4ff001000000000ff00012905002014d4
:101bac0000000000807f013c25102101edff00109a
:101bbc000000000001000a24235048012000412da0
:101bcc00040020140000000025100900e5ff00109f
:101bdc000000000020000c2423608a0104588701b7
:101bec002530cb0006384701000008240080013c5a
:101bfc002538e100cdff00100000000000000000bf
:020000040000fa
:020000041d03da
:101c0c004000a01025100000e0ffbd271c00bfaf56
:101c1c001800b2af1400b1af1000b0af2580a00017
:101c2c000000a38c310060102588c00030008010ab
:101c3c001c00bf8f42008394400063302d00605025
:101c4c001800b28f01a0023c7a65400f448c528c74
:101c5c00c018020021186200c01803002190430232
:101c6c0025280002becf400f0000448e2580400086
:101c7c001e0000122510000000000396c000633007
:101c8c001b0060101c00bf8f09002052000003963f
:101c9c001000028e030022aa000022ba1400029245
:101cac00040022a215000292050022a20000039655
:101cbc00800063300d0060100100022418005226d1
:101ccc0004001126252820024ce9400f2520400253
:101cdc0001a0023c548c428c0c0002ae2528200240
:101cec007eea400f25204002010002241c00bf8f19
:101cfc001800b28f1400b18f1000b08f0800e003f1
:0c1d0c002000bd270800e00300000000dc
:020000040000fa
:020000041d03da
:101d1800d8ffbd272400bfaf2000b4af1c00b3af6d
:101d28001800b2af1400b1af1000b0af3500a0106a
:101d3800259880001000a28c04004010780011241f
:101d48001400432c140011240a8843001400b48c96
:101d58000100805242a011001800b08c0800001643
:101d68009224023c244942242b10220227004014ca
:101d7800c2101100258020020410107c238002026a
:101d8800dafe400fcccc123ccdcc523619005200b2
:101d980010200000022104008018040021186400ab
:101da8008018030023104300f6ff942621105400e6
:101db800dafe400f100062ae1900520010900000c9
:101dc8000291120080181200211872008018030076
:101dd80023104300f6ff102621105000140062aeb5
:101de800180071ae2400bf8f2000b48f1c00b38f81
:101df8001800b28f1400b18f1000b08f0800e003f4
:101e08002800bd27780011243c001424c08011004c
:0c1e180023801102daff0010c2801000cd
:020000040000fa
:020000041d03da
:101e2400d8ffbd272400bfaf2000b4af1c00b3af60
:101e34001800b2af1400b1af1000b0af259080000d
:101e44002588a00025a0c000eaea400f2598e000fc
:101e540029004010ffff102401a0023c188d438c80
:101e6400020002242200621400000000200020125c
:101e74002b1032021e00401401a0033c25800000f8
:101e84002089632405000224000064902300805408
:101e94000100102601000224000062a0010060a0dd
:101ea400180060a0190060a03800a28f040062ac82
:101eb400080071ac100074ac140073ac23883202b7
:101ec4000c0071ac1c808297ffff103200240200ca
:101ed40025800402200070ac01004224ffff423040
:101ee400ffff033401004350010002241c8082a739
:101ef40061f6400f00000000251000022400bf8f8f
:101f04002000b48f1c00b38f1800b28f1400b18f5f
:101f14001000b08f0800e0032800bd27daff021686
:0c1f240024006324f2ff0010ffff1024d3
:020000040000fa
:020000041d03da
:101f3000e0ffbd271c00bfaf1800b1af1400b0af69
:101f40002580800003f1400f9400848c2528000038
:101f5000d1e0400f2520000225fe400f9400048ea2
:101f60002c80828f0c0002560c00048e03f1400f6f
:101f70009400048e25fe400f9400048ea80000ae4d
:101f8000980000ae9c0000aea00000aea40000ae21
:101f90002c8080af0c00048effff0224060082100c
:101fa0003c00118e1800228e09f84000000000004d
:101fb000ffff02240c0002ae0800048effff022483
:101fc00007008210253800020800228e09f8400020
:101fd00000000000ffff0224080002ae25380002c6
:101fe000029d063c9091c6240200052419e0400f92
:101ff0002520000225300000feff0524e0d1400f1f
:102000002520000225380002049d063cd89ec624e7
:102010000100052419e0400f25200002100000ae49
:10202000140000a61c00bf8f1800b18f1400b08fe1
:082030000800e0032000bd27b9
:020000040000fa
:020000041d03da
:10203800e0ffbd271c00bfaf1800b2af1400b1af5e
:102048001000b0af0800928c01a0023c0c8b422417
:10205800020042122580800025900000ddf1400f2b
:10206800252000021d0040101c00bf8f340002967e
:10207800220002a6000242301d00401400000000a9
:10208800dff7400f0000000073f6400f258840007e
:102098002000438e0400638c02882372e7033126f4
:1020a8006210033cd34d63241900230210880000fa
:1020b80082891100218822022c0011ae010005241a
:1020c800f0e7400f2520000203004010050002241d
:1020d8001a0002a61c0000a61c00bf8f1800b28fb1
:1020e8001400b18f1000b08f0800e0032000bd2756
:1020f80073f6400f000000002c00038e2b104300e5
:102108000500401025280000f0e7400f25200002b8
:10211800f2ff00101c00bf8f1c0000a61a0000a6ca
:10212800180000a602000224020002a6f6ff0224fc
:08213800e9ff00101e0002a6e1
:020000040000fa
:020000041d03da
:102140003f008014ffff0224e0ffbd271c00bfaf4b
:102150001800b2af1400b1af1000b0af01a0023c44
:10216000dc89438c020002240e0062142580a0004a
:1021700001a0023cd8894294010042300a0040107c
:10218000a800062401a0023cd48942241c00bf8f71
:102190001800b28f1400b18f1000b08f0800e00358
:1021a0002000bd27a80006242528000001a0043c2b
:1021b00061fe400fd4898424f4ff0012ffff022443
:1021c00001000724010006242528000001a0043c8a
:1021d000fdda400fd4898424252040000100032427
:1021e000eaff8314ffff022401a0023cd4894224a9
:1021f000040043a402000324080043ac0c0040a4e4
:102200000400038e100043ac01a0103c088a102685
:102210000100122401a0113c588a31260f0012a29d
:10222000252800020bfc400f252020021400102658
:10223000faff111601a0023cd4ff0010d4894224f9
:082240000800e00300000000ab
:020000040000fa
:020000041d03da
:102248000c00838c0019637c80180300ecff632466
:10225800ff0063303a00601018020224140084243e
:102268002138830001000624020005243400601090
:10227800180202242b108700310040101802022493
:10228800000082902800401001008824ffff63248a
:1022980023004610ff006330170045540200622ceb
:1022a8000300632c260060141802022401008590a4
:1022b800040003242200a3142518000002008290c1
:1022c800047a437c030082900438437c2510600024
:1022d800ffff6330b505632c01006050b40502248c
:1022e800ffff43301802632c0100605418020224d7
:1022f8000800e003ffff42300d004014000000001a
:10230800010082902b4062000b0000150200482457
:102318002120880023186200d4ff0010ff006330da
:10232800d2ff0010252000010800e0031802022453
:102338000800e003180202240800e003180202243f
:082348000800e00300000000a2
:020000040000fa
:020000041d03da
:10235000e0ffbd271c00bfaf1800b1af1400b0af45
:1023600046fd400f2588a000258040003500001262
:1023700025100000330020125400062425280000f8
:1023800061fe400f252020025c0003920100022420
:102390000c006254280002961400028e040022ae43
:1023a0001800028e140022ae1c00028e240022ae01
:1023b0002000028e340022ae01000224000022ae72
:1023c00028000296440022a62a000296460022a671
:1023d0002400028e480022ae4800028e4c0022a645
:1023e0000400028e0000038e231043004e0022a63c
:1023f0003c00048e5d000392010062304010020038
:10240000040085388000a57c251045000800853033
:102410000100a05004004234020065300100a054c5
:102420000800423410008430010080501000423413
:10243000040063300100605420004234500022ae9a
:10244000010002241c00bf8f1800b18f1400b08f50
:082450000800e0032000bd2795
:020000040000fa
:020000041d03da
:10245800d8ffbd272400bfaf2000b3af1c00b2af28
:102468001800b1af1400b0af1880848fffff0224aa
:102478000600821001a0023c98e7400f000000000f
:10248800ffff0224188082af01a0023ce48d429431
:102498000e0040102c81918f2580000001a0123c75
:1024a800e48d532603000724020006242528200271
:1024b800b0d2400f2520600201001026e48d42961c
:1024c8002a100202f7ff4014700031268f01410fd5
:1024d8000000000001a0023cec8d448c0800801034
:1024e80001a0033c0c00828c09f840002c81858fe8
:1024f80001a0023c1bff400fec8d448c01a0033c63
:10250800e48d6224080040ac0c0040ac2c8180af04
:10251800e48d60a4040040a4048180af088180afea
:1025280001a0023c388e40ac388e4224040040acf6
:10253800080040ac0c0040ac100040ac2400bf8f39
:102548002000b38f1c00b28f1800b18f1400b08f19
:082558000800e0032800bd2784
:020000040000fa
:020000041d03da
:102560003f00801025100000e0ffbd271c00bfaf1a
:102570001800b1af1400b0af258080004c00838cf0
:10258000ffff63244c0083ac2c00858c4800848cb6
:102590002f00a4101c00bf8f2c0060140400112613
:1025a000a1f8400f25202002090040544800038e66
:1025b0007481838f2c00048e010002240410820099
:1025c0002710020024104300748182af4800038e5c
:1025d0002c0003ae0500022423104300180002aeb5
:1025e0007481848f010002240410620025104400cd
:1025f000748182af01a0043c7c8b84248010030092
:102600002110430080100200211082000400428c3f
:10261000080002ae0800438c0c0003ae040071ac4d
:10262000080051ac2c00058e8010050021184500d3
:102630008018030021188300140003ae0000628c90
:1026400001004224000062ac010002241c00bf8f84
:102650001800b18f1400b08f0800e0032000bd27e0
:082660000800e0030000000087
:020000040000fa
:020000041d03da
:10266800d0ffbd272c00bfaf2800b5af2400b4af02
:102678002000b3af1c00b2af1800b1af1400b0af68
:102688002590a000251880003800842c02008010b6
:102698002588c0003800032403006324fcff703041
:1026a80011005526fcffb5321200b426ffff943204
:1026b8003081848f18000526212885020400828c29
:1026c80009f84000feffa5301c0040102598400086
:1026d800180006262528000061fe400f252040002e
:1026e800211870020e0075a4120074a42700662435
:1026f8000408067c040066acf4ffd3acadde023cf3
:10270800defa4234f8ffc2ac01000224100062a4d1
:10271800100063ae0400668c0200c224080062ac9c
:10272800140062ae0400117c03004012200071ae58
:102738001000c624180066ae2f0060a225106002a3
:102748002c00bf8f2800b58f2400b48f2000b38fd2
:102758001c00b28f1800b18f1400b08f0800e0037e
:042768003000bd2759
:020000040000fa
:020000041d03da
:10276c00e0ffbd271c00bfaf1800b1af1400b0af25
:10277c00258880000e00a290030003241f00431044
:10278c002580a0000400432c0500601001000324e8
:10279c0008004310020003242b004310000000002b
:1027ac006080828ffeff4014070002240e00001090
:1027bc000e0002a20500410f1000848c0b00401487
:1027cc001c00bf8f040006968019c57c0800079674
:1027dc004020c67c1000a53469f0400f1000248ef8
:1027ec00030002240e0002a21c00bf8f1800b18f40
:1027fc001400b08f0800e0032000bd270500410f36
:10280c001000848cf9ff40141c00bf8f0400059647
:10281c004020a67c8019a57c0a0007960100c634ce
:10282c001000a53469f0400f1000248e0d000392a7
:10283c000100633006000224020004240a10830005
:10284c00e9ff00100e0002a20500410f1000848c5d
:10285c00e5ff401406000224e3ff00100e0002a264
:020000040000fa
:020000041d03da
:10286c00010003243b00a31425100000e0ffbd274a
:10287c001c00bfaf1800b1af1400b0af25808000b2
:10288c002588c00056008394540082942b18620053
:10289c0028006010251000003c00828cc002477c90
:1028ac00c03d0700000242300300401048000424e1
:1028bc000400e734600004240200e734100006969c
:1028cc00b4ea400f080005241a004010039d033c95
:1028dc00689a6324080043ac0c0050ac3c00038e97
:1028ec000002633018006010480044241000438c30
:1028fc00000064ac01000324580043a42518000018
:10290c000a00205256000396000003ae10000496f5
:10291c0021206400040004ae080003ae010003246f
:10292c005c0003a20c0002ae560003960100632467
:10293c00560003a61c00bf8f1800b18f1400b08f77
:10294c000800e0032000bd271c00438cecff0010a6
:0c295c00080063240800e00300000000f5
:020000040000fa
:020000041d03da
:10296800d8ffbd272400bfaf2000b4af1c00b3af11
:102978001800b2af1400b1af1000b0af25888000c6
:102988002590a0002598c0007a65400fe880948fb4
:102998004080020021800202808010002180020213
:1029a800c080100021809002600002920100423035
:1029b800230040102400bf8f0a006052600002927a
:1029c8005e0002960900422c0500401425380000dc
:1029d80007000624252820024294400f25200002e3
:1029e800600002924408027cc418027c010003249f
:1029f8004429627c600002a2200000ae56000296c4
:102a0800540002a65000048e03008010000000004d
:102a1800e5d6400f25280000080040525e0000a6b9
:102a2800600002920421027c0400027c600002a281
:102a3800420022960400027c420022a62400bf8f96
:102a48002000b48f1c00b38f1800b28f1400b18f10
:0c2a58001000b08f0800e0032800bd272c
:020000040000fa
:020000041d03da
:102a6400e0ffbd271c00bfaf1800b2af1400b1af28
:102a74001000b0af258080002588c0003800928cfb
:102a84004000868c1100c014000000000000828cfd
:102a9400050040142588000058c9400f0800848ca4
:102aa40025884000080000ae01005226380012ae0e
:102ab400251020021c00bf8f1800b28f1400b18fa4
:102ac4001000b08f0800e0032000bd270e00201680
:102ad40000000000a9fd400f0400848c0400028e55
:102ae4004000038e21104300040002ae0800038e50
:102af4002b104300edff4054010052260000028ecb
:102b0400e9ff0010040002aea9fd400f0c00848c04
:102b14004000038e232003000c00028e2310430088
:102b24000c0002ae0000038e2b1043000500401081
:102b3400020002240800028e211044000c0002aea0
:102b440002000224d8ff221625880000d7ff405235
:0c2b540001005226d4ff0010ffff5226a3
:020000040000fa
:020000041d03da
:102b6000c0ffbd273000b4af5000b48f3400b5af04
:102b7000010094322c00b3af2800b2af2400b1aff3
:102b80002000b0af3c00bfaf3800b6af259080004a
:102b90002598a0002580c0002588e000030080164d
:102ba0002ba8c7001300a05623a83002253000022e
:102bb0002528600271ee400f252040020d00a0166e
:102bc00023a83002258800023c00bf8f2510200278
:102bd0003800b68f3400b58f3000b48f2c00b38f1f
:102be0002800b28f2400b18f2000b08f0800e003ce
:102bf0004000bd271100a22e100006240b30a202b7
:102c0000200005241000a42761fe400f25b0a0027b
:102c10001000c22e0b0040100f00a6321000a52796
:102c200071ee400f25204002e7ff8016253000029c
:102c30002528600271ee400f25204002e3ff0010be
:102c40003c00bf8f100006241000a52771ee400f36
:0c2c500025204002eeff0010f0ffd62609
:020000040000fa
:020000041d03da
:102c5c00e0ffbd271c00bfaf1800b1af1400b0af30
:102c6c00258080004400918c0466400f25202002b2
:102c7c00ea65400f25202002fa65400f252020022e
:102c8c002201410f25202002fdff4014000000000e
:102c9c00e265400f25202002fe65400f2520200212
:102cac0025004014c0000226c00000aec40000aed7
:102cbc00e00002aec80000aecc0000aec800022698
:102ccc00e40002aed00000aed40000aed00002266c
:102cdc00e80002aed80000aedc0000aed800022640
:102cec00ec0002aeef6305243401410f25202002d5
:102cfc00252800005265400f2520200225280000c1
:102d0c005a65400f252020024465400f25202002e3
:102d1c008465400f2520200200060524f665400f2f
:102d2c00252020021c00bf8f1800b18f1400b08f1b
:102d3c000800e0032000bd278464400f25202002fa
:082d4c00d5ff0010000000009b
:020000040000fa
:020000041d03da
:102d54003b008014ffff0224e0ffbd271c00bfaf2f
:102d64001800b1af1400b0af5480918f0600201644
:102d74002580a000700006242528000001a0043c42
:102d840061fe400f0c8b842401a0023c0c8b439009
:102d940001000224080062541800038e01a0023cc2
:102da4000c8b42241c00bf8f1800b18f1400b08f0d
:102db4000800e0032000bd2701a0023c288b43ac9f
:102dc400f8ff6010ffff022401a0033c0c8b622477
:102dd40022000496060044a4010004240c8b64a081
:102de40002000324040043a4080040a40400038e4a
:102df4000c0043ac1000038e140043ac049d043c4f
:102e0400c4b18424180044ac2400048e200044acd3
:102e1400240040a014006494010080500041042464
:102e240001a0023c0c8b42245c0044a41600639471
:102e34005e0043a401003126daff0010548091aff4
:082e44000800e003000000009b
:020000040000fa
:020000041d03da
:102e4c00e0ffbd271c00bfaf1800b2af1400b1af3c
:102e5c001000b0af2580a000c21805001000633030
:102e6c000200a5300700a010010062340400c53038
:102e7c000100a054090062340800c6300100c0549f
:102e8c00040042344400918c89bf033c009262ac34
:102e9c000291100004000332040042320100642c41
:102eac0025104400b240423489bf043c109282acdd
:102ebc0015000224120005240a2843009264400fd6
:102ecc00252020020c000524e2ff400f25202002c3
:102edc00120005249a64400f252020023700052497
:102eec001266400f252020020f0005248a00410f96
:102efc002520200200401032090000121c00bf8f58
:102f0c008e00410f252020029200410f2520200227
:102f1c00010045329600410f252020021c00bf8f76
:102f2c001800b28f1400b18f1000b08f0800e003ae
:042f3c002000bd278d
:020000040000fa
:020000041d03da
:102f4000e8ffbd271400bfaf1000b0afddf1400fa8
:102f500025808000130040101400bf8f34000296bb
:102f60002000433012006014040043302800028e19
:102f70000400401000100324000043ac040040ace7
:102f8000080040ac1c0000a61a0000a6180000a60d
:102f900002000224020002a6f5ff02241e0002a67f
:102fa0001400bf8f1000b08f0800e0031800bd2789
:102fb0000f006014000142302800028e05004050ce
:102fc0001c0000a6000040ac040040ac080040ac6f
:102fd0001c0000a61a0000a6180000a60200022489
:102fe000020002a6f5ff0224edff00101e0002a65b
:102ff000080040100f000524f0e7400f25200002d4
:10300000e7ff4010020002241a0002a6e4ff0010ad
:103010001c0000a606000524f0e7400f2520000252
:10302000dfff4010050002241a0002a6dcff00109a
:043030001c0000a6da
:020000040000fa
:020000041d03da
:10303400e0ffbd271c00bfaf1800b1af1400b0af54
:1030440046fd400f2588a000258040002c0000127a
:10305400251000003c00028e003042300400405431
:103064003c00028e07f2400f252000023c00028e35
:10307400448c027c3c0002ae000b437c5c0003a247
:10308400251840000040423001004050240000aeaa
:1030940000806230070040543c00038e180000aeec
:1030a4003c00028e8431027cc439027c3c0002aeb6
:1030b4003c00038e8000023c040042242418620079
:1030c40001006250280000a6120020522c00058e38
:1030d40046f7400f25200002a2f9400f40000426c5
:1030e4002528400063e0400f252000023c00028eaa
:1030f40001000324448c627c3c0002ae01000224e3
:103104001c00bf8f1800b18f1400b08f0800e003bb
:103114002000bd277bc6400f25200002f4ff0010cd
:043124003c00028edb
:020000040000fa
:020000041d03da
:10312800d8ffbd272400bfaf2000b2af1c00b1af4d
:103138001800b0af258080002588a0007a65400f70
:10314800e880928f4018020021186200801803005e
:1031580021106200c01002002190420260004292d9
:103168000100433016006010001023321a0060106e
:1031780025300000252800005aca400f25200002eb
:10318800010002241000a2af2538000025300000fd
:1031980025280000a4db400f252000020200062499
:1031a800010005248ee5400f252000022538000087
:1031b800253000000c000524bfa1400f2520000287
:1031c8002400bf8f2000b28f1c00b18f1800b08f71
:1031d8000800e0032800bd2700083132f8ff20125c
:1031e8001000423001000324020005240a2862006e
:1031f8007cd2400f25200002253800002530000031
:103208000d000524bfa1400f25200002edff00108e
:043218002400bf8f40
:020000040000fa
:020000041d03da
:10321c00e0ffbd271c00bfaf1800b1af1400b0af6a
:10322c00070082300600401025808000f7ff432401
:10323c002b1864002c0060140800902423800202d8
:10324c00a265400f000000004881828f04004014ea
:10325c0000a0023c2b0342240410027c488182af64
:10326c00070000564c81828fafa5400f0000000074
:10327c00b6fe400f25880000160000102510200215
:10328c00271810002b1862000500601021805000d8
:10329c00afa5400f00000000f5ff0010000000007b
:1032ac00586d032e050060544881918fafa5400fd7
:1032bc0000000000eeff0010000000002188220238
:1032cc00afa5400f4c8190afe9ff20120000000029
:1032dc00251020021c00bf8f1800b18f1400b08f76
:1032ec000800e0032000bd27a265400f000000008d
:1032fc004881828fdcff401425800000d5ff001030
:04330c0000a0023cdf
:020000040000fa
:020000041d03da
:103310000000a28c0400a38cc0ffbd273800b3af0f
:103320003400b2af3000b1af2c00b0af0800b38ca6
:103330000c00b28c3c00bfaf258880002580a00027
:10334000030060042000a2af4408027c2000a2af6a
:103350002000a2271800a2af080002241400a2af88
:103360001000b3af0400c78c0000c68c4ec1400fe4
:10337000252000022000a38f10006330040060109d
:1033800030000424ffff422421184202000064a000
:103390002000a38f08006330040060102000042484
:1033a000ffff422421184202000064a01000068e94
:1033b0002000a38fffffc6241000a3af25386002b2
:1033c0002330c20021284202d8ca400f2520200203
:1033d0000400238e00016330040060103c00bf8fa6
:1033e0000400038e2a2043000b1064003800b38fc2
:1033f0003400b28f3000b18f2c00b08f0800e00392
:043400004000bd27a4
:020000040000fa
:020000041d03da
:103404000000a28c38004010253800002518000068
:103414002540000001000b2400e08a7c0400498c54
:103424002d0023052540400004008010000000000a
:103434000800498c28002a55254040000400438c8c
:10344400c001637c1a006014010003240400438c4f
:10345400c001637cfdff6014000000000000438c89
:10346400000040ac140040ac0400c98c1500205589
:10347400000022ad0000c2ac0400c2ac0400428cc7
:103484008007427cf1ff405025106000020000518b
:103494000000a3ac000003ad110080140100e72478
:1034a4002510600025186001dcff401400000000b6
:1034b4000200e01425100000010062240800e0036b
:1034c400000000000400cc8c0400492400e0297da5
:1034d400e9ff0010140089adf3ff00100000428cd6
:1034e400f3ff001001000324f3ff0010251800006f
:020000040000fa
:020000041d03da
:1034f400d8ffbd272400bfaf2000b2af1c00b1af7e
:103504001800b0af258880000800928c0a005096fd
:103514001000a0af69ed400f1000a5274000033252
:103524000a0060101000a2970a0042a625804000fd
:103534001000428e800143300e00601001004330c1
:103544000400027c0d000010444a027c1100033286
:10355400f7ff4310020002241c0020a61a0020a634
:10356400180020a6020022a6f9ff0224f0ff001092
:103574001e0022a601006050444a027c0800033267
:103584000c0060100400033200204234100042aeec
:10359400010002241a0022a61c0020a62400bf8fca
:1035a4002000b28f1c00b18f1800b08f0800e00318
:1035b4002800bd270300601002000332f3ff00104f
:1035c400001042340300601001001032efff0010bd
:1035d4000080423480831000ecff001025100202aa
:020000040000fa
:020000041d03da
:1035e400d0ffbd272c00bfaf2800b5af2400b4af77
:1035f4002000b3af1c00b2af1800b1af1400b0afdd
:103604002580800025a0a0001400828c09f84000c9
:103614001000958c259040000c00028e1200401082
:1036240025880000259800000800118e0000028ef5
:103634000218517221886200000022960100423073
:1036440013004014253080022000028e2528200219
:1036540009f8400025200002020033a62400028e4f
:1036640001004224240002ae251020022c00bf8f4a
:103674002800b58f2400b48f2000b38f1c00b28fb4
:103684001800b18f1400b08f0800e0033000bd278c
:103694001c00028e2528200209f840002520000283
:1036a400f1ff4010219055020c00028e2b184202ab
:1036b4000100605023904202010073262b10620225
:1036c400d9ff401425880000e8ff001025102002cf
:020000040000fa
:020000041d03da
:1036d4003900801025100000e0ffbd271c00bfaf9b
:1036e4001800b1af1400b0af258080003c00838c7b
:1036f400260060102588a0004000828c190062001a
:10370400101800002100601425100000a9f6400fd5
:10371400000000000000038e4000048e3c00028e76
:103724000210827021286200080005ae380000ae45
:10373400040003ae23104400211862000c0003ae01
:10374400ffff0224440002a2450002a21400201636
:10375400000000001000028e09004010000000006c
:10376400a3ba400f1000042605004010000000001a
:10377400006802400001423400688240c00000003a
:1037840041ee400f00000000010002241c00bf8f26
:103794001800b18f1400b08f0800e0032000bd278b
:1037a4007bff400f100004267bff400f24000426fb
:1037b400f3ff0010000000000800e0030000000018
:020000040000fa
:020000041d03da
:1037c400e0ffbd271400b1af2588c0000004c6285f
:1037d4001c00bfaf1800b2af1f00c0141000b0af80
:1037e400049d123c88b0468e8cb0478e6993400f7e
:1037f40001fc30260004042a0900801488b0468e97
:103804008cb0478e25204000252860006993400f26
:1038140002f830260004052aff0304240a808500e8
:10382400ff031026002d1000254000002538a000bd
:1038340025300001252040006993400f25286000b1
:103844001c00bf8f1800b28f1400b18f1000b08f0e
:103854000800e0032000bd2702fc262a2510800072
:103864002518a000eeffc01025802002049d123c04
:1038740090b0468e94b0478e6993400fc9033026aa
:1038840002fc052ae6ffa01090b0468e94b0478e45
:1038940025286000920730266993400f25204000b8
:1038a40002fc062a02fc0524ddff00100b80a600a2
:020000040000fa
:020000041d03da
:1038b400e0ffbd271c00bfaf1800b2af1400b1afca
:1038c4001000b0af259080003bfd400f2580a00084
:1038d400258840002b00201225100000290000122a
:1038e400010002243c0006242528000061fe400f4c
:1038f4002520000271002392010002240800625472
:103904005c0022963c00228e040002ae4000228e0f
:10391400140002ae01000224000002ae5c002296f4
:10392400240002a65e002296260002a64400228eef
:10393400280002ae700022922c0002ae1800228ee3
:103944001400238e23104300300002a60400228eac
:103954000000238e23104300320002a648f9400fd2
:1039640025202002340002a6eee4400f2520400268
:10397400360002a689f5400f25202002380002ae49
:10398400010002241c00bf8f1800b28f1400b18ff5
:0c3994001000b08f0800e0032000bd27e9
:020000040000fa
:020000041d03da
:1039a000d8ffbd272400bfaf2000b3af1c00b2afcb
:1039b0001800b1af1400b0af1000918c2b00201292
:1039c0002580a0001400b3900100733225902002de
:1039d0000000318e1b006012000040ae7400028ea9
:1039e000030040100500052409f84000f0000426fb
:1039f0000800458eb8b4400f252000027400028ee6
:103a0000030040100600052409f84000f0000426d9
:103a1000010006240400458e0bf5400f252000020e
:103a20002520400010004296040042300b00405018
:103a30006400028e2000828cc418027c09000010f1
:103a4000200082ac010006240400458e0bf5400fd7
:103a500025200002252040006400028e09f8400065
:103a600000000000daff2016259020022400bf8ffe
:103a70002000b38f1c00b28f1800b18f1400b08fdc
:083a80000800e0032800bd2747
:020000040000fa
:020000041d03da
:103a88000700a22c3600401080280500e8ffbd275b
:103a98001400bfaf1000b0af039d023cb83a4224f7
:103aa800211045000000428c08004000258080005d
:103ab800543b039dd43a039df03a039d043b039d78
:103ac800183b039d2c3b039d403b039d01000724ad
:103ad80001000624fdda400f2528000001004238c5
:103ae8001b0000100100422ccbfc400f000000001e
:103af80001004238160000100100422c71f8400ff6
:103b0800ffff052401004238110000100100422c7b
:103b1800bdf7400f00000000010042380c00001003
:103b28000100422c2bf6400f25200000000002aeb9
:103b380007000010010002240000858cacf7400f3c
:103b480025200000020000100100022425100000ba
:103b58001400bf8f1000b08f0800e0031800bd27c5
:083b68000800e0032510000035
:020000040000fa
:020000041d03da
:103b70002d0080102510000001a0023c4c8d428ccd
:103b80000c00878c2a004010000000000c00438cc1
:103b90002b18e3002b00601401a0033c2548000013
:103ba00025280000254000000c00438c2118a300ac
:103bb0002b2865002150a8002528600025584000ca
:103bc0001c00428c0c004010254040010c00468c2b
:103bd0002118c3002b3066002130ca002b5026016b
:103be000060040551c0082acefffc9142b18e300ff
:103bf000edff6010000000001c0082ac1c0064adf2
:103c0000251000002338e5000c0087ac1c00838cd5
:103c100005006010000000000c00858c0c00648c16
:103c2000232085000c0064ac0800e00300000000c5
:103c30000c0087ac01a0023c4c8d44ac0800e003b2
:103c4000010002244c8d64ac1c0082ac25280000cd
:083c5000ecff0010010002244a
:020000040000fa
:020000041d03da
:103c5800e8ffbd271400bfaf1000b0af1c0082946e
:103c68000b0040102580800001000324130043103e
:103c7800020002241c0080a41a0080a4180080a45a
:103c8800020082a4f4ff0224080000101e0082a48f
:103c9800f0e7400f2528000004004010020002242d
:103ca8001a0002a6010002241c0002a61400bf8ffd
:103cb8001000b08f0800e0031800bd27ddf1400fa9
:103cc80000000000faff40101400bf8f3400028685
:103cd800110043041c0000a673f6400f000000000a
:103ce8002c00038e2b104300040040100200022415
:103cf8001a0002a6edff00101c0000a61c0000a67a
:103d08001a0000a6180000a6020002a6fcff022462
:103d1800e6ff00101e0002a61a0000a6180000a662
:103d280002000224020002a6e0ff00101e0000a606
:020000040000fa
:020000041d03da
:103d3800d8ffbd272400bfaf2000b3af1c00b2af2f
:103d48001800b1af1400b0af2598a0002588c000b6
:103d58003bfd400f2580e0001c00405025880000f6
:103d68001a0020122590400048f9400f25204000f5
:103d7800211811022a184300020060102310500075
:103d8800ffff51302000428e212850001800508e2d
:103d98002b10050206004050238005021400428eb5
:103da80023100202271002002128a2002380050206
:103db80001001026ffff10322b1011020b004014d7
:103dc80025302002a9fd400f252060022510200281
:103dd8002400bf8f2000b38f1c00b28f1800b18f52
:103de8001400b08f0800e0032800bd27253000022a
:103df800a9fd400f25206002233030021400458eb3
:103e0800a9fd400f21207002f1ff001025102002ab
:020000040000fa
:020000041d03da
:103e1800d0ffbd272c00bfaf2800b3af2400b2af3e
:103e28002000b1af1c00b0af258080002590a00015
:103e3800049d023cac06438c1000a3afac064224a0
:103e4800040042941400a2a71400938c07fe400fac
:103e58002800848c1e00401025180000258840008a
:103e6800060006242528600216fb400f2520400086
:103e780006004010060006241000a52716fb400f78
:103e88002520200212004014251800001800108e6a
:103e980009000492110002240d0082142518000064
:103ea80021801202c69c400f02000496258840001b
:103eb800c69c400f00000496da8084970400911491
:103ec80025180000d8808397261862000100632c0b
:103ed800251060002c00bf8f2800b38f2400b28ffc
:103ee8002000b18f1c00b08f0800e0033000bd2710
:020000040000fa
:020000041d03da
:103ef800d0ffbd272c00bfaf2800b5af2400b4af5a
:103f08002000b3af1c00b2af1800b1af1400b0afbf
:103f18002580800025a0a0001400828c09f84000ac
:103f28001000958c259040000c00028e1300401064
:103f380025880000259800000800118e0000028ed8
:103f48000218517221886200000022960100423056
:103f580014004010253080021c00028e2528200203
:103f680009f84000252000020f0040142190550256
:103f7800000022964408027c000022a62510200298
:103f88002c00bf8f2800b58f2400b48f2000b38f7a
:103f98001c00b28f1800b18f1400b08f0800e00326
:103fa8003000bd27219055020c00028e2b184202ca
:103fb8000100605023904202010073262b10620218
:103fc800ddff401425880000edff001025102002b9
:020000040000fa
:020000041d03da
:103fd800e0ffbd271c00bfaf1800b2af1400b1af9f
:103fe8001000b0af0800928c01a0023c0c8b422458
:103ff800020042122580800025900000ddf1400f6c
:10400800252000020d0040101c00bf8f34000296ce
:10401800220002a62800028e0d004014010005248b
:10402800f0e7400f2520000203004010030002249f
:104038001a0002a61c0000a61c00bf8f1800b28f31
:104048001400b18f1000b08f0800e0032000bd27d6
:10405800dff7400f0000000073f6400f258840008e
:104068002000438e0800638c02882372e703312600
:104078006210033cd34d632419002302108800000a
:1040880082891100218822022c0011ae2528000007
:10409800f0e7400f25200002e7ff4010040002244b
:0c40a8001a0002a6e4ff00101c0000a695
:020000040000fa
:020000041d03da
:1040b400d8ffbd272400bfaf2000b3af1c00b2afb0
:1040c4001800b1af1400b0af258880002580a0008f
:1040d4002520c0000f00a390ff00e230040062100e
:1040e4002590e0006080828ffeff401400000000f5
:1040f40048ea400f2528000219000216140006247d
:104104000c0013922528000061fe400f25200002b8
:10411400252800020bfc400f840024260100022401
:104124000f0002a203000224120062120000000029
:1041340002000224040042162400bf8f7d01410fb7
:104144001000248e2400bf8f2000b38f1c00b28f78
:104154001800b18f1400b08f0800e0032800bd27b9
:104164006080828ffeff401402000224f1ff0010e1
:10417400000000000c00410f1000248e0400229661
:0c418400c418027ceaff0010040022a610
:020000040000fa
:020000041d03da
:1041900080bf033c006060ac80bf023c00940434ec
:1041a000186044ac80bf023c03010424406044ac6e
:1041b00088bf023c0004043c641044ac0008043c8a
:1041c000641044ac0010043c641044ac01a0043cf6
:1041d0008c8c8224200040ac280040ac2c0040ace9
:1041e000340040a03c0040a0380040ac8c8c80ac37
:1041f000080040ac0c0040ac100040a01c0040a0e7
:10420000140040ac400040ac0060628c06004230bc
:10421000060003240e004314000103248c8c822426
:10422000300043ac180043ac80bf023c0080033434
:10423000086043ac88bf023c0004033c681043acf8
:104240000008033c681043ac0800e00300000000d5
:1042500001a0023c8c8c422400020324300043acb9
:0c426000180043acf1ff001080bf023cce
:020000040000fa
:020000041d03da
:10426c00e0ffbd271c00bfaf1800b2af1400b1af08
:10427c001000b0afa9f6400f2580800045001192c8
:10428c00208c117c0d00201a240012262400028e92
:10429c000b004010ffff0224a3ba400f2520400260
:1042ac0003004010ffff31260a01410f00000000ff
:1042bc00208c117cf6ff20562400028effff022476
:1042cc00450002a241ee400f00000000a9f6400f8d
:1042dc000000000044001192208c117c0d00201a6b
:1042ec00100012261000028e0b004010ffff02245b
:1042fc00a3ba400f2520400203004010ffff3126d7
:10430c000a01410f00000000208c117cf6ff2056a2
:10431c001000028effff0224440002a241ee400f67
:10432c00000000001c00bf8f1800b28f1400b18f6a
:0c433c001000b08f0800e0032000bd2737
:020000040000fa
:020000041d03da
:10434800a8ffbd270400a1af0800a2af0c00a3afcf
:104358001000a4af1400a5af1800a6af1c00a7afab
:104368002000a8af2400a9af2800aaaf2c00abaf4b
:104378003000acaf3400adaf3800aeaf3c00afafeb
:104388004000b8af4400b9af4800bfaf12400000ca
:104398004c00a8af104000005000a8af029d1a3c86
:1043a800e8935a27000000000068044000600540b8
:1043b80009f84003000000005000a88f1100000118
:1043c8004c00a88f130000010400a18f0800a28fe1
:1043d8000c00a38f1000a48f1400a58f1800a68fbf
:1043e8001c00a78f2000a88f2400a98f2800aa8f5f
:1043f8002c00ab8f3000ac8f3400ad8f3800ae8fff
:104408003c00af8f4000b88f4400b98f4800bf8f81
:0c4418005800bd27c00000001800004242
:020000040000fa
:020000041d03da
:10442400e8ffbd271400bfaf1000b0af1c0082949a
:10443400020003241f004310258080000300432c46
:10444400260060501c0080a40c00401400000000f2
:10445400f0e7400f0200052404004010020002248b
:104464001a0002a6010002241c0002a61400bf8f39
:104474001000b08f0800e0031800bd27ddf1400fe5
:1044840000000000faff40101400bf8f34000296b1
:10449400440002a603000524f0e7400f2520000293
:1044a400f2ff4010020002241a0002a6efff0010df
:1044b4001c0002a6ddf1400f00000000ecff4010dc
:1044c4001400bf8f34000296460002a603000224a3
:1044d4001a0002a6e5ff00101c0000a61a0080a422
:1044e400180080a402000224020082a4f4ff022423
:0844f400deff00101e0082a48f
:020000040000fa
:020000041d03da
:1044fc00e0ffbd271c00bfaf1800b1af1400b0af78
:10450c0029008014ffff10242588a00001a0043c82
:10451c003df0400fd4898424230040102520400016
:10452c00080025320500a050140082940600429425
:10453c001b00401400000000140082942000401066
:10454c00140083242400829415004014ffff1024cf
:10455c002400832401000624080060a0090060a048
:10456c000a0060a00b0060a001000224000062a4fd
:10457c00020066a4040064ac020002240400a01033
:10458c000c0062ac0400829404004234040082a447
:10459c000600829401004224060082a4258060005b
:1045ac00bdf7400f00000000251000021c00bf8f5b
:1045bc001800b18f1400b08f0800e0032000bd2755
:0845cc00e5ff0010253000009e
:020000040000fa
:020000041d03da
:1045d400e8ffbd271400bfafecfa400f0000000055
:1045e40017004010a48183931e006014ac8183974c
:1045f400000205242328a3002b2045000b28440097
:104604002500a01001a0043cb8838424dbd4400f0f
:104614002120830025284000ac81849700020324d4
:10462400231064002b18a2000b10a30004004010f8
:1046340021208200f264400fac8184a7a88182af5c
:10464400ac81839707006010a48182930600401414
:104654001400bf8f0002632c0500601401000224c3
:10466400a48182a31400bf8f0800e0031800bd27b3
:10467400f264400f00000000a881838f23104300e0
:10468400409c03342b104300f6ff40140100022425
:10469400f4ff0010a48182a3eeff60141400bf8f06
:0846a400f1ff0010000000000e
:020000040000fa
:020000041d03da
:1046ac0000a0033cb4016324300064142510000006
:1046bc00d8ffbd272400bfaf2000b4af1c00b3afa0
:1046cc001800b2af1400b1af1000b0af2588a00035
:1046dc0000a0023c4c02438c1c0060102510000012
:1046ec0000a0103cb40110264400148eebf2400fd5
:1046fc002520a0002590400003f1400f9400048e6b
:10470c00259840009c00028e2788110024882202e4
:10471c009c0011aea400038e27101200241043003d
:10472c00a40002ae252840022b01410f2520800257
:10473c00252840022e01410f2520800225286002e9
:10474c007dfd400f9400048e010002242400bf8fd5
:10475c002000b48f1c00b38f1800b28f1400b18fdf
:10476c001000b08f0800e0032800bd270800e0030c
:04477c000000000039
:020000040000fa
:020000041d03da
:10478000c8ffbd273400bfaf3000b3af2c00b2afbd
:104790002800b1af2400b0af258080002590a00094
:1047a0002588c0001000a0af1400a0af0700c01003
:1047b0001800a0af7400828c05004010480013263a
:1047c0000500052409f84000f4008424480013265d
:1047d000dff8400f25206002130040142528400018
:1047e00006002012000000007400028e030040103a
:1047f0000600052409f84000f4000426dff8400f05
:104800001000a4270c004014252040003400bf8f66
:104810003000b38f2c00b28f2800b18f2400b08fee
:104820000800e0033800bd27dffd400f1000a4277b
:10483000e7ff0010000000006800028e4010062410
:1048400009f8400025284002ecff0010000000009d
:020000040000fa
:020000041d03da
:10485000d8ffbd272400bfaf2000b1af1c00b0af10
:10486000258080001000a0af3c00918c1c00228e9f
:1048700009f840000c00848c010003240900431057
:104880002400bf8f2000228e09f840000c00048e07
:10489000080040508400028ec1f8400f252000021d
:1048a0002400bf8f2000b18f1c00b08f0800e003f0
:1048b0002800bd2701004230150040101000a52738
:1048c0003400228e09f840000c00048e1000a28fe4
:1048d0000100423000800534004003240b286200b0
:1048e0008800028e2528a200880005ae8c00068e66
:1048f00093cb400f252000021400029201000324f4
:104900000421627c140002a2e5ff0010900000aeba
:10491000c1f8400f25200002e2ff00102400bf8fe5
:020000040000fa
:020000041d03da
:1049200031008010f2ff0224e0ffbd271c00bfaf62
:104930001800b1af1400b0af258080000800838c50
:1049400001a0023c0c8b4224070062102588a000c5
:10495000f2ff02241c00bf8f1800b18f1400b08f2b
:104960000800e0032000bd27020084840100032426
:10497000f8ff8314f3ff02241800049601000324b7
:10498000f5ff83141c00bf8f1a0003960100022458
:104990000300621004000424eeff6414f3ff0224f9
:1049a0003000049202000324eaff8314f4ff02247f
:1049b00041d7400f2520000225184000e5ff600484
:1049c000f4ff022402000424e2ff64100100022428
:1049d000e0ff20122510000034000296000022a6fd
:1049e000dcff0010251000000800e00300000000bc
:020000040000fa
:020000041d03da
:1049f000d8ffbd272400bfaf2000b3af1c00b2af6b
:104a00001800b1af1400b0af259080002588a00039
:104a10007a65400fe880938f408002002180020277
:104a20008080100021800202c0801000218070026e
:104a3000fdfd400f252040025e0002a660000292ac
:104a4000010003240400627c600002a25c0011a645
:104a5000420042960400627c420042a65000028e50
:104a60000500401401000524039d043ca7df400f0e
:104a7000183e8424500002aeffff31260200312e82
:104a8000080020120100032456000296540002a6da
:104a9000600002924429627c8b01410f600002a2f7
:104aa000200002ae2400bf8f2000b38f1c00b28f05
:104ab0001800b18f1400b08f0800e0032800bd2754
:020000040000fa
:020000041d03da
:104ac000d8ffbd272400bfaf2000b3af1c00b2af9a
:104ad0001800b1af1400b0af258880002580a00079
:104ae000100085ac5800a294140082a4160086a081
:104af000170087a0049d123c18c95226049d133c40
:104b0000c4c87326f4ff52260800428e09f84000fc
:104b100025202002fbff53162528000236c6400f31
:104b2000010004245000048e060080504c00048ec6
:104b30004400028e2000428c09f840000000000072
:104b40004c00048e06008050500000ae4400028edf
:104b50000c00428c09f8400000000000500000ae3c
:104b60004c0000ae420002968431027c8473027cc9
:104b7000420002a62400bf8f2000b38f1c00b28f1a
:104b80001800b18f1400b08f0800e0032800bd2783
:020000040000fa
:020000041d03da
:104b9000d0ffbd272c00bfaf2800b3af2400b2afb9
:104ba0002000b1af1c00b0af258880002598a00080
:104bb0002590c00090000224aff2400f1000a2af79
:104bc000253800002530000004000524b391400f73
:104bd0001000a4271d0040100000000026ec400f2c
:104be0000000000019004010020007241400a6274e
:104bf00025280000b391400f25200000130040102d
:104c00000000000026ec400f00000000258040005e
:104c1000c3f2400f25202002040000121400a293ca
:104c2000000062a21500a293000042a2251000021b
:104c30002c00bf8f2800b38f2400b28f2000b18fcb
:104c40001c00b08f0800e0033000bd27c3f2400f06
:0c4c500025202002f5ff00102580000048
:020000040000fa
:020000041d03da
:104c5c00d0ffbd272c00bfaf2800b3af2400b2afec
:104c6c002000b1af1c00b0af2400e01001001024f4
:104c7c00258880002598c0002590e00003000224c0
:104c8c001000a2a3021405001100a2a30212050039
:104c9c001200a2a3aff2400f1300a5a32538000009
:104cac002530000004000524b391400f1000a42708
:104cbc000f0040102518000026ec400f00000000eb
:104ccc000b004010251800002538400225306002ea
:104cdc0025280000b391400f25200000040040104f
:104cec002518000026ec400f00000000251840009d
:104cfc0001007030c3f2400f252020022510000265
:104d0c002c00bf8f2800b38f2400b28f2000b18fee
:0c4d1c001c00b08f0800e0033000bd2731
:020000040000fa
:020000041d03da
:104d280000a0033cb40163242e006414faff02249b
:104d3800d8ffbd272400bfaf2000b4af1c00b3af1d
:104d48001800b2af1400b1af1000b0af0300e0100c
:104d58002590a000080002240000e2ac19004012cf
:104d6800251000001700c0100900c32c08000224f9
:104d78000b10c3002588400025a00000049d103cae
:104d88003892102600a0133cb40173262400062490
:104d98002528000275fe400f252040020c00028ed7
:104da80009f840004400648e240042ae28005226d0
:104db800010094262b109102f4ff401410001026d5
:104dc800251000002400bf8f2000b48f1c00b38f73
:104dd8001800b28f1400b18f1000b08f0800e003e4
:0c4de8002800bd270800e00300000000c8
:020000040000fa
:020000041d03da
:104df40030008010f2ff0224e8ffbd271400bfaf8b
:104e04001000b0af0800838c01a0023c0c8b42243c
:104e14000600621025808000f2ff02241400bf8f78
:104e24001000b08f0800e0031800bd27020084843e
:104e340001000324f9ff8314f3ff022418000496ed
:104e440001000324f6ff83141400bf8f1a00039695
:104e5400010002240300621004000424efff641420
:104e6400f3ff022430000392ecff6014f4ff0224e9
:104e740001000224300002a2320005a6030002242d
:104e8400310002a2360006a6cec2400f2520000241
:104e940025184000e1ff6004f4ff02240300042409
:104ea400deff641425100000300000a2dbff0010b8
:0c4eb400010002240800e00300000000e0
:020000040000fa
:020000041d03da
:104ec000e0ffbd271c00bfaf1800b1af1400b0afaa
:104ed0002580800079cd400f2588a0001b0040541c
:104ee000000043942400048e0c00038e1f008314e2
:104ef0001c00bf8f1800038e1d0060501800b18f7a
:104f000009f8600025200002180040101c00bf8f27
:104f10000000439401006330070060102528200240
:104f2000000043940400037c000043a42400028e8c
:104f3000ffff4224240002ae79cd400f252000025d
:104f40000a0040101c00bf8f000043940100633032
:104f50000a00601401000424000043940400837cd0
:104f60004408837c000043a41c00bf8f1800b18f4d
:104f70001400b08f0800e0032000bd270000439418
:0c4f80004408037cf8ff0010000043a46c
:020000040000fa
:020000041d03da
:104f8c00d8ffbd272400bfaf2000b4af1c00b3afc7
:104f9c001800b2af1400b1af1000b0af2590800074
:104fac002580a0002598c00001a0023c7a65400f26
:104fbc00448c518c000005964000a3301000601406
:104fcc0003001424c018020021106200c01002005b
:104fdc008000a5301700a0142188220204000526a9
:104fec004ce9400f2c00242601001424180027261d
:104ffc00253060028000052412e9400f25200002b4
:10500c002538800210000626080005266ed7400fb2
:10501c00252040022400bf8f2000b48f1c00b38fca
:10502c001800b28f1400b18f1000b08f0800e0038d
:10503c002800bd27040005264ce9400f1800242643
:08504c00eaff00100200142429
:020000040000fa
:020000041d03da
:1050540080bf043c1060838c0e00633001a0023cce
:105064008c8c4224400043ac1060828c0e00423091
:105074001800401001a0023c1060828c02004230f3
:105084000300401080bf023c02000324146043acc0
:1050940080bf023c1060428c010042300700401087
:1050a40080bf033c80bf043c3060828c1060628c03
:1050b40001004230fcff40140000000088bf023ca5
:1050c4000004033c341043ac0008033c341043acec
:1050d40001a0023c8c8c42242000428c0c00401025
:1050e40000000000e8ffbd271400bfaf01a0023c90
:1050f4008c8c42242400458c2000428c09f840000a
:10510400020004241400bf8f0800e0031800bd2728
:085114000800e00300000000a8
:020000040000fa
:020000041d03da
:10511c0001a0093c148d2a8d2b0040112510000094
:10512c002518400125300000253800000000658c52
:10513c000800a4141000688c0200c050148d28ad17
:10514c001000c8ac0800e00310006224f7ff001048
:10515c00251800012b588500070060110000000085
:10516c001b0040502538c00000004b8c2b28ab0096
:10517c000b38c5000b106500f4ff001525306000de
:10518c0011004010000000000000438c1000458c02
:10519c00231864001100682c070000151000462429
:1051ac00000044acf0ff63242120c400100085ac47
:1051bc00000083ac25288000020042551000e5acad
:1051cc00148d25ad2510c0000800e0030000000080
:0851dc00e9ff0010251060003e
:020000040000fa
:020000041d03da
:1051e400e0ffbd271c00bfaf1800b2af1400b1af81
:1051f4001000b0af258080002588a0007000829048
:105204000a00432c090060102590c0000800432cbc
:105214001a0060100600432c0f006050070003249e
:105224000200422c160040500000028e030031326e
:1052340004002012010003248400028e04c6627c50
:10524400840002ae25284002c4b1400f252000028c
:10525400050000101c00bf8ff4ff43140200a230ad
:10526400f2ff40141c00bf8f1800b28f1400b18fde
:105274001000b08f0800e0032000bd270000028e5c
:10528400100002ae0c0002ae080002ae2530000091
:1052940014000524466e400f25200002e4ff001090
:0452a40003003132a0
:020000040000fa
:020000041d03da
:1052a800e0ffbd271c00bfaf1800b2af1400b1afbc
:1052b8001000b0af0800c010258000002588a000ad
:1052c8002590c0003bfd400f2580e00013004054ae
:1052d8007100459025800000251000021c00bf8f3a
:1052e8001800b28f1400b18f1000b08f0800e003cf
:1052f8002000bd27f8ffa354258000000000438e3e
:10530800140000123c0043ac8400438c01000424c8
:1053180084f7837cf0ff0010840043acff00313237
:10532800edffb1542580000070004490fdff8324f8
:10533800ff0063300300632ce7ff60542580000002
:1053480008000324ebff831401000324e2ff00108c
:1053580025800000e0ff001001001024deff00108f
:04536800258000009c
:020000040000fa
:020000041d03da
:10536c002510a00001a0053c8c8ca5242c00a38c3e
:10537c002800a98c1c00405001a0043c2700695057
:10538c0025182001254080002530000080bf0c3cf2
:10539c0006000b2401a0073cb881e7242550a0008f
:1053ac000060858d0600a5301700ab144028030063
:1053bc002168a7000000ad9100000da10100a524fb
:1053cc002128a7000000a590010005a1010063247d
:1053dc003000458d2b2865000100c62406004614bc
:1053ec000a18050001a0043c8c8c84242c0083ac8e
:1053fc000800e00300000000e9ff23150200082567
:10540c00f8ff00102510c000212867000000ad90a7
:10541c0021288600edff00100000ada0f1ff001068
:04542c002510000047
:020000040000fa
:020000041d03da
:10543000d0ffbd272c00bfaf1800a0af1c00a0af4d
:105440002000a0af2400a0af029d033cf83d6324e0
:1054500025100000000064801800a5272128a20064
:10546000040080100000a4a001006324f9ff0010d4
:10547000010042241800a32721106200000040a070
:10548000588182271400a2af1000a0af2538000079
:105490008000062425286000049d043cf798400ff6
:1054a000c4e28424010003240e004314029d023c44
:1054b00000600240847a027c000c4234006082402a
:1054c000c0000000ffff02245c8182af01000224c3
:1054d000708182af788180afe2ef400f0000000062
:1054e000029d023c3c95428c2c00bf8f0800e003db
:0454f0003000bd27a4
:020000040000fa
:020000041d03da
:1054f4002b008010f2ff02240800838c01a0023ce0
:105504000c8b422423006250020088840800e003cc
:10551400f2ff0224180088940100032422000315da
:10552400000000001a0083940100022403006210aa
:10553400040008241a006814f3ff02243000839046
:1055440017006014f4ff0224e8ffbd271400bfaf66
:1055540001000224300082a0320085a42800a29316
:1055640001004224310082a0340086a4cec2400f40
:10557400360087a42518400003006004f4ff0224c9
:10558400030063380100622c1400bf8f0800e0039d
:105594001800bd2701000324deff0311f3ff0224da
:1055a4000800e003000000000800e0030000000021
:020000040000fa
:020000041d03da
:1055b40070ffbd278400b2af8000b1af7c00b0aff4
:1055c4002588a000258080002590c00025280000a3
:1055d4004c0006242400a4278800b3af8c00bfaf7e
:1055e40061fe400f2598e000ffff02241000a2afe7
:1055f40002010224020000161400a2af7000b027ba
:105604001800b0af1c00b1af02002012251000003a
:10561400ffff22260c0021062000a2af00a0023cbe
:105624004f000324847043acffff02248c00bf8f1f
:105634008800b38f8400b28f8000b18f7c00b08f5c
:105644000800e0039000bd2701002056000000a2de
:1056540025306002252840021000a4272800b0af9e
:10566400edf9400f2400b0aff1ff00108c00bf8fa4
:020000040000fa
:020000041d03da
:10567400d8ffbd272400bfaf2000b4af1c00b3afd8
:105684001800b2af1400b1af1000b0af259880007d
:1056940025a0a0002588c0003bfd400f2590e00018
:1056a40025804000190000122510000070000492ab
:1056b400fdff8324ff0063300300632c1300601498
:1056c40008000324120083102400bf8f0700401237
:1056d400010007242530400225288002aad4400f67
:1056e400252060020a0040102400bf8f070020120a
:1056f400010002245c0011a68400028e0100032430
:10570400c4ff627c840002ae010002242400bf8f27
:105714002000b48f1c00b38f1800b28f1400b18f17
:0c5724001000b08f0800e0032800bd2733
:020000040000fa
:020000041d03da
:105730002c00a010fbff0224e0ffbd271c00bfaf20
:105740001800b2af1400b1af1000b0af25808000d8
:105750000000a38c1d0060102588a0001b00801095
:10576000faff022442008394400063301800601066
:105770001c00bf8f01a0023c7a65400f448c528c04
:10578000c018020021186200c018030021904302d3
:1057900025282002becf400f0000448e25884000ff
:1057a0000a002012ffff02242528200299ed400f55
:1057b00025204002feff0724253000000800252692
:1057c0006ed7400f25200002251000001c00bf8f5f
:1057d0001800b28f1400b18f1000b08f0800e003e2
:0c57e0002000bd270800e00300000000ce
:020000040000fa
:020000041d03da
:1057ec00e0ffbd271c00bfaf1800b1af1400b0af75
:1057fc00dc808487ffff022406008210e880908ff3
:10580c0073f4400f00000000ffff0224dc8082a72d
:10581c00e880908f11000012e480828f0a00401003
:10582c00258800005000048e0300801001003126f2
:10583c0031f8400f00000000e480828f2b10220210
:10584c00f8ff401468001026d080848f0c00828ce6
:10585c0009f84000e880858fe88080afd080858f84
:10586c0001a0043c5cfd400f248e8424d480848fe2
:10587c0005008050e48080afbffc400f00000000aa
:10588c00d48080afe48080af1c00bf8f1800b18f34
:0c589c001400b08f0800e0032000bd27be
:020000040000fa
:020000041d03da
:1058a800e0ffbd271c00bfaf1800b2af1400b1afb6
:1058b8001000b0af2588a0000c00b28c7a65400fac
:1058c800e880908f401802002118620080180300b9
:1058d80021106200c01002002118020204000224f4
:1058e8000b0042520400248e0700022407004212d3
:1058f8000300042413004416251000005c0065947e
:10590800020004241000a4101c00bf8f0400248e81
:10591800060084280b008014ffff02240000228e5a
:1059280036000424000044a004000424010044a01c
:105938002700648824006498050044a8020044b83d
:10594800060002241c00bf8f1800b28f1400b18f0c
:0c5958001000b08f0800e0032000bd2705
:020000040000fa
:020000041d03da
:10596400e0ffbd271c00bfaf1800b0af1400a0af0c
:10597400010010241000b0af2538000000040624f4
:10598400029d053cb83da524049d043cf798400fb6
:1059940000ef84241400a0af1000b0af253800003d
:1059a40000040624029d053cc83da524049d043c36
:1059b400f798400f4cf684241400a0af1000b0af49
:1059c4002538000000040624029d053cd83da5248a
:1059d400049d043cf798400f78f684244481822780
:1059e4001400a2af1000b0af253800000004062454
:1059f400029d053cec3da524029d043cf798400f14
:105a0400289484240cd5400f000000001c00bf8f94
:0c5a14001800b08f0800e0032000bd2740
:020000040000fa
:020000041d03da
:105a20000000a28c0400a38cc0ffbd273800b3afd8
:105a30003400b2af3000b1af2c00b0af0800b28c70
:105a40000c00b38c3c00bfaf258880002580a000ef
:105a5000030060042000a2af4408027c2000a2af33
:105a60002000a2271800a2af0a0002241400a2af4f
:105a70001000b2af0400c78c0000c68c4ec1400fae
:105a8000252000021000068e2000a38fffffc624f1
:105a90001000a3af253840022330c2002128620243
:105aa000d8ca400f252020020400238e0001633055
:105ab000040060103c00bf8f0400038e2a204300c6
:105ac0000b1064003800b38f3400b28f3000b18ff8
:0c5ad0002c00b08f0800e0034000bd2750
:020000040000fa
:020000041d03da
:105adc00e0ffbd271c00bfaf1800b1af1400b0af82
:105aec00258880000e00a2900100032409004310b9
:105afc002580a000020003241900431000000000c0
:105b0c006080828ffeff4014070002240f000010fb
:105b1c000e0002a20500410f1000848c0c004014f2
:105b2c001c00bf8f040006960600059665f5400f15
:105b3c001000248e0d000392010063300600022435
:105b4c00020004240a1083000e0002a21c00bf8f66
:105b5c001800b18f1400b08f0800e0032000bd279f
:105b6c000500410f1000848cf9ff40141c00bf8ffe
:105b7c0025fd400f1000248e080002ae0600022402
:085b8c00f2ff00100e0002a25e
:020000040000fa
:020000041d03da
:105b9400e0ffbd271c00bfaf1800b2af1400b1afc7
:105ba4001000b0af258880002580a00001a0123c21
:105bb400a6fa400ffc8d4426fc8d428e1300401043
:105bc4002590000006005150251020020000428c50
:105bd4000e00401025900000fdff22560000428c6c
:105be400080043902b180300080070102590000053
:105bf4001000001200000000b480838f01006324b1
:105c0400b48083af080050a00100122401a0043c1a
:105c1400b4fa400ffc8d8424251040021c00bf8f71
:105c24001800b28f1400b18f1000b08f0800e00389
:105c34002000bd27b480838fffff6324b48083af2b
:085c4400f1ff0010080050a060
:020000040000fa
:020000041d03da
:105c4c002b00a01025100000e0ffbd271c00bfafeb
:105c5c001800b2af1400b1af1000b0af2588a0008f
:105c6c002580c0002be6400f2590e0001900401065
:105c7c001c00bf8f1c0040122518000025300002ac
:105c8c002520000025280000254040000000c78c7e
:105c9c001000f1101c00bf8f0600e0540100a52479
:105cac00040060540100a524251800012520a00043
:105cbc000100a524f5ff45160400c624040060105d
:105ccc00251060008020040021800402000011ae29
:105cdc001c00bf8f1800b28f1400b18f1000b08f52
:105cec000800e0032000bd27f9ff0010251000007c
:085cfc000800e00300000000b5
:020000040000fa
:020000041d03da
:105d0400e0ffbd271c00bfaf1800b0af3000839088
:105d14000200022408006210258080005880828fcf
:105d2400feff4014000000001c00bf8f1800b08f5d
:105d34000800e0032000bd271000848c0600805476
:105d44000c00028e5c80828ffeff4014ffff022451
:105d5400f6ff00101c00bf8f3800428c1000a627ed
:105d640009f840001400058e2518400001000424a1
:105d7400edff641002000224070063043100049262
:105d84005880828ffeff4014feff0224140000aef0
:105d9400e5ff0010300000a203000324fbff83147e
:105da400251000001000a28f340002a6f7ff001097
:045db40025100000b6
:020000040000fa
:020000041d03da
:105db800d0ffbd272c00bfaf2800b4af2400b3af7d
:105dc8002000b2af1c00b1af1800b0af258880002a
:105dd80025a0a0002598c0002590e00001a0043c63
:105de800a6fa400f608c842401a0023c608c508c81
:105df8001200005201a0043c0c00028e0400405026
:105e08000800028e0a0051540000108e0800028e0d
:105e18001000a2af0400028e25384002253060022f
:105e28002528800209f84000252020020000108e55
:105e3800f2ff00560c00028e01a0043cb4fa400f99
:105e4800608c84242c00bf8f2800b48f2400b38f6b
:105e58002000b28f1c00b18f1800b08f0800e0033b
:045e68003000bd2722
:020000040000fa
:020000041d03da
:105e6c00d8ffbd272400bfaf2000b3af1c00b2afda
:105e7c001800b1af1400b0af0000918c18002012c4
:105e8c00258080000c00228e150040102598000003
:105e9c0025286002e9fd400f2520200225904000b6
:105eac00252840006bfc400f252020021000048e9a
:105ebc000c00828c09f840000400458e300006244a
:105ecc002528000061fe400f2520400201007326aa
:105edc000c00228e2b106202eeff4014252860026b
:105eec001000048e0c00828c09f840000000058e16
:105efc00000000ae260000a62400bf8f2000b38f48
:105f0c001c00b28f1800b18f1400b08f0800e00392
:045f1c002800bd2775
:020000040000fa
:020000041d03da
:105f2000d8ffbd272400bfaf2000b1af1c00b0af29
:105f300025808000200002241000a2a30214050086
:105f40001100a2a3021205001200a2a385e1400fd6
:105f50001300a5a3160040102400bf8faff2400f1e
:105f6000252000022538000025300000040005240b
:105f7000b391400f1000a427110040100000000052
:105f800026ec400f0000000025884000c3f2400fbf
:105f9000252000020400201225100000f401052431
:105fa0006ee4400f25200002010042302400bf8f24
:105fb0002000b18f1c00b08f0800e0032800bd272f
:105fc000c3f2400f25200002f7ff0010251000004b
:020000040000fa
:020000041d03da
:105fd000e8ffbd271400bfaf1000b0af14008290df
:105fe000200042300c0040142580800073f6400fe2
:105ff000000000007c00038e231043008000038e0d
:106000002b1043000c0040140100032414000292e2
:106010004429627c140002a214000292080042305b
:106020000900401401000324140002920421627c40
:10603000140002a2900000ae1400bf8f1000b08fb9
:106040000800e0031800bd273c00028e3800428c97
:10605000253000002528000009f840000c00048ebf
:106060000500410403000224c1f8400f252000026e
:10607000f2ff00101400bf8fefff0010900002ae7f
:020000040000fa
:020000041d03da
:10608000e0ffbd271c00bfaf1800b2af1400b1afd6
:106090001000b0af0800928c01a0023c0c8b42248f
:1060a0000200421225888000259000002800228ee0
:1060b0000c004014020002241c0020a61a0020a696
:1060c000180020a6020022a61e0020a61c00bf8fda
:1060d0001800b28f1400b18f1000b08f0800e003d9
:1060e0002000bd27dff7400f0000000073f6400fcf
:1060f000258040002000438e0000638c02800372e4
:10610000e70310266210033cd34d632419000302f9
:106110001080000082811000218002022c0030ae2d
:10612000020002241a0022a6e8ff00101c0020a68c
:020000040000fa
:020000041d03da
:106130005e0082946e0082a40000828c080082ac13
:106140000c0082ac100082ac1400828c1c0082ac6b
:10615000200082ac8400828c4440027c00024234e5
:106160008452027c8494027cc4bd027cc49c027c68
:10617000840082ac380080ac340080ac830080a006
:10618000500080acffff0324580083ac01000324bf
:10619000600083a46a0083a4251840008007427c25
:1061a000010040503c0080ac010063045c0080a40e
:1061b000730080a08400828c000c427c710082a05d
:1061c000c006627c01004050440080ac0007637c44
:1061d00001006050400080ac0800e00300000000b7
:020000040000fa
:020000041d03da
:1061e000e0ffbd271c00bfaf1800b2af1400b1af75
:1061f0001000b0af2588a0000c00b28c7a65400f6b
:10620000e880908f40180200211862008018030077
:1062100021106200c010020021180202fdff422678
:106220000200422c0600401401000424130044160e
:106230001c00bf8f3400648c110080101800b28fd6
:106240000400248e060084280b008014ffff022423
:106250000000228e32000424000044a00400042424
:10626000010044a03700648834006498050044a805
:10627000020044b8060002241c00bf8f1800b28f31
:106280001400b18f1000b08f0800e0032000bd277c
:020000040000fa
:020000041d03da
:106290000c00838c2800601025100000d8ffbd275b
:1062a0002400bfaf2000b4af1c00b3af1800b2afe2
:1062b0001400b1af1000b0af25808000f080928f45
:1062c0001c00548e258800008100132425282002fc
:1062d000e9fd400f25200002000043948100633057
:1062e00009007354010031261400448e01008050cf
:1062f0001800448c0800438c231883022b18640078
:1063000005006010010031260c00028e2b102202c5
:10631000efff4014252820022400bf8f2000b48ff7
:106320001c00b38f1800b28f1400b18f1000b08f13
:106330000800e0032800bd270800e003000000007b
:020000040000fa
:020000041d03da
:10634000e0ffbd271c00bfaf1800b2af1400b1af13
:106350001000b0af01a0113c188d31260400228e30
:106360001800428c09f8400025908000140022aeed
:106370001400308e1000228e2380020211ea400f9a
:10638000252000024400410f000000002800288e54
:106390002c00298e212808022b80b0002138090208
:1063a000280025ae2c0027ae4b00410f25204000d1
:1063b000dcce400f25204002080040101c00bf8f9b
:1063c0004400410f0000000024b6400f258040002b
:1063d0004b00410f252000021c00bf8f1800b28f18
:1063e0001400b18f1000b08f0800e0032000bd271b
:020000040000fa
:020000041d03da
:1063f000c23d0400ff00e7300080013c24308100f2
:10640000ffffe924fe00212d0d00201000000000f8
:106410008003e724404a0400024b09002530c900ec
:10642000402f0400004d07002530c900251005004d
:10643000251806000800e00300000000000000002e
:106440000000052421208400f6ff801000000000d9
:106450000900e01400000000ffffe7242120840071
:106460008000013c2b088100fbff2014000000008d
:10647000e7ff001000000000ff07072400ff013cb9
:10648000010021342b088100e6ff201400000000e9
:10649000f8ff063ce3ff00100000000000000000d1
:020000040000fa
:020000041d03da
:1064a000e0ffbd271c00bfaf1800b1af1400b0afb4
:1064b000258880000e00a2900100032409004310eb
:1064c0002580a000020003241a00431000000000f1
:1064d0006080828ffeff401407000224100000102d
:1064e0000e0002a20500410f1000848c0d00401424
:1064f0001c00bf8f0800079604000696060005964c
:1065000069f0400f1000248e0d00039201006330eb
:1065100006000224020004240a1083000e0002a2d6
:106520001c00bf8f1800b18f1400b08f0800e0036b
:106530002000bd270500410f1000848cf8ff401497
:0c65400006000224f6ff00100e0002a26c
:020000040000fa
:020000041d03da
:10654c00e0ffbd271c00bfaf1800b2af1400b1af05
:10655c001000b0af1c00a010258000002590a000fa
:10656c001900c0102580c00046fd400f000000003f
:10657c001c004010258840008afa400f252040005e
:10658c0011004050258000000800248e0400228e4b
:10659c002310440025184000ffff42302b1002024c
:1065ac000100405425180002ffff70300600001255
:1065bc0025300002a9fd400f252840020800228e3c
:1065cc0021105000080022ae251000021c00bf8fc5
:1065dc001800b28f1400b18f1000b08f0800e003c8
:0c65ec002000bd27f8ff001025800000f3
:020000040000fa
:020000041d03da
:1065f800d8ffbd272400bfaf2000b4af1c00b3af45
:106608001800b2af1400b1af1000b0af25888000f9
:106618002598a0002590c0000800908c0400838c69
:10662800238003022720100044070724049d063c0a
:106638007804c624029d053c883ca5248501410fa9
:10664800c22704002b10500225a040020600601249
:106658000aa0020204008012253080020400258e60
:10666800a9fd400f252060020400268e2130d400a9
:10667800040026ae2b101202010042382400bf8ffe
:106688002000b48f1c00b38f1800b28f1400b18f94
:0c6698001000b08f0800e0032800bd27b0
:020000040000fa
:020000041d03da
:1066a400d8ffbd272400bfaf2000b4af1c00b3af98
:1066b4001800b2af1400b1af1000b0af259880003d
:1066c4002580a0002590c00025a0e000a6fa400f78
:1066d4002520a000100040102588400025286002d5
:1066e400d9e9400f25200002140040102520400065
:1066f400030080120000000009f88002000000007e
:10670400b4fa400f252000020c00428e25286002b6
:1067140009f8400025204002251020022400bf8fe4
:106724002000b48f1c00b38f1800b28f1400b18ff7
:106734001000b08f0800e0032800bd27b4fa400f12
:0c67440025200002f4ff00102588000052
:020000040000fa
:020000041d03da
:10675000e0ffbd271c00bfaf1800b1af1400b0af01
:10676000eaea400f258080001a0040100100112441
:106770004de4400f25200002140040102580400009
:106780000100429011004014258800000c00028e88
:106790000400401401a0023c0800028e0c0002ae6e
:1067a00001a0023c488d42901000401400000000ff
:1067b000d0d8400f25200002180000a2190000a226
:1067c00001000224010002a22588000061f6400faa
:1067d00000000000251020021c00bf8f1800b18fa0
:1067e0001400b08f0800e0032000bd27dcce400f6e
:0c67f00025200002f0ff00100000000057
:020000040000fa
:020000041d03da
:1067fc00d0ffbd272c00bfaf2800b3af2400b2af31
:10680c002000b1af1c00b0af258880002598a000f7
:10681c002510c0000300e0142590e0001700801044
:10682c00ffff102415004010ffff102401a0033cb3
:10683c00248d638ce80306242538000019006200bf
:10684c00122000002a8e400f102800001000b2af5a
:10685c0025386002253020022528400089c7400fca
:10686c002520000025804000ffff022404000212b6
:10687c0025100002d4d9400f25200002251000025b
:10688c002c00bf8f2800b38f2400b28f2000b18f53
:0c689c001c00b08f0800e0033000bd2796
:020000040000fa
:020000041d03da
:1068a800e0ffbd271c00bfaf1800b2af1400b1afa6
:1068b8001000b0af25888000a9f6400f2580a00001
:1068c8007881848f0000028effff032409004310a3
:1068d800259000000400238e6481858f0000268e99
:1068e8000d00c5102b2883000b00a01401001224f2
:1068f800000000ae41ee400f0000000025104002ed
:106908001c00bf8f1800b28f1400b18f1000b08f19
:106918000800e0032000bd27232883002b28a200bd
:106928000700a0102310440021104300000002ae0d
:10693800aa65400f25202002eeff001025900000d8
:0c694800000000aeebff00100100122464
:020000040000fa
:020000041d03da
:10695400e0ffbd271c00bfaf1800b2af1400b1aff9
:106964001000b0af2588a00046fd400f2590c00060
:10697400258040001a000012251000005c000492db
:1069840001000324170083141c00bf8f3c00038ef6
:1069940003006330140060541800b28f0100022415
:1069a40009002212ffff0324020003240c00231613
:1069b400251000009bfc400f2520400225184000b4
:1069c4000700601025100000140003ae3c00028e86
:1069d400010003240442627c3c0002ae0100022454
:1069e4001c00bf8f1800b28f1400b18f1000b08f3d
:0869f4000800e0032000bd27ac
:020000040000fa
:020000041d03da
:1069fc002700801025108000e0ffbd271c00bfafd2
:106a0c001800b2af1400b1af1000b0af25808000f9
:106a1c000000838c18006010251000005201410ffb
:106a2c0000000000259040000200422c1000401491
:106a3c00258800008ffc400f25202002b3fc400f5e
:106a4c002520400008004010010031260000038e74
:106a5c000400448c261864000800448c241864003c
:106a6c00060060101c00bf8ff2ff511600000000e2
:106a7c00f5e9400f010004241c00bf8f1800b28ff1
:106a8c001400b18f1000b08f0800e0032000bd2768
:086a9c000800e0030000000007
:020000040000fa
:020000041d03da
:106aa400e0ffbd271c00bfaf1800b2af1400b1afa8
:106ab4001000b0af2590a0000f0080102588c00002
:106ac40042008294400042301b0040142580800024
:106ad4000b00e014252820027fda400f2520400215
:106ae4000e004010258040004bff400f252000027f
:106af4000a000010000022aef7ffe0102528200253
:106b04006ee5400f2520000004004014258040005d
:106b14007fda400f25204002258040002510000226
:106b24001c00bf8f1800b28f1400b18f1000b08ffb
:106b34000800e0032000bd27ebffe0102510000251
:086b4400f8ff00101c00bf8fd8
:020000040000fa
:020000041d03da
:106b4c00e8ffbd271400bfaf2c81828f06004010d8
:106b5c002520a00001a0023ce48d42241400bf8f2c
:106b6c000800e0031800bd27fcffa010ffff022463
:106b7c00248180af1c8180af188180af208180afd1
:106b8c00108180af0c8180af01a0023ce48d40ac41
:106b9c00e48d4224040040ac080040ac0c0040ac36
:106bac00100040ac140040ac1400a28c008182afe9
:106bbc000100032409004014048183af498b400f6a
:106bcc000000000025184000e4ff6010ffff0224c5
:106bdc0001a0023ce1ff0010e48d422401a0023c24
:086bec00deff0010e48d4224dd
:020000040000fa
:020000041d03da
:106bf400e0ffbd271c00bfaf1800b1af1400b0af59
:106c0400258080000700a0102588e00001000224f0
:106c14001b00a2102520c000000000ae13000010cd
:106c2400ffff02240200e32c100060102510000076
:106c3400030006242528000057e2400f0100042425
:106c44002520400011004010000002ae0100022483
:106c54000e0022162538000025300000b8a4400f8d
:106c640025280000010042380100422c1c00bf8f7f
:106c74001800b18f1400b08f0800e0032000bd2776
:106c8400f8f4400f2528e000000002ae0000028e58
:086c9400f6ff00102b100200b6
:020000040000fa
:020000041d03da
:106c9c00e8ffbd271400bfaf81bf043c99aa023c9a
:106cac005566422430f282ac6699023c30f282acda
:106cbc008fbf023c04f0423400200524000045ac98
:106ccc001c00032458a743ac18a7438c4449037ced
:106cdc006000633418a743ac040045ac30f280acc0
:106cec008ffc400f25200000b08182af01a0033c37
:106cfc00d08c6424ffff0224420082a4d08c60acb0
:106d0c00ac8180a7a48180a3928182a7908180a767
:106d1c00d7fc400f0f00042403000524d9b6400f04
:106d2c0024808427d7fc400f020004241400bf8f5a
:086d3c000800e0031800bd2768
:020000040000fa
:020000041d03da
:106d4400e0ffbd271800b1af01a0113cc88d228e11
:106d54001400b0af1c00bfaf1c00401025808000a1
:106d64000d00000601a0033ca88d638c231862006b
:106d74002b18700010006054ffff02241c00bf8f0a
:106d840021805000c88d30ae1800b18f1400b08f30
:106d94000800e0032000bd2701a0033cac8d638cf8
:106da40023201000231843002b186400f4ff601004
:106db4001c00bf8fffff02241c00bf8f1800b18f7f
:106dc4001400b08f0800e0032000bd2710af400f6f
:106dd40000000000c88d228ee1ff40140000000076
:086de400f5ff0010ffff02247f
:020000040000fa
:020000041d03da
:106dec00e0ffbd271c00bfaf1800b2af1400b1af5d
:106dfc001000b0aff080928f0b00401225100000f5
:106e0c00258080002510a0000d00a0102588c00052
:106e1c000500801025100000420082944000423092
:106e2c0009004014010005241c00bf8f1800b28f0c
:106e3c001400b18f1000b08f0800e0032000bd27b4
:106e4c00f9ff80100100052461f8400f2520000295
:106e5c00f5ff40100100032442000496c418647c22
:106e6c0003002316420004a6efff0010040050aeee
:106e7c0002000324ecff2352080050aeebff00107d
:046e8c001c00bf8f98
:020000040000fa
:020000041d03da
:106e90002600801000000000d8ffbd272400bfafef
:106ea0002000b3af1c00b2af1800b1af1400b0aff8
:106eb000258080002598a0002590c0002588e0004e
:106ec0002bf6400f2520000003006012252840000b
:106ed0000000628e040002ae0300401200000000b9
:106ee0000000428e080002ae0300201200000000e5
:106ef0000000228e0c0002aeacf7400f25200000ef
:106f0000420002963800a3930463627c420002a60a
:106f10002400bf8f2000b38f1c00b28f1800b18fe8
:106f20001400b08f0800e0032800bd270800e0032c
:046f3000000000005d
:020000040000fa
:020000041d03da
:106f3400e0ffbd271c00bfaf1800b1af1400b0af15
:106f4400258080002588c0002000a38c08006334bd
:106f54002000a3ac2800a4ac253000000fdd400fb6
:106f640001000424170020121c00bf8f2bf6400fd1
:106f7400010004245a000396100063345a0003a647
:106f84002481838f01006324248183af00a0033c08
:106f9400087b63241800649401008434180064a4fa
:106fa40025284000acf7400f0100042425300000e0
:106fb4000100052400a0043c51f8400f187b8424f0
:106fc4001c00bf8f1800b18f1400b08f0800e003bd
:046fd4002000bd27b5
:020000040000fa
:020000041d03da
:106fd800756c023cc8ffbd27286e42242000b0af64
:106fe8001800a2af2580c0006c2902242400b1af8c
:106ff8003400bfaf3000b4af2c00b3af2800b2af3d
:10700800258880002530e0001c00a2a70200001699
:107018001e00a0a31800b0270400b28c0800b38c8f
:107028000400c0140000b48cb4fd400f25200002f9
:1070380025304000020040062b1046020b30420269
:107048001000b4af2538600225280002d8ca400fc6
:10705800252020023400bf8f3000b48f2c00b38f5e
:107068002800b28f2400b18f2000b08f0800e00301
:047078003800bd27f8
:020000040000fa
:020000041d03da
:10707c00d8ffbd272400bfaf2000b1af1c00b0afbc
:10708c0025808000010002241000a2a385e1400f9e
:10709c001100a5a3160040102400bf8faff2400fc3
:1070ac0025200002253800002530000002000524b0
:1070bc00b391400f1000a4271100401000000000f5
:1070cc0026ec400f0000000025884000c3f2400f62
:1070dc002520000204002012251000006400052465
:1070ec006ee4400f25200002010042302400bf8fc7
:1070fc002000b18f1c00b08f0800e0032800bd27d2
:10710c00c3f2400f25200002f7ff001025100000ed
:020000040000fa
:020000041d03da
:10711c000000a28c240040102530a000e0ffbd2709
:10712c001c00bfaf1800b1af1400b0af25808000b9
:10713c004400918c0400438c01000424c4ff837c24
:10714c00040043ac0400a28c0400438c84f7837cc1
:10715c00040043ac25380000e400058e63b1400ff9
:10716c00252000020e66400f252020020700401447
:10717c0000000000e400028e0000458c0400a524f1
:10718c0000e0a57c5265400f25202002f265400fdf
:10719c00252020021c00bf8f1800b18f1400b08f67
:1071ac000800e0032000bd270800e00300000000f9
:020000040000fa
:020000041d03da
:1071bc00e0ffbd271c00bfaf1800b1af1400b0af8b
:1071cc00258880000e00a290010003240f004310bc
:1071dc002580a000fcff4224ff0042300200422c1c
:1071ec00160040100800a52441ef400f1000848cbd
:1071fc0010004014050002241c00bf8f1800b18f32
:10720c001400b08f0800e0032000bd270500410fdb
:10721c001000848cf9ff40141c00bf8f04000696ec
:10722c0006000596f2f1400f1000248ef2ff0010bc
:10723c000e0002a2f0ff00100e0002a26080828fee
:10724c00feff401407000224ebff00100e0002a208
:020000040000fa
:020000041d03da
:10725c00e0ffbd271c00bfaf1800b2af1400b1afe8
:10726c001000b0af25888000620092941800908cba
:10727c001400828c2380020248f9400fffff103269
:10728c0023180202ffff63300e0003122b2043026f
:10729c001100801025100000422810006800229672
:1072ac00ffff44302b20a400020080102318720032
:1072bc002510a000ffff42302a1843000600601082
:1072cc00251000000100062410000524466e400f16
:1072dc0025202002010002241c00bf8f1800b28f51
:1072ec001400b18f1000b08f0800e0032000bd2700
:020000040000fa
:020000041d03da
:1072fc00d8ffbd272400bfaf2000b3af1c00b2af36
:10730c001800b1af1400b0af258080000f0080a032
:10731c0025908000258800000f0013248300410f66
:10732c0000004492ff00423013004014000042a2bf
:10733c002118110201001026218011020e000224d6
:10734c0023105100ff004230218002022000022451
:10735c00000062a001006324fdff70142400bf8fa5
:10736c002000b38f1c00b28f1800b18f1400b08fa7
:10737c000800e0032800bd2701003126ff00313250
:10738c00e6ff331601005226f5ff00102400bf8fd4
:020000040000fa
:020000041d03da
:10739c00e0ffbd271c00bfaf1800b1af1400b0afa9
:1073ac000200822c1c004014258000002588a000bf
:1073bc002580c000ffff8430002104002530000030
:1073cc0000a0023c087b4224d7eb400f2120440054
:1073dc000001223209004010000000002bf6400f83
:1073ec00252000000881838f01006324088183af6e
:1073fc0025284000acf7400f2520000006000016a1
:10740c00253000002528200200a0043c51f8400f34
:10741c00187b842401001024251000021c00bf8f4f
:10742c001800b18f1400b08f0800e0032000bd27b6
:020000040000fa
:020000041d03da
:10743c00d8ffbd272400bfaf2000b3af1c00b2aff4
:10744c001800b1af1400b0af258080002598a000c3
:10745c002588c0002bf6400f252000002590400009
:10746c0040181000211870008018030025286002b5
:10747c0001a0043c7c8a8424f3fd400f212083006e
:10748c0025284002acf7400f2520000008002012f0
:10749c00ffff103200811000253000000100052490
:1074ac0000a0043c087b8424d7eb400f21209000e3
:1074bc00010002242400bf8f2000b38f1c00b28f68
:1074cc001800b18f1400b08f0800e0032800bd270e
:020000040000fa
:020000041d03da
:1074dc002500c01025100000e0ffbd271c00bfaf29
:1074ec001800b1af1400b0af258880002520e00053
:1074fc000900a0101400308e0300a2880000a2988e
:10750c00030002aa000002ba0400a290040002a226
:10751c000500a290050002a20300c2880000c298d8
:10752c00090002aa060002ba0400c2900a0002a2d4
:10753c000500c290c69c400f0b0002a20c0002a6d4
:10754c001000238e0c0062940e0042240c0062a4e6
:10755c00010002241c00bf8f1800b18f1400b08fe3
:10756c000800e0032000bd270800e0030000000035
:020000040000fa
:020000041d03da
:10757c001300c0101000828c23004010000000008b
:10758c001c00848c0800438c2b3083001c00c054de
:10759c000000428c0e004694211866002b306400cb
:1075ac001700c0540000428c2b20a4000300801450
:1075bc002b18650014006010000000000000428cc5
:1075cc0011004010000000000800438c2b20a30089
:1075dc00070080540000428c0e0044942118640073
:1075ec002b18650008006010000000000000428ca1
:1075fc00f6ff40540800438c0800e0030000000034
:10760c00e1ff40540800438c0800e0030000000038
:020000040000fa
:020000041d03da
:10761c00d8ffbd271c00b0af00a0103c2003028e89
:10762c002000b1af2400bfaf0d00401025888000b2
:10763c0010f0400f000000001000a427def9400fee
:10764c001000a2af0f0044241000a58f7ffe400f46
:10765c000418047c0b00401025100000200300ae21
:10766c00010010240b8031020f0010260418107c2e
:10767c000900001600a0023c0c000324847043aceb
:10768c00251000002400bf8f2000b18f1c00b08f8c
:10769c000800e0032800bd2747d4400f2520000236
:1076ac00f8ff4054fcff50acf7ff00102400bf8fd4
:020000040000fa
:020000041d03da
:1076bc00e0ffbd270055e57c1800b1af1400b0af5a
:1076cc001c00bfaf258080002510c0002518e000ed
:1076dc000c00a014028d0700049d023c2548c0003c
:1076ec006cb0478c68b0468c252020016993400f04
:1076fc00252860000055647c0200801000080524d9
:10770c00c1ff8524c227020040180300401002006c
:10771c0025188300000002ae1c00bf8f00a0637c04
:10772c002000023c2510430000083132ccfba5247c
:10773c00040002ae0c0011ae251000021800b18f2f
:10774c00080005ae1400b08f0800e0032000bd2730
:020000040000fa
:020000041d03da
:10775c00d8ffbd272400bfaf2000b2af1c00b1afd3
:10776c001800b0af258880002590a0009fff022450
:10777c00aff2400f1000a2a3253800002530000006
:10778c0001000524b391400f1000a4270e004010f7
:10779c002580000026ec400f000000000a0040107d
:1077ac00030007242530400225280000b391400f28
:1077bc0025200000040040100000000026ec400fc3
:1077cc000000000025804000c3f2400f252020025d
:1077dc00010002322400bf8f2000b28f1c00b18f39
:0c77ec001800b08f0800e0032800bd2743
:020000040000fa
:020000041d03da
:1077f800d8ffbd272400bfaf2000b1af1c00b0af39
:10780800258080006000022485e1400f1000a2a3bb
:10781800160040102400bf8faff2400f2520000251
:10782800253800002530000001000524b391400fe1
:107838001000a427110040100000000026ec400fa3
:107848000000000025884000c3f2400f25200002f8
:107858000400201225100000881305246ee4400f50
:1078680025200002010042302400bf8f2000b18f84
:107878001c00b08f0800e0032800bd27c3f2400faa
:0c78880025200002f7ff00102510000072
:020000040000fa
:020000041d03da
:10789400e0ffbd271c00bfaf1800b2af1400b1afaa
:1078a4001000b0af2590a00019e1400f010005249d
:1078b40015004010ffff1124252040000400508cc7
:1078c4009ee8400f25284002252840000a00401069
:1078d400feff11240e0042900600422c11004014b9
:1078e400900006269c000626030007242dd0400f96
:1078f4002520000225880000040000122510200223
:10790400bdf7400f25200002251020021c00bf8f68
:107914001800b28f1400b18f1000b08f0800e0037c
:0c7924002000bd27f1ff00100200072426
:020000040000fa
:020000041d03da
:10793000d8ffbd272400bfaf2000b4af1c00b3aff9
:107940001800b2af1400b1af1000b0af25a0800096
:107950002598a0002580c0002590e0002bf6400f60
:10796000252000000b000012258840003bfd400f41
:107970002520800207004050258000007800438cbd
:107980000400605425800000780050ac760053a4b9
:107990007c0052ac25282002acf7400f25200000c7
:1079a000251000022400bf8f2000b48f1c00b38f6d
:1079b0001800b28f1400b18f1000b08f0800e003e0
:0c79c0002800bd27f3ff00102580000008
:020000040000fa
:020000041d03da
:1079cc00d8ffbd272400bfaf2000b4af1c00b3af5d
:1079dc001800b2af1400b1af1000b0af25a08000fa
:1079ec002590a0002580c0002598e0002bf6400fc4
:1079fc00252000000b0000122588400046fd400f9a
:107a0c002520800207004050258000004c00438c4c
:107a1c0004006054258000004c0050ac500053ac66
:107a2c005a0052a425282002acf7400f2520000054
:107a3c00251000022400bf8f2000b48f1c00b38fd0
:107a4c001800b28f1400b18f1000b08f0800e00343
:0c7a5c002800bd27f3ff0010258000006b
:020000040000fa
:020000041d03da
:107a680001a0023c4c8c428c22004018000000000f
:107a7800e8ffbd271400bfaf1000b0af1600859017
:107a8800040003241400a314ffff422401a0023cb5
:107a9800508c42900c00401001a0023c448c508c49
:107aa8007a65400f1000848cc0180200211862000b
:107ab800c018030021200302040080101400bf8fa7
:107ac80086f4400f000000001400bf8f1000b08f34
:107ad8000800e0031800bd2701a0033cfaff40148a
:107ae8004c8c62ace9c1400f00000000f7ff0010a9
:0c7af8001400bf8f0800e0030000000035
:020000040000fa
:020000041d03da
:107b040001a0023c4c8d438c220060102510000023
:107b14000f0064501c00828c252860001c00638cbc
:107b24000900601000000000fcff83542528600059
:107b34001c00828c09004014000000001c00a2ac50
:107b440012000010251000000800e00325100000ba
:107b54000900405001a0023c252800000c00868c3e
:107b64000c00438c211866000c0043acf3ffa054b6
:107b74001c00828c01a0023c188d42243400438cea
:107b84001c00638c340043ac010002240800e003b1
:0c7b94001c0080ac0800e00300000000b2
:020000040000fa
:020000041d03da
:107ba000c03a0500425504002538ea000080013c37
:107bb0002538e1004050050042550a001e04062405
:107bc0002330ca000d00c018000000002000c12ca6
:107bd0000200201400000000000007340638c7002f
:107be0000200a10400000000233807002510070050
:107bf0000800e00300000000000000000200801008
:107c0000000000000100a534f07f013c0100213498
:107c10002b08a10004002014000000000080023c9a
:107c2000f3ff001000000000ff7f023cffff423422
:0c7c3000efff001000000000000000004a
:020000040000fa
:020000041d03da
:107c3c00e0ffbd271c00bfaf1800b1af1400b0af00
:107c4c00258080003c00918c1c00228e09f840009d
:107c5c000c00848c01000324090043101c00bf8f0e
:107c6c002000228e09f840000c00048e08004050c1
:107c7c008400028ec1f8400f252000021c00bf8f2b
:107c8c001800b18f1400b08f0800e0032000bd274e
:107c9c0001004230050040541400028ec1f8400f20
:107cac0025200002f6ff00101c00bf8f0001427c53
:107cbc000300401002000224f0ff0010900000ae00
:087ccc00eeff0010900002ae73
:020000040000fa
:020000041d03da
:107cd400e8ffbd271400bfaf1000b0afddf1400fc7
:107ce40025808000160040101400bf8f0800028e0b
:107cf4001000438c0100623014004010080064300e
:107d040006008010251000004000627c04006330ef
:107d14000200601040130200001042343400039645
:107d2400241043004a0002a63c0000ae04000224d2
:107d34001a0002a6030002241c0002a61400bf8f2e
:107d44001000b08f0800e0031800bd27f3ff801077
:107d540025100000020063300010022400200424d7
:087d6400eeff00100b1083007c
:020000040000fa
:020000041d03da
:107d6c00e8ffbd271400bfaf1000b0afddf1400f2e
:107d7c0025808000160040101400bf8f340002963e
:107d8c0004004330050060542800048e2000039644
:107d9c0012006014010005242800048e05008010d8
:107dac008000437c100042300100405404006334d6
:107dbc00000083ac1c0000a61a0000a6180000a648
:107dcc0002000224020002a61e0000a61400bf8faf
:107ddc001000b08f0800e0031800bd27f0e7400f3b
:107dec0025200002f9ff4010020002241a0002a60e
:087dfc00f6ff00101c0000a6b8
:020000040000fa
:020000041d03da
:107e04002300a010fbff0224d8ffbd272400bfaf2e
:107e14002000b2af1c00b1af1800b0af2580a000a5
:107e24002588c0000000a38c130060102590e0009a
:107e34001200c0102400bf8fb3fc400f00000000ec
:107e4400252040000c008010faff02244200829496
:107e5400001042300300401000104332060060104e
:107e6400f8ff02241000a0af25384002253020027c
:107e740075af400f252800022400bf8f2000b28f69
:107e84001c00b18f1800b08f0800e0032800bd2744
:087e94000800e00300000000fb
:020000040000fa
:020000041d03da
:107e9c00d0ffbd272c00bfaf2800b1af2400b0af7e
:107eac00c880908f19000012251000021c00801051
:107ebc002588a0001000a0af1800a0af1400a4af3c
:107ecc001800a5a30c0007241000a62725280002e3
:107edc0001a0043c69e6400ffc8d84240a0040108c
:107eec00258040000800201201a0113ca6fa400f8a
:107efc00fc8d2426b480828f01004224b48082af92
:107f0c00b4fa400ffc8d2426251000022c00bf8fe4
:107f1c002800b18f2400b08f0800e0033000bd278b
:087f2c00f9ff001025800000a0
:020000040000fa
:020000041d03da
:107f3400e8ffbd271400bfaf1000b0af258080005c
:107f44005e0085a4010002240800c0105c0082a425
:107f54005400829440100200ffff42304100432c41
:107f64001700605040000224540082a46000029272
:107f7400200042300a0040100100032460000292f5
:107f84004429627c600002a22000028e0600405454
:107f9400600002928b01410f00000000200002ae3d
:107fa4006000029201000324c439627c600002a2d2
:107fb4001400bf8f1000b08f0800e0031800bd2725
:087fc400eaff0010540082a442
:020000040000fa
:020000041d03da
:107fcc00e8ffbd271400bfaf88bf023c6010428c95
:107fdc0088bf033c3010638c8006637c0500601006
:107fec008006427c0400401088bf023c15d4400f30
:107ffc000000000088bf023c6010428c88bf033c2c
:10800c003010638cc006637c05006010c006427c97
:10801c000400401088bf023ca6ac400f00000000da
:10802c0088bf023c6010428c88bf033c3010638ccc
:10803c000007637c050060100007427c04004010c0
:10804c001400bf8fd0ab400f000000001400bf8f96
:08805c000800e0031800bd2735
:020000040000fa
:020000041d03da
:10806400d8ffbd272400bfaf2000b3af1c00b2afc0
:108074001800b1af1400b0af258080002598a0008f
:108084002588c0000200a230090040102590e000bd
:108094002530e0002528200269e9400fe000848ca7
:1080a400253040022528200269e9400fe400048eaf
:1080b4000100733208006012253040022528200296
:1080c40069e9400fe800048e25304002252820028b
:1080d40069e9400fec00048e2400bf8f2000b38fa9
:1080e4001c00b28f1800b18f1400b08f0800e00399
:0480f4002800bd277c
:020000040000fa
:020000041d03da
:1080f800e8ffbd271400bfaf1000b0af8c80828f9f
:10810800100040107c80828f0e00401025800000f7
:10811800801810008c80828f211043000000448c4e
:10812800030080102530000079d4400f0200052498
:10813800010010267c80828f2b100202f5ff40146c
:10814800801810008080848f0c00828c09f8400011
:108158008c80858f8c8080af7c8080af7880848f86
:10816800050080101400bf8fbffc400f0000000006
:10817800788080af1400bf8f1000b08f0800e00334
:048188001800bd27f7
:020000040000fa
:020000041d03da
:10818c00e0ffbd271c00bfaf1800b1af1400b0afab
:10819c00258080002c00848c040080102588a00091
:1081ac0009000624c2fa400f020005241400201214
:1081bc002c0011ae1c00238e1000228e300002ae5b
:1081cc000c004294f8ff4224340002a6040062948e
:1081dc00360002a61c00228e08004224380002ae93
:1081ec00252820027bc6400f252000021c00bf8fd3
:1081fc001800b18f1400b08f0800e0032000bd27d9
:10820c00300000ae340000a6360000a6f3ff0010cc
:04821c002510200207
:020000040000fa
:020000041d03da
:108220000400a38c0600632820006014ffff0224d2
:108230000000a38c010065900300a6301b00c01451
:108240000400a52c1900a01400000000600082901a
:108250000400423013004014010005240500628828
:1082600002006298430082a8400082b864008290b5
:10827000c418a27c640082a0010062900800422c15
:10828000090040540100629009006288060062986b
:10829000470082a8440082b8640082900421a27c36
:1082a000640082a001006290020042240800e00302
:0482b00000000000ca
:020000040000fa
:020000041d03da
:1082b400e0ffbd271c00bfaf1800b1af1400b0af82
:1082c400258080003c00918c1c00228e09f840001f
:1082d4000c00848c01000324090043101c00bf8f90
:1082e4002000228e09f840000c00048e0800405043
:1082f4003c00228ec1f8400f252000021c00bf8fd5
:108304001800b18f1400b08f0800e0032000bd27cf
:10831400840006262528000009f840000c00048e7d
:108324000500410404000224c1f8400f2520000286
:10833400f3ff00101c00bf8ff0ff0010900002ae8e
:020000040000fa
:020000041d03da
:10834400e8ffbd271400bfaf1000b0af0100a53097
:108354000b00a0104400908cea65400f2520000219
:108364002501410f25200002fdff401400000000fc
:108374002801410f25200002fdff401400000000e9
:10838400ea65400f25200002fa65400f252000020f
:108394004465400f252000028465400f252000021b
:1083a4000466400f252000022201410f252000020f
:1083b400fdff4014ef6305243401410f2520000222
:1083c4001400bf8f1000b08f0800e0031800bd2711
:020000040000fa
:020000041d03da
:1083d400480083940800878c080065300200a014cc
:1083e4001000e28c0400027c4a0085940030a63020
:1083f4000100c050c418027c006066300100c05007
:108404000421027c001866300100c0504429027c1b
:10841400005066300001a8302530c8000100c0506b
:108424004408027c002863308000a53025186500cc
:10843400010060508410027c1000e2ac2800838ca0
:10844400000062ac1c0080a41a0080a4180080a460
:1084540002000224020082a40800e0031e0080a49b
:020000040000fa
:020000041d03da
:10846400e8ffbd271400bfaf1000b0af0d008010af
:1084740025800000000082941900401025808000af
:108484000c00838c02000224060062542580000044
:108494000900a0500400828c3df0400f0400848c3d
:1084a4000a800200251000021400bf8f1000b08f54
:1084b4000800e0031800bd27faff40502580400063
:1084c4000800448c02000324f6ff83542580000036
:1084d4000400429401004230f2ff00100a800200be
:1084e400f0ff001025800000eeff00102580400002
:020000040000fa
:020000041d03da
:1084f4002016047c031a020000474228030040149b
:1085040025288000e0ff6224047a457c2014047c42
:108514004700422802004014e0ff84240438857c8c
:108524002016057c031a0200003a42281000405429
:10853400d0ff6324c9ff6324201c037c047a657c78
:10854400201c057c3a0062280b004054d0ff6324b1
:10855400c9ff6324201c037c0438657c003aa27c98
:1085640000110200251045000800e003ff0042301e
:10857400f2ff0010201c037cf7ff0010201c037c7a
:020000040000fa
:020000041d03da
:10858400e0ffbd271c00bfaf1800b2af1400b1afad
:108594001000b0af2588a00046fd400f2590c00014
:1085a4002580400012000012251000008afa400fb6
:1085b400252000020f0040101c00bf8f0200405213
:1085c4000000038e0800038e212871000000038e32
:1085d4002b18a30006006054251000000400038e2d
:1085e4002b1865000200605425100000080005ae39
:1085f4001c00bf8f1800b28f1400b18f1000b08f11
:108604000800e0032000bd27f9ff0010251000003a
:020000040000fa
:020000041d03da
:10861400d8ffbd272400bfaf2000b1af1c00b0af0e
:108624002588800006000224aff2400f1000a2a3a8
:10863400253800002530000001000524b391400fc7
:108644001000a427110040102580400026ec400fa4
:108654000000000025804000c3f2400f25202002c6
:10866400050000122510000224e3400f25202002fb
:108674004000507c251000022400bf8f2000b18fe1
:108684001c00b08f0800e0032800bd27c3f2400f90
:0c86940025202002f8ff00102510000235
:020000040000fa
:020000041d03da
:1086a000e8ffbd271400bfaf1000b0afddf1400ff1
:1086b000258080000e0040101400bf8f3400069605
:1086c0002000c230150040542200059673f6400f7a
:1086d000000000002c00038e2b1043000700401008
:1086e00001000524f0e7400f252000021400bf8f91
:1086f0001000b08f0800e0031800bd271c0000a682
:108700001a0000a6180000a602000224020002a619
:10871000f5ff0224f5ff00101e0002a601f8400f2d
:0c87200025200002f2ff00101400bf8fa3
:020000040000fa
:020000041d03da
:10872c00e8ffbd271400bfaf1000b0af46fd400fef
:10873c002580a000251840001800601025100000ae
:10874c0011000052240060ac4200029640004230fe
:10875c00030040543c00628c0b000010240060ac01
:10876c00448c027c3c0062ac07004004240070acda
:10877c005d00629002004230040040143c00628ca8
:10878c00c418027c3c0062ac3c00628c01000424e6
:10879c00448c827c3c0062ac010002241400bf8f2c
:0c87ac001000b08f0800e0031800bd278b
:020000040000fa
:020000041d03da
:1087b8002000c01025100000e0ffbd271c00bfaf3f
:1087c8001800b1af1400b0af2580a00046fd400fdf
:1087d8002588c000251840001100601025100000f1
:1087e8005c006490ff0010320d0090140100052415
:1087f8000c0085141c00bf8f3c00648c030084307f
:1088080007008014010004240000228e140062acca
:108818003c00628c0442827c3c0062ac0100022471
:108828001c00bf8f1800b18f1400b08f0800e00340
:0c8838002000bd270800e0030000000045
:020000040000fa
:020000041d03da
:108844000000a294010043301e00601080004230fa
:10885400e0ffbd271c00bfaf1800b1af1400b0afdc
:10886400258880000d0040142580a00026008294f5
:10887400ffff42242016027c260082a42710020057
:1088840017010724029d063cc894c624029d053c9a
:10889400883ca5248501410fc22702002528000237
:1088a4006bfc400f0000248e270000a2260000a2cb
:1088b4001c00bf8f1800b18f1400b08f0800e003b4
:0c88c4002000bd270800e00300000000b9
:020000040000fa
:020000041d03da
:1088d00088bf023c00010524741045ac000204244a
:1088e000741044ac00040324741043ac80bf023cf9
:1088f000005c40ac80bf023c205c428c88bf023ce4
:10890000441045ac441044ac441043ac80bf023c1e
:1089100001000324305c43ac80bf023c40000324d0
:10892000145c43ac80bf033c0100023c20014224a4
:10893000085c62ac05000224085c62ac01a0023c49
:10894000808d42241c0040a0200040ac00800234f6
:0c895000085c62ac0800e00300000000be
:020000040000fa
:020000041d03da
:10895c00e0ffbd271c00bfaf1800b2af1400b1afd1
:10896c001000b0af1600801025800000259080000c
:10897c001900850010100000110040142588a0007b
:10898c0002208570b8ff822c0e00401025100002ca
:10899c0087cc400f480084240900401025804000fb
:1089ac000100205648004224000002ae3c0012aeea
:1089bc00400011ae01000524b5cd400f252000026a
:1089cc00251000021c00bf8f1800b28f1400b18f4d
:0c89dc001000b08f0800e0032000bd2751
:020000040000fa
:020000041d03da
:1089e80000a0033cb40163241d006414251000009a
:1089f8000300e01000000000200002240000e2aca8
:108a08001700a010251000002000c62c1400c01468
:108a18000000000000a0023cb401422424004a8c5b
:108a28002800498c2c00488c3000478c3400468c38
:108a38003800448c3c00438c4000428c0000aaacb7
:108a48000400a9ac0800a8ac0c00a7ac1000a6aca8
:108a58001400a4ac1800a3ac1c00a2ac2000022493
:088a68000800e003000000001b
:020000040000fa
:020000041d03da
:108a700000a0033cb40163241d0064142510000011
:108a800000a0023cc801439004006330180060104d
:108a900025100000e8ffbd271400bfaf1000b0afe5
:108aa00000a0103cb40110263c00028e1000428c45
:108ab00009f840000800048e9000028e8010020029
:108ac000029d033c28956324211043000000428c42
:108ad00009f8400025200002140002920001427ca7
:108ae0001400bf8f1000b08f0800e0031800bd27ee
:088af0000800e0030000000093
:020000040000fa
:020000041d03da
:108af8001f00a010fbff02240000a38c1c006010c4
:108b0800000000001a008010faff0224420083943b
:108b1800400068301600001100000000e0ffbd278b
:108b28000b00e0101c00bfaf00106330050060149c
:108b3800f8ff02241000a6af0100072475af400f0c
:108b4800040086241c00bf8f0800e0032000bd2716
:108b580003c7400f0000000025284000ffff032442
:108b68000200042425108000f6ff00100a1065009a
:088b78000800e003000000000a
:020000040000fa
:020000041d03da
:108b8000d0ffbd272c00bfaf2800b3af2400b2af89
:108b90002000b1af1c00b0af2588a0003c00a7affb
:108ba0003c00a7276dd5400f1000a7af25804000df
:108bb000272002001f090724049d133c7805662620
:108bc000029d123cf83c45268501410fc227040056
:108bd0002b2030022309072478056626f83c452619
:108be0008501410f01008438251000022c00bf8f41
:108bf0002800b38f2400b28f2000b18f1c00b08feb
:088c00000800e0033000bd276d
:020000040000fa
:020000041d03da
:108c0800e0ffbd271c00bfaf1800b1af1400b0af24
:108c18008081828f1700401001a0103c608e1026c2
:108c2800a9f6400f000000000c00028e0c00518cc9
:108c3800a1f8400f040024267c81828fffff422484
:108c48007c8182af8081828fffff4224808182af46
:108c580041ee400f00000000a101410f3000248eba
:108c6800a101410f252020028081828fecff401452
:108c7800000000001c00bf8f1800b18f1400b08fd7
:088c88000800e0032000bd27f5
:020000040000fa
:020000041d03da
:108c9000e0ffbd271c00bfaf1800b0af25808000eb
:108ca000050002241000a2a3aff2400f1100a0a300
:108cb000253800002530000001000524b391400f45
:108cc0001000a427040040100100072426ec400fe8
:108cd00000000000010007241100a627252800003d
:108ce000b391400f25200000030040100000000059
:108cf00026ec400f00000000c3f2400f25200002c8
:108d00001100a2931c00bf8f1800b08f0800e00371
:048d10002000bd275b
:020000040000fa
:020000041d03da
:108d140000a0033cb40163241c006414faff022481
:108d2400e8ffbd271400bfaf1000b0af2580a0003e
:108d340025386000049d063c5ccbc6242528000031
:108d440046ae400f252060000700001225100002e7
:108d54001000438c09006050f5ff02240000428c8f
:108d6400fcff40541000438c2528000200a0043c62
:108d7400d0a8400fb4018424010002241400bf8f42
:108d84001000b08f0800e0031800bd270800e003be
:048d940000000000db
:020000040000fa
:020000041d03da
:108d980071008590010003241c00a314ffff022426
:108da8003c00838c1900601001000624e8ffbd27f1
:108db8001400bfaf3e0082943c008394211043000e
:108dc8005c008394211043005e00839426104300c6
:108dd8006e0082a4720080a06c80828f82100200d4
:108de8004c0082ac466e400f02000524050040107e
:108df8001400bf8f03004018ffff02240100022463
:108e08001400bf8f0800e0031800bd270800e00326
:048e18000000000056
:020000040000fa
:020000041d03da
:108e1c00e8ffbd271400bfaf46fd400f1000b0aff8
:108e2c001700401025180000258040005c0044907d
:108e3c00010002241200821401000524a1e9400f54
:108e4c002520000206004014010006240100052420
:108e5c001bca400f252000020900401025180000f5
:108e6c003c00028e0002423005004014c005032471
:108e7c000400038e0800028e23186200ffff63308b
:108e8c00251060001400bf8f1000b08f0800e003a5
:048e9c001800bd27d6
:020000040000fa
:020000041d03da
:108ea000e8ffbd271400bfafbc80848f0500801091
:108eb000c880858f21f8400f00000000bc8080af83
:108ec000c880858f01a0043c5cfd400ffc8d84248c
:108ed000b48080af01a0043ca3ec400f108e84242a
:108ee000c480848f05008010c080858fbffc400f38
:108ef00000000000c48080afc080858f0500a010f6
:108f0000c880848f0c00828c09f8400000000000ab
:108f1000c08080afc88080af1400bf8f0800e0031e
:048f20001800bd2751
:020000040000fa
:020000041d03da
:108f24001e008010f7ff0224e8ffbd271400bfaf26
:108f34001000b0af2400828c150040102580800002
:108f44003000828c0700401000000000f9ff02246a
:108f5400380082ac1400bf8f1000b08f0800e0030b
:108f64001800bd27cbfc400f4800842424000624ad
:108f74002528000061fe400f252000024400028ed7
:108f840009f840004000048ef2ff00102510000094
:108f9400f9ff0224efff0010380082ac0800e00360
:048fa40000000000c9
:020000040000fa
:020000041d03da
:108fa80088ffbd277400bfaf7000b1af6c00b0afd1
:108fb800ec80828f1600401825808000f080918f09
:108fc8001000a527d4c8400f2400248606004010ae
:108fd8005800a38f1000028e0300621401000524bc
:108fe8000dcc400f240024861600039202000224b0
:108ff80007006214ec80828fffff422404004014b3
:10900800ec8082af11ee400f25202002f08080af67
:109018007400bf8f7000b18f6c00b08f0800e00340
:049028007800bd27e8
:020000040000fa
:020000041d03da
:10902c001e00a010251000000200832c1b006014f1
:10903c0000000000ffff83302700632c1700601036
:10904c0000000000ffff84300021040000a0023c5f
:10905c00087b4224211044000000438c0300601064
:10906c00000000000d006554251000000800c01021
:10907c00000045ac1081838f25206000201e037cee
:10908c002a186600010060542520c0002036047c9c
:10909c000a0046a40800e0030c0046a40800e00304
:0490ac0000000000c0
:020000040000fa
:020000041d03da
:1090b0002000828c010042301c004014000000009f
:1090c000e0ffbd271c00bfaf1800b1af1400b0af68
:1090d0001000918c0c002012258080002528200291
:1090e0001000a29401004230050040140000318eaf
:1090f0003081848f0c00828c09f840000000000051
:10910000f7ff2016252820023081848f0c00828ce6
:1091100009f84000252800021c00bf8f1800b18ffd
:109120001400b08f0800e0032000bd270800e00312
:04913000000000003b
:020000040000fa
:020000041d03da
:10913400ffff8324feff632c1c0060102510000039
:10914400ffff83300500652c1800a01001a0053c2a
:10915400c010030021104300801002002089a524c0
:10916400211045002000458c1000a4142510000097
:10917400c0100300211043008010020001a0043c31
:1091840020898424211044000000449007008010aa
:1091940025100000c01003002118430080180300ac
:1091a40001a0023c20894224211043000800e0036e
:0491b40000000000b7
:020000040000fa
:020000041d03da
:1091b800d8ffbd272400bfaf2000b3af1c00b2af5b
:1091c8001800b1af1400b0af25988000f264400fca
:1091d8002580a00025904000409c1134028811721f
:1091e800e3fe400f2520600208004014010002241d
:1091f8002400bf8f2000b38f1c00b28f1800b18fde
:109208001400b08f0800e0032800bd27f264400f67
:1092180000000000f2ff0012231852002b18710002
:10922800efff601425100000f2ff00102400bf8f2c
:020000040000fa
:020000041d03da
:1092380046524d54584f4b20000000006cff039dd0
:1092480046524d52584f4b2000000000c4fe039d6b
:109258005258425546434e5400000000a8fe039d54
:1092680052584f56464c4f570000000050ff039d80
:109278004643534552524f5200000000e0fe039d02
:10928800414c474e455252200000000034ff039dd8
:1092980053434f4c46524d200000000018ff039dd9
:1092a8004d434f4c46524d2000000000fcfe039dec
:020000040000fa
:020000041d03da
:1092b800e8ffbd271400bfaf1000b0af25808000c5
:1092c8000c000224700082a02bf6400f252000001d
:1092d80074000486802004008c80838f2118640029
:1092e800000060ac25284000acf7400f25200000a6
:1092f8008080848f0c00828c09f840001400058e51
:109308008080848f0c00828c09f840000000058e54
:109318008080848f0c00828c09f840002528000288
:109328001400bf8f1000b08f0800e0031800bd279d
:020000040000fa
:020000041d03da
:10933800d8ffbd272400bfaf2000b3af1c00b2afd9
:109348001800b1afdafe400f1400b0afffff503085
:1093580000c0103600401124ffff133400c012343f
:109368009bf5400f252000020a00405425100002fa
:10937800030013522580400201001026ffff10321f
:10938800ffff3126f6ff20160000000025800000b0
:10939800251000022400bf8f2000b38f1c00b28f5d
:1093a8001800b18f1400b08f0800e0032800bd2713
:020000040000fa
:020000041d03da
:1093b800e8ffbd271400bfaf3bfd400f1000b0af62
:1093c800258040001600001225100000710004924c
:1093d80001000324130083141400bf8f4800038e78
:1093e800110060501000b08f700003920300022437
:1093f800030062100800042409006414251000000a
:1094080058ef400f252000020400038e0000048e50
:1094180023186400ffff632423106200ffff42301b
:109428001400bf8f1000b08f0800e0031800bd279c
:020000040000fa
:020000041d03da
:10943800d8ffbd272400bfaf2000b3af1c00b2afd8
:109448001800b1afdafe400f1400b0afffff503084
:1094580000c0103600401124ffff133400c012343e
:10946800d1f5400f252000020a00405425100002c3
:10947800030013522580400201001026ffff10321e
:10948800ffff3126f6ff20160000000025800000af
:10949800251000022400bf8f2000b38f1c00b28f5c
:1094a8001800b18f1400b08f0800e0032800bd2712
:020000040000fa
:020000041d03da
:1094b800e0ffbd271c00bfaf1800b1af1400b0af6c
:1094c8002580a00046fd400f2588c00025184000d3
:1094d8001200601025100000110020121c00bf8f20
:1094e8005c006490ff000232030082100100042433
:1094f8000a000010251000000800041625100000be
:109508000000228e180062ac3c00628c600042347d
:10951800c439027c3c0062ac010002241c00bf8fed
:109528001800b18f1400b08f0800e0032000bd2799
:020000040000fa
:020000041d03da
:109538001d00801025100000e0ffbd271c00bfaff4
:109548001800b2af1400b1af1000b0af258880008a
:10955800049d103c0cfd1026049d123c2cfd522647
:109568000400058e0c00a05008001026bffd400f17
:109578002520200208004054080010260000028e12
:109588001c00bf8f1800b28f1400b18f1000b08f6d
:109598000800e0032000bd27f2ff12560400058ee4
:1095a800f7ff0010251000000800e003000000008d
:020000040000fa
:020000041d03da
:1095b8001d00a0102510a0000000a78c1a00e010c4
:1095c8002510000001a0023ce48d439416006010b1
:1095d800251000002c81828f25286000253000008e
:1095e80004008050420043940c0082540100c624b9
:1095f8004200439440006330080060500100c624d4
:109608000400438c2618e3000800488c24186800de
:1096180005006010000000000100c624f0ffc5141a
:1096280070004224251000000800e003000000003c
:020000040000fa
:020000041d03da
:10963800040002240700c214010002240b00a21433
:1096480001000324420082940400627c0800e003c5
:10965800420082a4020002241300c210000000008d
:10966800030002241000a21000000000e8ffbd273c
:109678001400bfaf42008294f8ff42300100032477
:109688000463627c420082a42400828c100082acb5
:109698002800828cc1f0400f140082ac1400bf8fe8
:1096a8000800e0031800bd270800e00300000000e0
:020000040000fa
:020000041d03da
:1096b800e0ffbd271c00bfaf1800b2af1400b1af68
:1096c8001000b0af2580a000ffff84300021040007
:1096d80000a0113c087b3126218824022bf6400f7c
:1096e8002520000025284000080032962710100089
:1096f800241042020001103204000012080022a6c1
:109708000881828fffff4224088182afacf7400fa7
:1097180025200000251040021c00bf8f1800b28fc2
:109728001400b18f1000b08f0800e0032000bd279f
:020000040000fa
:020000041d03da
:1097380000a0033cb40163241a006414faff022455
:10974800e8ffbd271400bfaf1000b0af2580a00010
:1097580000a0023cc401448c020003240d008314c1
:10976800feff02240b00a0102510000000a0023c00
:109778004bfb400ff801448c03000224080002aea2
:10978800010002240c0002aedc050224100002ae27
:10979800251000001400bf8f1000b08f0800e003f0
:0c97a8001800bd270800e00300000000ce
:020000040000fa
:020000041d03da
:1097b400e8ffbd271400bfaf1000b0afddf1400fcc
:1097c400258080000e0040101400bf8f34000296e4
:1097d400080042300d004010001206242528000025
:1097e40047e8400f25200002040040100400022432
:1097f4001a0002a60a0002241c0002a61400bf8f4d
:109804001000b08f0800e0031800bd271c0000a65c
:109814001a0000a6180000a602000224020002a6f4
:0c982400f7ff0224f5ff00101e0002a652
:020000040000fa
:020000041d03da
:10983000e0ffbd271c00bfaf1800b1af1400b0aff0
:109840002580800046fd400f2588a00013004010b1
:109850001c00bf8f2c00438c1000601025302002ac
:109860001c00658c1000648c300044ac0c008494a7
:10987000f8ff8424340044a40400a494360044a4d3
:109880001c00638c08006324380043ac25280000ca
:1098900079ad400f252000021c00bf8f1800b18f4a
:0c98a0001400b08f0800e0032000bd277a
:020000040000fa
:020000041d03da
:1098ac00e0ffbd271c00bfaf1800b1af1400b0af74
:1098bc00258880002580a0008cfb400f2520a0006f
:1098cc00120040101c00bf8f42000396080063304a
:1098dc000d006010251000001800238e01000224da
:1098ec00ffff6214000000000400038e06006010ed
:1098fc00251000001000038e0300601401000224e8
:10990c001400028e2b1002001c00bf8f1800b18fa8
:0c991c001400b08f0800e0032000bd27fd
:020000040000fa
:020000041d03da
:10992800e8ffbd27160082300a0040141400bfafbc
:109938005a00a294252082005a00a4a42481828f70
:1099480001004224248182af1400bf8f0800e00385
:109958001800bd275a00a294252082005a00a4a40a
:109968002481828f01004224248182af00a0023c1e
:10997800087b42241800439401006334180043a470
:10998800253000000100052400a0043c51f8400fd8
:0c999800187b8424edff00101400bf8f2a
:020000040000fa
:020000041d03da
:1099a400d8ffbd272400bfaf2000b3af1c00b2af67
:1099b4001800b1af1400b0af259880002520a00096
:1099c4002588c0002590e0000400a28c09f840001e
:1099d4002528e000090040102580400004002012e2
:1099e4002530400225282002a9fd400f25204000f3
:1099f400252800027eea400f25206002251000027f
:109a04002400bf8f2000b38f1c00b28f1800b18fc9
:0c9a14001400b08f0800e0032800bd27fc
:020000040000fa
:020000041d03da
:109a20000800e003000000002518e003029d043c4c
:109a3000d4ff842416008010000000000000858cf4
:109a40001300a010040084240000868c04008424e9
:109a500000008b8404008424029d0c3cc8968c2555
:109a600080580b0021606c0100008c8d09f880018a
:109a7000000000002520400003008424fcff062491
:109a80002420c4000000858cecffa014000000001e
:0c9a900025f860000800e0030000000062
:020000040000fa
:020000041d03da
:109a9c0020000524000082800a004510f7ff4324b3
:109aac000500632c070060142b00032407004310ef
:109abc002d00032407004314252800000400001087
:109acc0001000524f3ff0010010084242528000068
:109adc000100842425100000030000100a00072454
:109aec00010084242310430000008380d0ff6324f2
:109afc000a00662cfaffc054021047700100a050f7
:0c9b0c00231002000800e003000000002d
:020000040000fa
:020000041d03da
:109b1800e8ffbd271400bfaf1000b0af258080005c
:109b28000800828c1400438c0000638c0a00469461
:109b380025288000049d043c09f86000c4b18424f1
:109b480009004014010003243c0000ae0400022474
:109b58001a0002a61c0002a61400bf8f1000b08fc6
:109b68000800e0031800bd27fbff43100200032490
:109b78001c0000a61a0000a6180000a6020003a6f2
:089b8800f5ff00101e0002a60b
:020000040000fa
:020000041d03da
:109b9000e8ffbd271400bfaf1000b0afddf1400fec
:109ba000258080000c0040101400bf8f3400029606
:109bb000080042300b004014020002241c0000a6e2
:109bc0001a0000a6180000a6020002a6f7ff022451
:109bd0001e0002a61400bf8f1000b08f0800e00323
:109be0001800bd27001206242528000047e8400f72
:109bf00025200002f7ff4010020002241a0002a6ee
:089c0000f4ff00101c0000a697
:020000040000fa
:020000041d03da
:109c0800e0ffbd271c00bfaf1800b1af1400b0af14
:109c18001100a0102580c0002588a00019e1400f80
:109c2800010005240d004050ffff0224100000161b
:109c3800080051acbdf7400f0400448c2580200279
:109c4800251000021c00bf8f1800b18f1400b08fc0
:109c58000800e0032000bd27fdff0224f9ff0052a1
:109c680025100002000002aef5ff0010258000005c
:089c7800f0ff0010000000ae37
:020000040000fa
:020000041d03da
:109c8000e0ffbd271c00bfaf1800b2af1400b1af9a
:109c90001000b0af258080002590a0002bf6400f6b
:109ca00025200000258840003bfd400f25200002b4
:109cb00007004010258000007800438c05007214d6
:109cc00025282002780040ac760040a40100102432
:109cd00025282002acf7400f2520000025100002a7
:109ce0001c00bf8f1800b28f1400b18f1000b08f0e
:089cf0000800e0032000bd277d
:020000040000fa
:020000041d03da
:109cf800e0ffbd271c00bfaf1800b2af1400b1af22
:109d08001000b0af258080002590a0002bf6400ff2
:109d1800252000002588400046fd400f2520000230
:109d280007004010258000004c00438c0500721489
:109d3800252820024c0040ac5a0040a40100102401
:109d480025282002acf7400f25200000251000022e
:109d58001c00bf8f1800b28f1400b18f1000b08f95
:089d68000800e0032000bd2704
:020000040000fa
:020000041d03da
:109d70001b00c01000000000e0ffbd271c00bfafab
:109d80001800b2af1400b1af1000b0af2590a00022
:109d90002588c000b4fd400f2520c0004100442ca0
:109da000400003240b18440025806000253060002b
:109db00025282002a9fd400f2000448e2000428e5d
:109dc00021105000000040a01c00bf8f1800b28f6f
:109dd0001400b18f1000b08f0800e0032000bd27f1
:089de0000800e0030000000090
:020000040000fa
:020000041d03da
:109de800e0ffbd271c00bfaf1800b2af1400b1af31
:109df8004400410f1000b0af2588400001a0103c7e
:109e0800188d10260400028e1800428c09f84000b4
:109e1800000000001000038e231843002800048e61
:109e28002c00058e219064002b18430221806500c8
:109e38004b00410f25202002251040022518000262
:109e48001c00bf8f1800b28f1400b18f1000b08fa4
:089e58000800e0032000bd2713
:020000040000fa
:020000041d03da
:109e6000e0ffbd271c00bfaf1800b1af1400b0afba
:109e7000eaea400f25808000110040100100112403
:109e80004de4400f252000020b00401025804000cb
:109e9000010042900400401000000000c1de400fad
:109ea00025200002010000a2180000a2190000a253
:109eb000000000a22588000061f6400f00000000ad
:109ec000251020021c00bf8f1800b18f1400b08f26
:089ed0000800e0032000bd279b
:020000040000fa
:020000041d03da
:109ed800e0ffbd271c00bfaf1800b1af1400b0af42
:109ee800258880002580a0002528800031fb400fb0
:109ef800252000020a004010252840000100062401
:109f08000bf5400f25200002252040001000428c50
:109f1800000040ac6400028e09f840000000000018
:109f28005c00028e2528200209f840005400048ea7
:109f38001c00bf8f1800b18f1400b08f0800e00319
:049f48002000bd2711
:020000040000fa
:020000041d03da
:109f4c00e8ffbd271400bfaf1000b0af2580800024
:109f5c000800828c1400438c0400638c1000468c27
:109f6c0025288000049d043c09f86000c4b18424b9
:109f7c000a004104020003241c0000a61a0000a6db
:109f8c00180000a6020003a61e0002a61400bf8f34
:109f9c001000b08f0800e0031800bd27fbff401431
:109fac00040002241a0002a605000224f7ff001088
:049fbc001c0002a6dd
:020000040000fa
:020000041d03da
:109fc000e8ffbd271400bfaf1000b0af25808000b0
:109fd00001000224300082a0320085a40300022484
:109fe000310082a00800828c02004294cec2400f51
:109ff000360082a40d004104030042381c0000a674
:10a000001a0000a6180000a602000224020002a600
:10a01000f4ff02241e0002a6251000001400bf8fca
:10a020001000b08f0800e0031800bd27fbff0010f0
:04a030002b100200ef
:020000040000fa
:020000041d03da
:10a03400e8ffbd271400bfaf1000b0afddf1400f43
:10a04400258080000c0040101400bf8f340002965d
:10a054000010422c0b00401409000524f0e7400fc7
:10a064002520000203004010030002241a0002a667
:10a074001c0000a61400bf8f1000b08f0800e0037e
:10a084001800bd2706000524f0e7400f2520000234
:10a09400f8ff4010050002241a0002a6f5ff001084
:04a0a4001c0000a6f6
:020000040000fa
:020000041d03da
:10a0a800e8ffbd271400bfaf1000b0afddf1400fcf
:10a0b800258080000c0040101400bf8f34000296e9
:10a0c800001042300b004014020002241c0000a6bd
:10a0d8001a0000a6180000a6020002a6f8ff022433
:10a0e8001e0002a61400bf8f1000b08f0800e00306
:10a0f8001800bd2725280000f0e7400f25200002a2
:10a10800f8ff4010020002241a0002a6f5ff001012
:04a118001c0000a681
:020000040000fa
:020000041d03da
:10a11c00e8ffbd271400bfaf1000b0af2580800052
:10a12c0001000224300082a0320085a4310082a0fc
:10a13c00340086a40800828c02004294cec2400fe8
:10a14c00360082a40d004104030042381c0000a616
:10a15c001a0000a6180000a602000224020002a6a3
:10a16c00f4ff02241e0002a6251000001400bf8f6d
:10a17c001000b08f0800e0031800bd27fbff001093
:04a18c002b10020092
:020000040000fa
:020000041d03da
:10a19000e8ffbd271400bfaf1000b0afddf1400fe6
:10a1a00025808000140040101400bf8f34000496f6
:10a1b0004a000296002045300200a010fffd8330c7
:10a1c000000283340010423002004010fffe66306f
:10a1d000000166340900052447e8400f25200002ed
:10a1e00004004010040002241a0002a60800022401
:10a1f0001c0002a61400bf8f1000b08f0800e003ff
:04a200001800bd275e
:020000040000fa
:020000041d03da
:10a20400e0ffbd271c00bfaf1800b2af1400b1af10
:10a214001000b0af1000a010f9ff10242590a0008a
:10a2240019e1400f010005240b004010ffff10242a
:10a234000400518c25284002aac5400f1000248e2a
:10a24400258040000400229602004234040022a625
:10a25400bdf7400f25202002251000021c00bf8fef
:10a264001800b28f1400b18f1000b08f0800e00303
:04a274002000bd27e2
:020000040000fa
:020000041d03da
:10a278001000a0102510a0000f00a490feff83245a
:10a28800ff0063300200632c0a00605025100000b4
:10a298000e00a3900600632c08006010020003243f
:10a2a8000e008310000000006080838ffeff6014a2
:10a2b800000000000800e003000000000300032481
:10a2c80006008310000000006080838ffeff60148a
:10a2d800000000000800e003000000000800e003a0
:04a2e8000000000072
:020000040000fa
:020000041d03da
:10a2ec00e8ffbd271400bfaf1000b0af8400878c0f
:10a2fc000004023c2438e2000400e01025808000b9
:10a30c004400838c0f006014010002242b380700da
:10a31c00400006263c000526a9da400f4400048eb6
:10a32c0025184000440002ae060060102510000005
:10a33c008400028e0100032484d6627c840002ae69
:10a34c00010002241400bf8f1000b08f0800e0033e
:04a35c001800bd2701
:020000040000fa
:020000041d03da
:10a36000e8ffbd271400bfaf1000b0af258080000c
:10a37000c69c400f00008494000002a6c69c400fbb
:10a3800002000496020002a6c39c400f0400048e43
:10a39000040002aec39c400f0800048e080002ae09
:10a3a000c69c400f0e0004960e0002a6c69c400fed
:10a3b00010000496100002a6c69c400f12000496de
:10a3c000120002a61400bf8f1000b08f0800e00337
:04a3d0001800bd278d
:020000040000fa
:020000041d03da
:10a3d400e8ffbd271400bfaf3bfd400f1000b0af36
:10a3e4002580400013000012251000008400028e16
:10a3f4004005427c0a004014010003248400028ebc
:10a4040004c6627c840002ae010005243db8400ffe
:10a4140025200002251840000600601001000224d7
:10a42400253000000100052479d4400f25200002c6
:10a43400010002241400bf8f1000b08f0800e00355
:04a444001800bd2718
:020000040000fa
:020000041d03da
:10a44800251080002520e000000043948439037c17
:10a45800251865000800c010000043a40300c38845
:10a468000000c398100043ac0400c390140043a03c
:10a478000500c390150043a001a0033c548c638cd5
:10a488000c0043ac0100032408008010160043a40c
:10a49800e8ffbd271400bfaf7eea400f0400452443
:10a4a8001400bf8f0800e0031800bd270800e00370
:04a4b80000000000a0
:020000040000fa
:020000041d03da
:10a4bc00e0ffbd271c00bfaf1800b2af1400b1af56
:10a4cc001000b0af1000801025800000258880009f
:10a4dc0048009224ffff052471f8400f252040020c
:10a4ec002400228e06004010000000000400438c63
:10a4fc002b2003020000428cfcff40140b806400f4
:10a50c00bdf7400f25204002c01010001c00bf8f6b
:10a51c001800b28f1400b18f1000b08f0800e00348
:04a52c002000bd2727
:020000040000fa
:020000041d03da
:10a53000d8ffbd272400bfaf2000b3af1c00b2afcf
:10a540001800b1af1400b0af100082900d004010a1
:10a5500025880000258080002590a0000c00932411
:10a56000ffff052471f8400f2520600225284002d6
:10a57000d9e9400f2520000225884000bdf7400f93
:10a5800025206002251020022400bf8f2000b38ff9
:10a590001c00b28f1800b18f1400b08f0800e003c8
:04a5a0002800bd27ab
:020000040000fa
:020000041d01dc
:10919000e0ffbd271c00bfaf1800b1af1400b0af97
:1091a000258880002580a0002528800031fb400f05
:1091b0002520000209004010252840000200062456
:1091c0000bf5400f252000026800038e4010062496
:1091d000feff052409f86000252040005c00028e97
:1091e0002528200209f840005400048e1c00bf8f7f
:1091f0001800b18f1400b08f0800e0032000bd27d5
:020000040000fa
:020000041d03da
:10a5a400e0ffbd271c00bfaf1800b2af1400b1af6d
:10a5b4001000b0af258080002588a0002590c00041
:10a5c4000000048e0400028e0a0082540000828c73
:10a5d400000000ae08008014040000ae1c00bf8f11
:10a5e4001800b28f1400b18f1000b08f0800e00380
:10a5f4002000bd27000002aef2ff20520000048eae
:10a6040009f8200225284002eeff00100000048e05
:020000040000fa
:020000041d03da
:10a614001600849003000324170083100100022411
:10a62400e8ffbd271400bfaf6880828f0e0040147e
:10a6340025300000039d053cf4c0a5240be4400f25
:10a644000600042407004014648082af30fd400fec
:10a6540000000000251000001400bf8f0800e00374
:10a664001800bd276880828f01004224688082af71
:10a67400f9ff0010010002240800e00300000000bc
:020000040000fa
:020000041d03da
:10a68400e0ffbd271c00bfaf1800b2af1400b1af8c
:10a694001000b0af258880002590a0002bf6400f55
:10a6a400252000000c00308e0800001225284000f0
:10a6b4002000028e08004230040040100000000018
:10a6c40002004012258000000c0020aeacf7400fc1
:10a6d40025200000251000021c00bf8f1800b28f37
:10a6e4001400b18f1000b08f0800e0032000bd27d4
:020000040000fa
:020000041d03da
:10a6f400e8ffbd271400bfaf1000b0af07f2400f52
:10a70400258080003c00028e448c027c3c0002ae1a
:10a7140046f7400f252000022c00048e0300801011
:10a7240009000624c2fa400fefff05241200038635
:10a7340080180300a880828f21104300000040ace1
:10a74400a080848f0c00828c09f840002528000228
:10a754001400bf8f1000b08f0800e0031800bd275d
:020000040000fa
:020000041d03da
:10a76400e8ffbd271400bfaf1000b0af0000828c1b
:10a77400080045142580a000a2f9400f0000000045
:10a78400251000021400bf8f1000b08f0800e003f2
:10a794001800bd27fcff40101400bf8f0000438c3d
:10a7a400fcff7054251060000000038e000043acd1
:10a7b4000400838c01007050040082ac0800828c79
:10a7c400ffff4224080082aceeff001025100002b7
:020000040000fa
:020000041d03da
:10a7d400e8ffbd27050080101400bfafb3fc400f95
:10a7e4002881848f140040141400bf8f01a0023c00
:10a7f400e48d43940f006010251000002c81828f9b
:10a8040025200000420045944000a5300600a050d9
:10a8140001008424640045900100a5300600a014c2
:10a824001400bf8f01008424f6ff831470004224b7
:10a83400251000001400bf8f0800e0031800bd2796
:020000040000fa
:020000041d03da
:10a8440001a0023c4c8d428c0b00405001a0023c04
:10a854000900805001a0023c0c00438c2b186400ba
:10a864000a006014000000000c00438c23186400ec
:10a874000c0043ac01a0023c188d42241400438c0c
:10a88400100043ac0800e003000000000c00438cff
:10a894000c0040ac1c00428cf6ff401023208300c7
:10a8a400edff801400000000f3ff001001a0023c43
:020000040000fa
:020000041d03da
:10a8b40018008010f2ff02240800838c01a0023cdf
:10a8c4000c8b422410006250020085840800e003cf
:10a8d400f2ff02240f00c010f4ff0224280086ac0b
:10a8e400200087a402000224180082a41c0080a473
:10a8f4001a0080a401000224020082a41e0082a483
:10a904000800e0030100022402000324f1ffa31065
:0ca91400f3ff02240800e0030000000034
:020000040000fa
:020000041d03da
:10a920000000828c0800451400000000e8ffbd27ed
:10a930001400bfaf6efa400f000000001400bf8f7c
:10a940000800e0031800bd270e00401000000000c2
:10a950000000438cfcff6554251060000000a38cb0
:10a96000000043ac0400838c01006550040082acfd
:10a970000800828cffff4224080082ac0800e0033c
:0ca980002510a0000800e003000000000b
:020000040000fa
:020000041d03da
:10a98c000b00a010240085ac3c00828c0800400415
:10a99c00000000005d008290020042300400401470
:10a9ac00000000003c00828cc418027c3c0082ac8d
:10a9bc000c00c010251000005c00859001000324e1
:10a9cc000800a314000000000000c28c180082ac28
:10a9dc003c00828c60004234c439027c3c0082ac66
:0ca9ec00010002240800e003000000004d
:020000040000fa
:020000041d03da
:10a9f800100082901700401000000000e0ffbd2703
:10aa08001c00bfaf1800b2af1400b1af1000b0af58
:10aa1800258080002588a0000c009224ffff0524d3
:10aa280071f8400f2520400225282002f3fd400f31
:10aa380025200002bdf7400f252040021c00bf8fd3
:10aa48001800b28f1400b18f1000b08f0800e00317
:0caa58002000bd270800e0030000000003
:020000040000fa
:020000041d03da
:10aa64002881828f0400401001a0033c1500441487
:10aa740000000000288180afe48d6394030060141b
:10aa84002c81828f0d00001025100000252000006d
:10aa9400420045944000a5300600a0542881838fcd
:10aaa40001008424faff831470004224251000005e
:10aab4002881838f03006014000000000800e00375
:0caac400288182af0800e00300000000c1
:020000040000fa
:020000041d03da
:10aad000e0ffbd271c00bfaf1800b1af1400b0af3e
:10aae0002588a0002510c0002530e0004004e57c4a
:10aaf00014001024280003240b806500211022027a
:10ab0000211002029ac9400fffff45300700401094
:10ab10001c00bf8f060020121800b18f1800438c54
:10ab2000211870001c0043ac1c00bf8f1800b18faf
:0cab30001400b08f0800e0032000bd27d7
:020000040000fa
:020000041d03da
:10ab3c00e8ffbd271400bfaf88bf023c7010428ce9
:10ab4c0088bf033c4010638c00026330050060102a
:10ab5c00000242300400401088bf023cb496400f03
:10ab6c000000000088bf023c7010428c88bf033c80
:10ab7c004010638c00046330050060100004423008
:10ab8c00040040101400bf8f95b8400f0000000067
:0cab9c001400bf8f0800e0031800bd2764
:020000040000fa
:020000041d03da
:10aba80001a0023c488d4390160060140100022465
:10abb800e8ffbd271400bfaf1000b0afffff0524aa
:10abc80001a0043c81f8400f508d842425204000ca
:10abd80001000324070083142510000001a0103c85
:10abe800188d102603f1400f0800048e310002a2d0
:10abf800010002241400bf8f1000b08f0800e0038a
:0cac08001800bd270800e0030000000059
:020000040000fa
:020000041d03da
:10ac140080bf023c000640ac80bf023c0006449466
:10ac2400010003240429647c000644a480bf043c7e
:10ac34000f270524200685ac88bf043ca010858c12
:10ac44008420657ca01085ac88bf043c3010858cc2
:10ac54000421057c301085ac88bf043c6010858cd1
:10ac64000421657c601085ac00064494c47b647c3c
:0cac7400000644a40800e00300000000fb
:020000040000fa
:020000041d03da
:10ac8000200003240b20a5000b180500022c040053
:10ac90000400a0140212050010006334252880006f
:10aca000021205000400401402210200080063346f
:10acb0002510a0000221020004008054821004002c
:10acc0000400633425204000821004000400405436
:10acd000421002000200633425108000421002007e
:0cace000010042380800e003251043008a
:020000040000fa
:020000041d03da
:10acec00d8ffbd272400bfaf2000b1af1c00b0af10
:10acfc002588800004000224aff2400f1000a2a3ac
:10ad0c00253800002530000001000524b391400fc8
:10ad1c001000a427040040102580000026ec400ff2
:10ad2c000000000025804000c3f2400f25202002c7
:10ad3c00010002322400bf8f2000b18f1c00b08fa5
:08ad4c000800e0032800bd2708
:020000040000fa
:020000041d03da
:10ad540017008010f2ff02240800838c01a0023c3b
:10ad64000c8b42240f006250020085840800e0032b
:10ad7400f2ff02240e00c010f4ff0224280086ac67
:10ad840004000224180082a41c0080a41a0080a4d9
:10ad940001000224020082a41e0082a40800e00331
:10ada4000100022402000324f2ffa310f3ff022493
:08adb4000800e00300000000ac
:020000040000fa
:020000041d03da
:10adbc00e8ffbd271400bfaf1000b0afddf1400fae
:10adcc0025808000110040101400bf8f2800048ed5
:10addc00080080501c0000a6340002968000437cc2
:10adec00100042300100405404006334000083ac76
:10adfc001c0000a61a0000a6180000a602000224df
:10ae0c00020002a61e0000a61400bf8f1000b08f17
:08ae1c000800e0031800bd2747
:020000040000fa
:020000041d03da
:10ae2400e8ffbd271400bfaf3df0400f1000b0afe6
:10ae3400110040102580400014004294040040504a
:10ae4400240002963fa9400f140004262400029611
:10ae540003004010000000003fa9400f2400042616
:10ae6400cbfc400f25200002a80006242528000062
:10ae740061fe400f252000021400bf8f1000b08f28
:08ae84000800e0031800bd27df
:020000040000fa
:020000041d03da
:10ae8c002518a0002528e0000200072414008710d4
:10ae9c00ffff0224e8ffbd271400bfaf2538c00018
:10aeac002530600025a6400f01000424ffff032479
:10aebc000800431080200200a880838f21186400b2
:10aecc000000638c3c00648c01000524448ca47c41
:10aedc003c0064ac1400bf8f0800e0031800bd27d1
:08aeec000800e0030000000073
:020000040000fa
:020000041d03da
:10aef400e0ffbd271c00bfaf1800b2af1400b1af14
:10af04001000b0afdff7400f258880002580400097
:10af140054003296ffff5226dafe400f029042722e
:10af2400408010001b005000f401000210100000cb
:10af34002110520073f6400f000022ae040022ae2e
:10af44001c00bf8f1800b28f1400b18f1000b08f97
:08af54000800e0032000bd2706
:020000040000fa
:020000041d03da
:10af5c00e0ffbd271c00bfaf1800b2af1400b1afab
:10af6c001000b0af258080002588a0002590c0007f
:10af7c002bf6400f2520000008000396251823020d
:10af8c00080003a625284000acf7400f2520000040
:10af9c00253040022528200251f8400f25200002c0
:10afac001c00bf8f1800b28f1400b18f1000b08f2f
:08afbc000800e0032000bd279e
:020000040000fa
:020000041d03da
:10afc400e0ffbd271c00bfaf1800b2af1400b1af43
:10afd4001000b0af259080002588a000bbf6400f7c
:10afe4002580c0000600401425184000bbf6400f21
:10aff400feff042425184000050060107cff022495
:10b00400000072ac040071ac080070ac25100000a4
:10b014001c00bf8f1800b28f1400b18f1000b08fc6
:08b024000800e0032000bd2735
:020000040000fa
:020000041d03da
:10b03000000000000000f03f000000000000e03fc2
:10b040000000000000005043000000000000b03f7e
:10b05000000000000000204000000000000024402c
:10b060000000000000001440000000000000e04369
:10b07000000000000000e0c3000000f0ffff1f34ec
:10b08000000000000000f007000000000000e07f6a
:08b09000000000000000600355
:020000040000fa
:020000041d03da
:10b09800e0ffbd271c00bfaf1800b1aff264400f3e
:10b0a8001400b0af258840000600103c801a102616
:10b0b80039fe400f00000000060040140100022481
:10b0c8001c00bf8f1800b18f1400b08f0800e00378
:10b0d8002000bd27f264400f000000002318510033
:10b0e8002b187000f2ff601425100000f5ff001007
:04b0f8001c00bf8fea
:020000040000fa
:020000041d03da
:10b0fc0001a0023c0c8b42241100445001a0023ce4
:10b10c000800e00300000000e8ffbd271400bfaffb
:10b11c00488b429480100200049d033cf8ff63248a
:10b12c00211043000000428c01a0043c09f84000af
:10b13c00308b84241400bf8f0800e0031800bd2757
:10b14c00308b4290f0ff405401a0023c0800e00319
:04b15c0000000000ef
:020000040000fa
:020000041d03da
:10b16000e8ffbd271400bfaf1000b0af25808000fe
:10b170000800838c1000628c06004430010080506f
:10b180000400423438004430010080502000423432
:10b19000100062ac01000524f0e7400f25200002fa
:10b1a00004004010040002241a0002a60100022438
:10b1b0001c0002a61400bf8f1000b08f0800e0032f
:04b1c0001800bd278f
:020000040000fa
:020000041d03da
:10b1c400542d039da0e8039dccef039dccfb039d70
:10b1d400fcb0039d38f1029d20c7039d10f4039d2c
:10b1e400e4f3039dbcd4039d04d5039d7006039d25
:10b1f400a8bc039da4b5039d44b5039d54ad039d14
:10b20400b4a8039de4b4039d90dc039d9cef039dcf
:10b21400f44d039d2049039ddcff039decfb039d3e
:04b22400fcef039d9b
:020000040000fa
:020000041d03da
:10b228000400a38c0900632814006014ffff0224a3
:10b238000000a28c3d000324000043a00700032463
:10b24800010043a00100032402008010020043a073
:10b258003c0084240300452403008388000083986d
:10b26800060043a8030043b8040082900400a2a08b
:10b27800050082900500a2a0090002240800e0034e
:04b2880000000000c2
:020000040000fa
:020000041d03da
:10b28c001000829015004010ffff0524e0ffbd2741
:10b29c001c00bfaf1800b1af1400b0af2580800008
:10b2ac000c00912471f8400f25202002a2f9400fc8
:10b2bc0025200002fdff401400000000cbfc400fd5
:10b2cc0025202002100000a21c00bf8f1800b18f97
:10b2dc001400b08f0800e0032000bd270800e00335
:04b2ec00000000005e
:020000040000fa
:020000041d03da
:10b2f000e0ffbd271c00bfaf1800b2af1400b1af14
:10b300001000b0af100082900b00401025880000a4
:10b31000258080000c009224ffff052471f8400f67
:10b3200025204002a2f9400f252000022588400078
:10b33000bdf7400f25204002251020021c00bf8fc2
:10b340001800b28f1400b18f1000b08f0800e00316
:04b350002000bd27f5
:020000040000fa
:020000041d03da
:10b35400e0ffbd271c00bfaf1800b1af1400b0afb1
:10b36400258080002bf6400f252000002588400012
:10b3740040181000211870008018030001a0043c3c
:10b384007c8a8424a2f9400f212083002580400078
:10b3940025282002acf7400f2520000025100002cc
:10b3a4001c00bf8f1800b18f1400b08f0800e00399
:04b3b4002000bd2791
:020000040000fa
:020000041d03da
:10b3b800f8ffbd270400bfaf006802400008033c47
:10b3c8002510430000688240c000000001000324eb
:10b3d80088bf023c641043ac25100000004882403e
:10b3e800c0000000ffff022400588240c000000097
:10b3f80000680240c4de027c00688240c000000091
:10b4080088bf023c681043ac0400bf8f0800e0030b
:04b418000800bd2744
:020000040000fa
:020000041d03da
:10b41c0081bf023c01c70334689043ac000702248f
:10b42c0088bf033c786062ac88bf033c606062ac50
:10b43c0088bf033c446062ac88bf023c100003240c
:10b44c00f86043ac8000022488bf033c386162acd6
:10b45c0088bf033c206162ac88bf033c046162acd2
:10b46c0088bf023c00200324e86143ac0800e003e1
:04b47c0000000000cc
:020000040000fa
:020000041d03da
:10b48000080000100100a524ffffa280ffffc724d1
:10b4900009004010ffff62a02530e0002520600079
:10b4a0000100a524f8ffc0140100832425108000aa
:10b4b0000800e003000000000800e01021108600f2
:10b4c00001006324feff6214ffff60a0f8ff8010fc
:10b4d000000000000800e00325108000fbff0010c2
:04b4e00025106000d3
:020000040000fa
:020000041d03da
:10b4e40015008010f2ff02240800838c01a0023ca6
:10b4f4000c8b42240d006250020086840800e00395
:10b50400f2ff0224280085ac06000224180082a45d
:10b514001c0080a41a0080a401000224020082a45a
:10b524001e0082a40800e003010002240200032498
:10b53400f4ffc310f3ff02240800e003000000003e
:020000040000fa
:020000041d03da
:10b5440015008010f2ff02240800838c01a0023c45
:10b554000c8b42240d006250020085840800e00335
:10b56400f2ff0224280086ac03000224180082a4ff
:10b574001c0080a41a0080a401000224020082a4fa
:10b584001e0082a40800e003010002240200032438
:10b59400f4ffa310f3ff02240800e00300000000fe
:020000040000fa
:020000041d03da
:10b5a40015008010f2ff02240800838c01a0023ce5
:10b5b4000c8b42240a006250c0bf023c0800e00326
:10b5c400f2ff02240100423800110200010063244a
:10b5d400251043000000a2ac0800e0032510000081
:10b5e400f02f438c0006637cf02f428cf5ffa014ef
:10b5f4004006427c251000000800e0030000000023
:020000040000fa
:020000041d03da
:10b60400e0ffbd271c00bfaf1800b2af1400b1affc
:10b614001000b0af258080002bf6400f25200000dd
:10b6240025904000a2f9400f4000042625884000e0
:10b6340025284002acf7400f2520000025282002d1
:10b6440063e0400f252000021c00bf8f1800b28f5a
:10b654001400b18f1000b08f0800e0032000bd2754
:020000040000fa
:020000041d03da
:10b66400e0ffbd271c00bfaf1800b1af1400b0af9e
:10b67400258080002588a0000000a294400043306b
:10b68400050060140400842480004230020040104d
:10b694002c000426180004264ce9400f040025263b
:10b6a400252820026bfc400f0000048e1c00bf8f75
:10b6b4001800b18f1400b08f0800e0032000bd27ec
:020000040000fa
:020000041d03da
:10b6c400e8ffbd271400bfaf0400848c2c00858cd8
:10b6d4001100a01001a0033c408c63241400628c70
:10b6e4000800a58c231045003800638c2b10430000
:10b6f40002004054180084242c008424bcec400f25
:10b704000000000001004054fcff42241400bf8fdd
:10b714000800e0031800bd27f8ff00101800842477
:020000040000fa
:020000041d03da
:10b724000400a38c0600632813006014ffff0224a6
:10b734000000a38c010065900400a52c0e00a01449
:10b7440000000000600082900400423008004014b1
:10b754000100052405006288020062983b0082a86b
:10b76400380082b8640082904408a27c640082a0fd
:10b7740001006290020042240800e003000000007f
:020000040000fa
:020000041d03da
:10b784000400a38c0600632813006014ffff022446
:10b794000000a38c01006690040005240e00c5146b
:10b7a40000000000600085900400a5300a00a01489
:10b7b4000600022405006288020062983f0082a805
:10b7c4003c0082b864008290010003248410627cef
:10b7d400640082a0060002240800e00300000000c8
:020000040000fa
:020000041d03da
:10b7e400e8ffbd271400bfaf1000b0afe080828f28
:10b7f4000f0040102580800001000624010005246c
:10b804005aca400f1000848c1600039202000224ce
:10b8140007006214e080828fffff4224040040147a
:10b82400e08082affbd5400f00000000d08080afe5
:10b834001400bf8f1000b08f0800e0031800bd276c
:020000040000fa
:020000041d03da
:10b84400e8ffbd271400bfaf1000b0af2580800013
:10b8540024008484ffff0224060082500c00048e1e
:10b8640073f4400f00000000ffff0224240002a62e
:10b874000c00048e0400801000000000bffc400f88
:10b88400000000000c0000ae9bd7400f25200002f2
:10b894001400bf8f1000b08f0800e0031800bd270c
:020000040000fa
:020000041d03da
:10b8a4001000829014004010ffff0524e0ffbd2724
:10b8b4001c00bfaf1800b1af1400b0af25808000ea
:10b8c4000c00912471f8400f25202002a2f9400faa
:10b8d40025200002fdff401400000000bdf7400fca
:10b8e400252020021c00bf8f1800b18f1400b08fd8
:10b8f4000800e0032000bd270800e003000000006a
:020000040000fa
:020000041d03da
:10b90400f8ffbd270400bfaf7081828f1200405042
:10b914000400bf8f8c81828f4400428c0e00401043
:10b924000400bf8f8c81838f4400628cffff42240c
:10b93400440062ac8c81828f4400428c0600401427
:10b944000400bf8f00600240847a027c0060824061
:10b95400c00000000400bf8f0800e0030800bd27fa
:020000040000fa
:020000041d03da
:10b964000e00801001a0063c148dc28c1200401001
:10b97400f0ff8724f0ff838c0000458c2140830076
:10b98400080048141000a5241000428c21186500fa
:10b99400000082acf0ff83ac148dc7ac0800e00358
:10b9a40000000000214045000300e8142118650050
:10b9b4000800e003000043acf7ff0010000082ac75
:020000040000fa
:020000041d03da
:10b9c400e0ffbd271800b1af1000918c1c00bfaf81
:10b9d4002b10d1000b88c2000c0020121400b0af51
:10b9e400258080001400848ca9fd400f253020029e
:10b9f4001400028e1000038e2110510023187100d0
:10ba0400140002ae100003ae000040a01c00bf8f63
:10ba14001800b18f1400b08f0800e0032000bd2788
:020000040000fa
:020000041d03da
:10ba24001c0082940b00432c0c006010049d033c0a
:10ba3400e8ffbd271400bfaf801002003cf463246c
:10ba4400211043000000428c09f84000000000006f
:10ba54001400bf8f0800e0031800bd271c0080a459
:10ba64001a0080a4180080a402000224020082a408
:0cba7400f4ff02240800e0031e0082a47e
:020000040000fa
:020000041d03da
:10ba80001a0082940500432c090060148010020003
:10ba90001c0080a41a0080a4180080a402000224c4
:10baa000020082a4f4ff02240800e0031e0082a426
:10bab000e8ffbd271400bfaf029d033c88956324b7
:10bac000211043000000428c09f8400000000000f3
:0cbad0001400bf8f0800e0031800bd2721
:020000040000fa
:020000041d03da
:10badc001a0082940300432c0c006010049d033c5c
:10baec00e8ffbd271400bfaf8010020018056324c7
:10bafc00211043000000428c09f8400000000000b7
:10bb0c001400bf8f0800e0031800bd271c0080a4a0
:10bb1c001a0080a4180080a402000224020082a44f
:0cbb2c00f4ff02240800e0031e0082a4c5
:020000040000fa
:020000041d03da
:10bb38001a0082940600432c0c006010029d033cfe
:10bb4800e8ffbd271400bfaf80100200889263246d
:10bb5800211043000000428c09f84000000000005a
:10bb68001400bf8f0800e0031800bd271c0080a444
:10bb78001a0080a4180080a402000224020082a4f3
:0cbb8800f4ff02240800e0031e0082a469
:020000040000fa
:020000041d03da
:10bb94001a0082940800432c0c006010049d033c9e
:10bba400e8ffbd271400bfaf801002000cfc632423
:10bbb400211043000000428c09f8400000000000fe
:10bbc4001400bf8f0800e0031800bd271c0080a4e8
:10bbd4001a0080a4180080a402000224020082a497
:0cbbe400f4ff02240800e0031e0082a40d
:020000040000fa
:020000041d03da
:10bbf0001a0082940300432c0c006010049d033c47
:10bc0000e8ffbd271400bfaf801002000c056324bd
:10bc1000211043000000428c09f8400000000000a1
:10bc20001400bf8f0800e0031800bd271c0080a48b
:10bc30001a0080a4180080a402000224020082a43a
:0cbc4000f4ff02240800e0031e0082a4b0
:020000040000fa
:020000041d03da
:10bc4c001a0082940300432c0c006010049d033cea
:10bc5c00e8ffbd271400bfaf80100200000563246d
:10bc6c00211043000000428c09f840000000000045
:10bc7c001400bf8f0800e0031800bd271c0080a42f
:10bc8c001a0080a4180080a402000224020082a4de
:0cbc9c00f4ff02240800e0031e0082a454
:020000040000fa
:020000041d03da
:10bca80014008010f2ff02240800838c01a0023cdb
:10bcb8000c8b42240c006250020085840800e003cb
:10bcc800f2ff022405000224180082a41c0080a4ac
:10bcd8001a0080a401000224020082a41e0082a48b
:10bce8000800e0030100022402000324f5ffa3106a
:0cbcf800f3ff02240800e003000000003d
:020000040000fa
:020000041d03da
:10bd0400e0ffbd271c00bfaf1800b1af1400b0aff7
:10bd1400258080003d01410f2588a00025184000a2
:10bd24000900601425100000040020120000000027
:10bd340025fd400f25200002000022aece00410f59
:10bd440025200002010002241c00bf8f1800b18fbf
:0cbd54001400b08f0800e0032000bd27a1
:020000040000fa
:020000041d03da
:10bd60007000839003000224030062100800052481
:10bd700010006514251000000800858c0c00828cd2
:10bd80002b18a20009006054231045000400838c86
:10bd90000000848c23186400ffff63242328a20082
:10bda000231065000800e003ffff4230ffff42243c
:0cbdb000ffff42300800e003000000002c
:020000040000fa
:020000041d03da
:10bdbc00e8ffbd271400bfaf3bfd400f1000b0af34
:10bdcc00258040000d000012251000007000049228
:10bddc000b0003240a0083141400bf8f66e3400f8a
:10bdec0025200002251840000400600425100000e6
:10bdfc0001000224700002a2010002241400bf8f73
:0cbe0c001000b08f0800e0031800bd27f4
:020000040000fa
:020000041d03da
:10be1800e8ffbd271400bfaf46fd400f1000b0afcc
:10be2800258040000d000012251000003000028e11
:10be3800040040100000000036000296080040147c
:10be48001400bf8f81ed400f252000023000038ec3
:10be58000200601025100000360002961400bf8f03
:0cbe68001000b08f0800e0031800bd2798
:020000040000fa
:020000041d03da
:10be7400e0ffbd271c00bfaf1800b1af1400b0af86
:10be84000000b18c0c00201625100000b3fc400ffc
:10be94002580a000090040101c00bf8f420043947d
:10bea40000106330060060501800b18f2000038e2c
:10beb400c005637c0a1023021c00bf8f1800b18fd9
:0cbec4001400b08f0800e0032000bd2730
:020000040000fa
:020000041d03da
:10bed0001300a010212885001c81023cc59d42341e
:10bee000003e0200c0190200c03002002130c20032
:10bef000403006002118660021186200001202007e
:10bf0000211862002138e30001008424ffff8290a1
:10bf1000f3ffa414261047000800e003000000000f
:0cbf20001c81023c0800e003c59d423477
:020000040000fa
:020000041d03da
:10bf2c000c00828c13004010251800000000828c3d
:10bf3c00000045940100a5300800a0500800858c35
:10bf4c00000045940400057c000045a42400858c69
:10bf5c00ffffa524240085ac0800858c211045002a
:10bf6c00010063240c00858c2b286500f1ffa05484
:0cbf7c00000045940800e00300000000f5
:020000040000fa
:020000041d03da
:10bf8800e8ffbd271400bfaf0200022488bf033cae
:10bf9800341062ac88bf033c001c0424941064acc9
:10bfa80088bf033c00040424981064ac88bf033c99
:10bfb800641062ac88bf033c681062ac05eb400fac
:10bfc800000000008c81828f0000428c7f87400f28
:0cbfd800508182afbffe400f000000004f
:020000040000fa
:020000041d03da
:10bfe4000000a78cffff02240c00e2140800832445
:10bff4001000828c0400438c0400a3ac080065ace0
:10c004000800a2ac040045ac1000a4ac0000828c73
:10c01400010042240800e003000082ac2510600007
:10c024000400638c0000668c2b30e600fcffc050db
:0cc0340025106000f0ff00100400438c99
:020000040000fa
:020000041d03da
:10c04000e8ffbd271000b0af01a0103cc88d028ee4
:10c05000080040101400bfaf01a0033ca88d638c02
:10c060001400bf8f1000b08f231062000800e0039f
:10c070001800bd2710af400f0000000001a0033cd6
:10c08000c88d028ea88d638c1400bf8f1000b08ff6
:0cc09000231062000800e0031800bd2728
:020000040000fa
:020000041d03da
:10c09c00401001004c3c029dbc0e029db8cf039d8c
:10c0ac009897019d90ec039d94df029d74d4039da1
:10c0bc0068e8039d708a039d74fb029db897019def
:10c0cc00148d039d6875029db0fc029df8cf029df6
:10c0dc003897039d284d039de889039d0090019d91
:08c0ec00ac46039d8cfe039d90
:020000040000fa
:020000041d03da
:10c0f400e8ffbd271400bfaf1000b0af0b008010e5
:10c10400258000000800838c020002240c006214c5
:10c1140025808000040082940100423003004050d6
:10c124002580000071f8400fffff05242510000250
:10c134001400bf8f1000b08f0800e0031800bd2763
:08c14400faff00102580000045
:020000040000fa
:020000041d03da
:10c14c00e0ffbd271c00bfaf1800b1af1400b0afab
:10c15c002588a00019e1400f0100052408004010bb
:10c16c00ffff10240800438c03007114fdff102402
:10c17c00080040ac25800000bdf7400f0400448c43
:10c18c00251000021c00bf8f1800b18f1400b08f57
:08c19c000800e0032000bd27ac
:020000040000fa
:020000041d03da
:10c1a400e0ffbd271c00bfaf1800b2af1400b1af51
:10c1b4001000b0af258080002590c0002588e000e5
:10c1c400c600410fff00a530ff004532ca00410ff1
:10c1d4002520000225282002da00410f2520000234
:10c1e4001c00bf8f1800b28f1400b18f1000b08fe5
:08c1f4000800e0032000bd2754
:020000040000fa
:020000041d03da
:10c1fc00e0ffbd271c00bfaf1800b1af3bfd400fe7
:10c20c001400b0af0a0040102588000025804000c3
:10c21c0048f9400f252040000500401025884000bb
:10c22c001c00028e200002ae97dc400f252000027d
:10c23c00251020021c00bf8f1800b18f1400b08f86
:08c24c000800e0032000bd27fb
:020000040000fa
:020000041d03da
:10c25400e8ffbd271400bfaf46fd400f1000b0af8c
:10c26400258040000c000012251000003000028ed2
:10c27400040040545c00049281ed400f252000022c
:10c284005c000492010003240300831425100000c1
:10c294001400028e2b1002001400bf8f1000b08f08
:08c2a4000800e0031800bd27ab
:020000040000fa
:020000041d03da
:10c2ac001300a0102510000001a0023c488c428c09
:10c2bc000f00401010000724d8ffbd272400bfaf8b
:10c2cc001000a0af1400a5af1800a6af1c00a4afbf
:10c2dc001000a6272528400001a0043c69e6400f69
:10c2ec00608c84242400bf8f0800e0032800bd2745
:08c2fc000800e003000000004f
:020000040000fa
:020000041d03da
:10c30400e8ffbd271400bfaf1000b0af2580800048
:10c314002bf6400f252000001800038e040003ae06
:10c324001c00038e080003ae2000038e0c0003ae35
:10c3340025284000acf7400f25200000420002965b
:10c344000463027c420002a61400bf8f1000b08f69
:08c354000800e0031800bd27fa
:020000040000fa
:020000041d03da
:10c35c0013008010251000004200839440006330cd
:10c36c000f006010000000000000a68cffff0324eb
:10c37c000900c31001000224e8ffbd271400bfaf61
:10c38c00b1f9400f00000000010042301400bf8fd3
:10c39c000800e0031800bd270800e003010042304c
:08c3ac000800e003000000009e
:020000040000fa
:020000041d03da
:10c3b400e0ffbd271c00bfaf1800b1af1400b0af41
:10c3c400258880002520a0002580c0004ce9400f6e
:10c3d40025282002251840000600601025100000c2
:10c3e4000c00028e2528200209f8400025200002b6
:10c3f400010002241c00bf8f1800b18f1400b08ffd
:08c404000800e0032000bd2741
:020000040000fa
:020000041d03da
:10c40c00e0ffbd271c00bfaf1800b2af1400b1afe6
:10c41c001000b0af2588800000607241c0000000a1
:10c42c00a4fe400f00000000258040001bfe400fc2
:10c43c00252020022ffe400f01004432251000025f
:10c44c001c00bf8f1800b28f1400b18f1000b08f7a
:08c45c000800e0032000bd27e9
:020000040000fa
:020000041d03da
:10c464006800049dacba029d9001039df479029d7d
:10c47400a420029d54c2039d00000000000000009f
:10c484003430039d00000000ccd1039d5023039d54
:10c49400ac57029d000000005cdd039dcc79039d38
:10c4a400f89c039de4b5029d4c65039d18be039d55
:08c4b4001c8e039d0cf2039d98
:020000040000fa
:020000041d03da
:10c4bc004c00049dacba029d9001039df479029d41
:10c4cc00a420029d54c2039d000000000000000047
:10c4dc003430039d00000000ccd1039d5023039dfc
:10c4ec00ac57029d000000005cdd039dcc79039de0
:10c4fc00f89c039de4b5029d4c65039d18be039dfd
:08c50c001c8e039d0cf2039d3f
:020000040000fa
:020000041d03da
:10c514005ce5039d18f5029d7456039d80b7029d4a
:10c52400d094029dfcd6039db4d6039d4cf1039d8b
:10c53400f0e9039dbcbd039dd4a3039db438039dc2
:10c5440080d1039d383d039dfcc1039d3079039d3b
:10c55400809c039d10ca029dc46b029d7cf1039dc7
:08c5640098e5039ddcf1039d45
:020000040000fa
:020000041d03da
:10c56c00640c039d18f5029d7456039d80b7029dc3
:10c57c00d094029dfcd6039db4d6039d4cf1039d33
:10c58c00f0e9039dbcbd039dd4a3039db438039d6a
:10c59c0080d1039d383d039dfcc1039d3079039de3
:10c5ac00809c039d10ca029dc46b029d7cf1039d6f
:08c5bc0098e5039ddcf1039ded
:020000040000fa
:020000041d03da
:10c5c400e8ffbd271400bfaf1000b0af25308000d6
:10c5d4002528000057e2400f010004240900401000
:10c5e40025804000080040ac000040ac0c0040ac8a
:10c5f400253800002530000025280000b8a4400f8d
:10c6040025204000251000021400bf8f1000b08fb9
:08c614000800e0031800bd2737
:020000040000fa
:020000041d03da
:10c61c008200a22806004010830003248000a52875
:10c62c000600a0500000c28c0800e003251000009a
:10c63c000b00a314251000000000c28c070042243c
:10c64c000410027c080043240000c3ac0400438c9b
:10c65c000000428c040083ac000082ac0100022478
:08c66c000800e00300000000db
:020000040000fa
:020000041d03da
:10c67400029d063c25100000e894c62440180200e0
:10c6840021186600000067800300e0540000858cd8
:10c694000800e00301006290010042240000a88029
:10c6a40004000715ff0042300100a5240100629038
:10c6b400000085ac0b00432cf1ff6014401802000d
:08c6c4000800e0030000000083
:020000040000fa
:020000041d03da
:10c6cc00e8ffbd271400bfaf1000b0af258080007d
:10c6dc003c00828c4000428c25380000840086246b
:10c6ec002528000009f840000c00848c0700410448
:10c6fc0001000224c1f8400f252000021400bf8f56
:10c70c001000b08f0800e0031800bd27fbff0010dd
:04c71c00900002aed9
:020000040000fa
:020000041d03da
:10c720001200801001a0023ce8ffbd271400bfaf3b
:10c730001000b0af0800838c0c8b422407006214f9
:10c74000258080000c00828c1c00428c09f840007f
:10c750001000848c000000a2020000a61400bf8f0d
:10c760001000b08f0800e0031800bd270800e003a8
:04c7700000000000c5
:020000040000fa
:020000041d03da
:10c77400e8ffbd271400bfaf1000b0af41d7400f92
:10c78400258080000d004104020042381c0000a6f0
:10c794001a0000a6180000a602000224020002a645
:10c7a400f4ff02241e0002a6251000001400bf8f0f
:10c7b4001000b08f0800e0031800bd27fbff001035
:04c7c4002b10020034
:020000040000fa
:020000041d03da
:10c7c800e0ffbd271c00bfaf1800b1af1400b0af29
:10c7d800258080002588c000c600410fff00a530d5
:10c7e800ff002532ca00410f25200002ce00410f6c
:10c7f80025200002d200410f252000020400022457
:10c808001c00bf8f1800b18f1400b08f0800e00320
:04c818002000bd2718
:020000040000fa
:020000041d03da
:10c81c00e8ffbd271400bfaf1000b0af5c008390e1
:10c82c00010002240a00621425808000a1e9400f57
:10c83c0001000524070040500c0000ae2ce4400f12
:10c84c000c00048e56000296ffff4224560002a6ee
:10c85c000c0000ae1400bf8f1000b08f0800e00376
:04c86c001800bd27cc
:020000040000fa
:020000041d03da
:10c870002518000000a0023cd402422400a0063c7f
:10c88000fc02c624000047940a00e01400000000e7
:10c890000a18430004004224fbff4654000047945a
:10c8a0000600a0102510a0000000a3ac0800e003c3
:10c8b00025100000f8ffe454040042240800e003bf
:04c8c0000000000074
:020000040000fa
:020000041d03da
:10c8c400020000005843029d687a039d03000000a3
:10c8d4007cc2029dfcd9029d0600000014a6039da3
:10c8e400e4e4039d090000005800039dc09f029ddd
:10c8f4000a00000040b4029d30de029d0c000000de
:10c904002c7c029de4b7039d0f000000e03f029dd4
:04c91400a88f039d48
:020000040000fa
:020000041d03da
:10c91800e8ffbd271400bfaf1000b0af0b008010b8
:10c92800308180af258080000400828c09f84000a7
:10c938003800052405004010252840000c00028e10
:10c9480009f8400025200002308190af3081828fa5
:10c958002b1002001400bf8f1000b08f0800e003f6
:04c968001800bd27cf
:020000040000fa
:020000041d03da
:10c96c00f8ffbd270400bfafadde023cefbe423482
:10c97c00f8ff82ac3412023c78564224f4ff82acad
:10c98c0000680240f0ff82ac03000224ecff82ac92
:10c99c00e8ff85ac049d023cfcfa4224e4ff82ac27
:10c9ac00a8ff86ac6cff82240400bf8f0800e00354
:04c9bc000800bd278b
:020000040000fa
:020000041d03da
:10c9c000e8ffbd271400bfaffafa400f1000b0af68
:10c9d00038a1400f258040000500401000000000f5
:10c9e000006802400001423400688240c00000003c
:10c9f00000609040c000000088bf023c100003248b
:10ca0000341043ac1400bf8f1000b08f0800e00357
:04ca10001800bd2726
:020000040000fa
:020000041d03da
:10ca1400e8ffbd271400bfaf0a0080101000b0afbc
:10ca2400a265400f2580800025280000edb8400f46
:10ca340025200002afa5400f0000000006004014ae
:10ca44001400bf8f00680240000142340068824035
:10ca5400c00000001400bf8f1000b08f0800e00376
:04ca64001800bd27d2
:020000040000fa
:020000041d03da
:10ca68000000043ce8ffbd27000084240300801078
:10ca78001400bfaf09f880000000000000008430f7
:10ca88000000a530049d083c2cfe082509f800018b
:10ca9800000000000000023c000042240300401097
:10caa8000000000009f8400000000000f9ff001035
:04cab800000000007a
:020000040000fa
:020000041d03da
:10cabc00020002240d0082100300822c0e00401094
:10cacc00000000000500801488bf023c0001032414
:10cadc00646043ac0800e003000000000002032483
:10caec00646043ac0800e0030000000088bf023c17
:10cafc0000040324646043ac0800e0030000000061
:020000040000fa
:020000041d03da
:10cb0c00020002240d0082100300822c0e00401043
:10cb1c00000000000500801488bf023c00010324c3
:10cb2c00686043ac0800e00300000000000203242e
:10cb3c00686043ac0800e0030000000088bf023cc2
:10cb4c0000040324686043ac0800e003000000000c
:020000040000fa
:020000041d03da
:10cb5c00e8ffbd271400bfaf1000b0af2580a000c8
:10cb6c0002000624252880000bf5400f252000022a
:10cb7c006800038e401006240100052409f86000ab
:10cb8c00252040001001028e01004224100102ae4b
:10cb9c001400bf8f1000b08f0800e0031800bd27f1
:020000040000fa
:020000041d03da
:10cbac000019040000406330c2110400040042303c
:10cbbc002510430042190400080063302518620058
:10cbcc00801104004020423025104300c01804009e
:10cbdc00800363302518620080100400200042306e
:10cbec00251043004008847c0800e00325108200d7
:020000040000fa
:020000041d03da
:10cbfc008400828c000b427c080040500400828c24
:10cc0c00010042380100422c010042388400838c20
:10cc1c0044ef437c0800e003840083ac0000838c69
:10cc2c002310430066008594401805002118650008
:10cc3c00421803002b104300f3ff00100100423890
:020000040000fa
:020000041d03da
:10cc4c000400a38c030063280f006014ffff022470
:10cc5c000000a38c01006790010006240a00e61472
:10cc6c0000000000020063900800a3ac0200052441
:10cc7c0005006514030002246000839004006330f7
:10cc8c00ffff04240b1083000800e00300000000e9
:020000040000fa
:020000041d03da
:10cc9c000400a38c060063280f006014ffff02241d
:10ccac000000a38c01006690040004240a00c41444
:10ccbc0000000000020062901300a2a0030062902a
:10cccc001200a2a0040062901100a2a005006290c4
:10ccdc001000a2a0060002240800e00300000000df
:020000040000fa
:020000041d03da
:10ccec000400a38c060063280f006014ffff0224cd
:10ccfc000000a38c01006690040004240a00c414f4
:10cd0c0000000000020062901700a2a003006290d5
:10cd1c001600a2a0040062901500a2a0050062906b
:10cd2c001400a2a0060002240800e003000000008a
:020000040000fa
:020000041d03da
:10cd3c000400a38c060063280f006014ffff02247c
:10cd4c000000a38c01006690040004240a00c414a3
:10cd5c0000000000020062901b00a2a00300629081
:10cd6c001a00a2a0040062901900a2a00500629013
:10cd7c001800a2a0060002240800e0030000000036
:020000040000fa
:020000041d03da
:10cd8c00e0ffbd271c00bfaf1800b1af1400b0af5f
:10cd9c00258880002580a000b4fd400f2520a00030
:10cdac0025284000b4ef400f252000020c00238ef4
:10cdbc001b004300f4016000101000001c00bf8f2a
:10cdcc001800b18f1400b08f0800e0032000bd27bd
:020000040000fa
:020000041d03da
:10cddc0001a0023ce48d43940f006010251000006c
:10cdec002c81828f25280000420046944000c630da
:10cdfc000600c0500100a5240400478c0000868c5e
:10ce0c000500e610000000000100a524f6ffa314a5
:10ce1c0070004224251000000800e0030000000010
:020000040000fa
:020000041d03da
:10ce2c000000a58c0001033c7f0063240e00a310be
:10ce3c002510800001a0023ce48d43940a00601090
:10ce4c00251000002c81828f252000000400468cc8
:10ce5c000500a6100000000001008424fbff8314d1
:10ce6c0070004224251000000800e00300000000c0
:020000040000fa
:020000041d03da
:10ce7c00e0ffbd271c00bfaf1800b1af1400b0af6e
:10ce8c00258880002580a000bcec400f25202002c6
:10ce9c0006004014252840001c00bf8f1800b18fdd
:10ceac001400b08f0800e0032000bd270c00028e98
:10cebc0009f8400025200002f3ff001000000000dc
:020000040000fa
:020000041d03da
:10cecc00e8ffbd271400bfaf1000b0af1000102456
:10cedc0088bf023cf46050ac88bf023ce46050acac
:10ceec0088bf023cc46050acd7fc400f0100042446
:10cefc0088bf023ce86050acd7fc400f050004240e
:10cf0c001400bf8f1000b08f0800e0031800bd277d
:020000040000fa
:020000041d03da
:10cf1c00d0ffbd272c00bfaf1000a0af2400a0afe6
:10cf2c00049d023c44e242241400a2af01000224fe
:10cf3c001800a2af049d023c5cda42241c00a2af94
:10cf4c00090002242000a2af1000a527d3da400f5d
:10cf5c00252000002c00bf8f0800e0033000bd2707
:020000040000fa
:020000041d03da
:10cf6c001000a01025100000253080002120850025
:10cf7c00039d053c048ba524021a02000000c790f7
:10cf8c002618670040180300211865000000639400
:10cf9c0000120200ffff42300100c624f6ffc41449
:0ccfac00261062000800e00300000000f6
:020000040000fa
:020000041d03da
:10cfb80000a0023cb40142240e004414000000000a
:10cfc80000a0023cc8014290010042300900401014
:10cfd80000000000e8ffbd271400bfaf00a0043c1c
:10cfe800ccc7400fb40184241400bf8f0800e003ad
:0ccff8001800bd270800e0030000000046
:020000040000fa
:020000041d03da
:10d00400e0ffbd271c00bfaf1800b1af1400b0afe4
:10d01400258880002580a000dff8400f252000022d
:10d0240006004014252840001c00bf8f1800b18f53
:10d034001400b08f0800e0032000bd27dffd400f7f
:0cd0440025202002f4ff00100000000076
:020000040000fa
:020000041d03da
:10d05000e8ffbd271400bfaf1000b0afddf1400ff7
:10d060002580800009004010040005243400029649
:10d07000220002a6f0e7400f252000020300401026
:10d08000070002241a0002a61c0000a61400bf8f8d
:0cd090001000b08f0800e0031800bd275e
:020000040000fa
:020000041d03da
:10d09c00e8ffbd271400bfaf1000b0afddf1400fab
:10d0ac0025808000090040100500052434000296fc
:10d0bc00200002a6f0e7400f2520000203004010dc
:10d0cc00060002241a0002a61c0000a61400bf8f42
:0cd0dc001000b08f0800e0031800bd2712
:020000040000fa
:020000041d03da
:10d0e800e8ffbd271400bfaf1000b0afddf1400f5f
:10d0f80025808000090040100600052434000296af
:10d10800260002a6f0e7400f252000020300401089
:10d11800050002241a0002a61c0000a61400bf8ff6
:0cd128001000b08f0800e0031800bd27c5
:020000040000fa
:020000041d03da
:10d13400e8ffbd271400bfaf1000b0afddf1400f12
:10d1440025808000090040100a000524340002965e
:10d15400240002a6f0e7400f25200002030040103f
:10d16400040002241a0002a61c0000a61400bf8fab
:0cd174001000b08f0800e0031800bd2779
:020000040000fa
:020000041d03da
:10d18000e8ffbd271400bfaf3bfd400f00000000cb
:10d19000252040000a0080102510000071008590b5
:10d1a000010003240700a3141400bf8f4800838ce0
:10d1b000040060100000000035f7400f0000000080
:0cd1c0001400bf8f0800e0031800bd271a
:020000040000fa
:020000041d03da
:10d1cc00e8ffbd271400bfaf46fd400f1000b0af05
:10d1dc00258040000900001225100000ffff0524e7
:10d1ec0071f8400f90808427bde9400f2520000284
:10d1fc00bdf7400f90808427010002241400bf8fdc
:0cd20c001000b08f0800e0031800bd27e0
:020000040000fa
:020000041d03da
:10d21800e8ffbd271400bfaf1000b0af2580800025
:10d228000000848c0a0080101400bf8fcbef400fe1
:10d238000000000029ee400f2c00042629ee400fc4
:10d248001800042629ee400f040004261400bf8f9e
:0cd258001000b08f0800e0031800bd2794
:020000040000fa
:020000041d03da
:10d26400e0ffbd271c00bfaf1800b1af1400b0af82
:10d274000288a67043c4400f2528200205004010f0
:10d2840025804000253020022528000061fe400f43
:10d2940025204000251000021c00bf8f1800b18f0c
:0cd2a4001400b08f0800e0032000bd273c
:020000040000fa
:020000041d03da
:10d2b000e0ffbd271c00bfaf1800b1af1400b0af36
:10d2c000258880002580a000a2f9400f25200002bb
:10d2d0000500401025284000f3fd400f25202002c6
:10d2e000f9ff0010000000001c00bf8f1800b18f74
:0cd2f0001400b08f0800e0032000bd27f0
:020000040000fa
:020000041d03da
:10d2fc00e8ffbd271400bfaf1000b0af2580800041
:10d30c00000080ac040080ac080080ac0100072455
:10d31c000100062425280000fdda400f0c008424af
:10d32c00010042380100422c100002a21400bf8ff1
:0cd33c001000b08f0800e0031800bd27af
:020000040000fa
:020000041d03da
:10d34800e8ffbd271400bfaf1000b0af0800801081
:10d358002580a0000000828c05004010000000001d
:10d3680077f3400f00000000050040141400bf8f41
:10d3780002000012251000002881828f1400bf8f40
:0cd388001000b08f0800e0031800bd2763
:020000040000fa
:020000041d03da
:10d394001000a010251000000000a38c0d006010e8
:10d3a400000000000900c0500a00a6a41081828f6a
:10d3b400251840002016027c2a1046000100405423
:10d3c4002518c0002036037c0a00a6a40c00a6a4dd
:0cd3d400010002240800e003000000003b
:020000040000fa
:020000041d03da
:10d3e0001000801025100000e8ffbd271400bfaf1b
:10d3f0001000b0af2b188500060060142580a00037
:10d400000200062457e2400f252800000100405486
:10d41000380050ac1400bf8f1000b08f0800e0033c
:0cd420001800bd270800e0030000000019
:020000040000fa
:020000041d03da
:10d42c00251080006c00438c090060102520a000a2
:10d43c00e8ffbd271400bfaf2528c00009f8600025
:10d44c007000468c1400bf8f0800e0031800bd2745
:10d45c002000438c2428a3001a0042842120a2001f
:08d46c000800e0030000828cbf
:020000040000fa
:020000041d03da
:10d47400401003240e008314ffff022400a0023c8a
:10d48400c80143900100643009008010ffff0224aa
:10d4940002006330060060140100042400a0023c72
:10d4a400b4014224140043904408837c140043a034
:08d4b4000800e0030000000085
:020000040000fa
:020000041d03da
:10d4bc000f008010f2ff02240800838c01a0023cb4
:10d4cc000c8b4224030062501c0080a40800e00373
:10d4dc00f2ff02241a0080a4180080a40200022487
:10d4ec00020082a4f1ff02241e0082a42510000079
:08d4fc000800e003000000003d
:020000040000fa
:020000041d03da
:10d5040006008010f2ff02240800838c01a0023c74
:10d514000c8b422407006210f2ff02240800e0038f
:10d52400000000000e8b42940000c2ac0800e0032f
:10d5340025100000fbffc05401a0023c2510000090
:08d544000800e00300000000f4
:020000040000fa
:020000041d03da
:10d54c004021039de405049d24ae039d60ed039de5
:10d55c00647e029dfc44039d04a2039da8e4039dec
:10d56c0068f4039d089c039d4cc1039d5cf0039dd6
:10d57c008cf0039dbcf0039d5013039d9478039d88
:08d58c001cf1039decf0039d6e
:020000040000fa
:020000041d03da
:10d59400e0ffbd271c00bfaf1800b1af1400b0af4f
:10d5a400258080002588c000c600410fff00a530fb
:10d5b400ff002532ca00410f25200002e9ff400f79
:10d5c400252000021c00bf8f1800b18f1400b08ffb
:08d5d4000800e0032000bd2760
:020000040000fa
:020000041d03da
:10d5dc000600c0102510000071008390ff00a230df
:10d5ec000400621001000324251000000800e00371
:10d5fc0000000000fdffa314251000000000c28ce9
:10d60c00400082ac8400828c84d6627c840082ac24
:08d61c000800e00301000224f4
:020000040000fa
:020000041d03da
:10d6240070008590fdffa324ff0063300300632c8a
:10d6340004006014030002240800a5380100032438
:10d644000b1065008400838c000264300100805458
:10d654000400423400046330010060540800423482
:08d664000800e00300000000d3
:020000040000fa
:020000041d03da
:10d66c007c80858f0e00a010010002248c80838f9b
:10d67c00251000000000668c0500c05001004224fb
:10d68c005e00c6940600c450251000000100422420
:10d69c00f8ff4514040063240800e0030100022491
:08d6ac000800e003000000008b
:020000040000fa
:020000041d03da
:10d6b400e8ffbd271400bfaf3bfd400f0000000092
:10d6c4002518400009006010010002248400648cc5
:10d6d4000002843005008010251000008400628c54
:10d6e400444a027c840062ac010002241400bf8f0f
:08d6f4000800e0031800bd2747
:020000040000fa
:020000041d03da
:10d6fc00e8ffbd271400bfaf3bfd400f000000004a
:10d70c00251840000900601025100000700064907e
:10d71c00fdff8324ff0063300300632c03006014bf
:10d72c0001000224080084380100822c1400bf8ff1
:08d73c000800e0031800bd27fe
:020000040000fa
:020000041d03da
:10d74400a480858f0e00a01801000224a880838f76
:10d75400251000000000668c0500c0500100422422
:10d764002a00c6940600c45025100000010042247b
:10d77400f8ff4514040063240800e00301000224b8
:08d784000800e00300000000b2
:020000040000fa
:020000041d03da
:10d78c00e8ffbd271400bfaf1000b0af46fd400f3f
:10d79c002580a0002518400007006010251000000f
:10d7ac00280070a43c00628c01000424448c827c10
:10d7bc003c0062ac010002241400bf8f1000b08f3b
:08d7cc000800e0031800bd276e
:020000040000fa
:020000041d03da
:10d7d400e8ffbd271400bfaf0f000524aee5400fde
:10d7e4000c0004240200433006006014010042309f
:10d7f40005004014252000001400bf8f0800e0033a
:10d804001800bd27010004241879400f000000000f
:08d81400faff00101400bf8fa1
:020000040000fa
:020000041d03da
:10d81c00350000004ccc039d0100000084b7039d33
:10d82c000300000024b7039d060000002082039d26
:10d83c003600000004e1039d330000009ccc039de6
:10d84c003a000000eccc039d3b0000003ccd039d56
:08d85c00ff0000000c06049d12
:020000040000fa
:020000041d03da
:10d86400e8ffbd271400bfaf2081828f010042244e
:10d87400208182af00a0023c087b4224080043942c
:10d8840002006334080043a425300000020005248c
:10d8940000a0043c51f8400f187b84241400bf8f6f
:08d8a4000800e0031800bd2795
:020000040000fa
:020000041d03da
:10d8ac00e8ffbd27080080101400bfaf0100022460
:10d8bc000900821000000000251000001400bf8f2a
:10d8cc000800e0031800bd27a265400f000000000f
:10d8dc00faff001025100000a9f6400f0000000010
:08d8ec00f6ff001025100000fa
:020000040000fa
:020000041d03da
:10d8f4000f00801025100000e8ffbd271400bfaf03
:10d904001000b0af0000838c0500601425808000f7
:10d9140071f1400f01000424000002ae2b1002003c
:10d924001400bf8f1000b08f0800e0031800bd275b
:08d934000800e0030000000000
:020000040000fa
:020000041d03da
:10d93c00e8ffbd271400bfaf88bf023c3010448cf9
:10d94c0088bf023c01000324341043ac3481828f25
:10d95c000600401001008430348182270400458c7d
:10d96c000000428c09f84000000000001400bf8f3a
:08d97c000800e0031800bd27bc
:020000040000fa
:020000041d03da
:10d98400e8ffbd271400bfaf1000b0af01a0103cea
:10d99400188d1026310005927dfd400f0800048e7d
:10d9a40030000292050040141400bf8f01a0043c13
:10d9b400cef7400f508d84241400bf8f1000b08f19
:08d9c4000800e0031800bd2774
:020000040000fa
:020000041d03da
:10d9cc00e8ffbd271400bfaf3c81828f04004014d8
:10d9dc0000000000b3fb400f010004243c8182af27
:10d9ec007ae7400f000000003c81868f253800004c
:10d9fc00252040002a8e400f252860001400bf8f80
:08da0c000800e0031800bd272b
:020000040000fa
:020000041d03da
:10da1400e8ffbd271400bfaf3c81828f040040148f
:10da240000000000b3fb400f010004243c8182afde
:10da34007ae7400f000000003c81868f2538000003
:10da4400252040002a8e400f252860001400bf8f37
:08da54000800e0031800bd27e3
:020000040000fa
:020000041d03da
:10da5c00030000001804049d0600000000000000f4
:10da6c00020000000cf9039d090000006c06049de7
:10da7c000a0000006406049d0c0000005c06049d76
:10da8c000f0000006896019d01000000fc0200a040
:08da9c0040100000ccfd039dc9
:020000040000fa
:020000041d03da
:10daa400f8ffbd270400bfaf00600240847a027c07
:10dab400000c423400608240c00000007081828ffc
:10dac400070040100400bf8f8c81838f4400628c58
:10dad40001004224440062ac8c81828f0400bf8f19
:08dae4000800e0030800bd2763
:020000040000fa
:020000041d03da
:10daec0001a0033ce08b63242510000008000524f2
:10dafc000000668c0800c454010042244018020047
:10db0c00211862008018030001a0023ce08b422423
:10db1c000800e00321104300f5ff45140c006324ba
:08db2c000800e00325100000d1
:020000040000fa
:020000041d03da
:10db34000000023c00004224070040100000023ca8
:10db44000000422405004050049d023c3f00007048
:10db54000800e00300000000049d023cc0df4224f2
:10db640003004014000000000800e003000000006f
:08db740009f840000000000068
:020000040000fa
:020000041d03da
:10db7c000f00c01025100000ffffc6242518000060
:10db8c0021108300000042902138a30007004010b0
:10db9c000000e7900600e050231047000400c3503b
:10dbac0023104700f6ff47100100632423104700a1
:08dbbc000800e0030000000076
:020000040000fa
:020000041d03da
:10dbc4000e00a01000000000e8ffbd271400bfaf46
:10dbd4001000b0af2580a00025280000d0f8400f29
:10dbe400ec00848c000002ae251000001400bf8fee
:10dbf4001000b08f0800e0031800bd270800e00300
:04dc040025100000e7
:020000040000fa
:020000041d03da
:10dc08000e00a01000000000e8ffbd271400bfaf01
:10dc18001000b0af2580a00001000524d0f8400f07
:10dc2800ec00848c000002ae251000001400bf8fa9
:10dc38001000b08f0800e0031800bd270800e003bb
:04dc480025100000a3
:020000040000fa
:020000041d03da
:10dc4c000e00a01000000000e8ffbd271400bfafbd
:10dc5c001000b0af2580a00025280000d0f8400fa0
:10dc6c00e400848c000002ae251000001400bf8f6d
:10dc7c001000b08f0800e0031800bd270800e00377
:04dc8c00251000005f
:020000040000fa
:020000041d03da
:10dc900006008010f2ff02240800838c01a0023ce1
:10dca0000c8b422406006210f2ff02240800e003fd
:10dcb000000000000000a2ac0800e00325100000f6
:10dcc000fcffa0543c00828c251000000800e003fb
:04dcd0000000000050
:020000040000fa
:020000041d03da
:10dcd4000800858c1000838c0c00a3102510000014
:10dce400600083940900601001000624e8ffbd274a
:10dcf4001400bfaf466e400f100005240100422cf3
:10dd04001400bf8f0800e0031800bd270800e003db
:04dd1400000000000b
:020000040000fa
:020000041d03da
:10dd1800e8ffbd271400bfaf1000b0af400090244b
:10dd2800a2f9400f252000020600401025204000df
:10dd380009000624c2fa400fefff0524f8ff00107f
:10dd4800000000001400bf8f1000b08f0800e0032f
:04dd58001800bd27cb
:020000040000fa
:020000041d03da
:10dd5c00e8ffbd271400bfaf46fd400f1000b0af69
:10dd6c000700401025800000252040003000428c28
:10dd7c00010040543600909481ed400f00000000eb
:10dd8c00251000021400bf8f1000b08f0800e003b4
:04dd9c001800bd2787
:020000040000fa
:020000041d03da
:10dda000e8ffbd271400bfaf1000b0af2580800092
:10ddb000c69c400f00008494000002a6c69c400f41
:10ddc00002000496020002a6c69c400f06000496bc
:10ddd000060002a61400bf8f1000b08f0800e003f9
:04dde0001800bd2743
:020000040000fa
:020000041d03da
:10dde4000e008010251080000000848c01000324a4
:10ddf4000800831400000000e8ffbd271400bfaf33
:10de0400d9af400f252040001400bf8f0800e00365
:10de14001800bd270800e003251000000800e003f7
:04de240000000000fa
:020000040000fa
:020000041d03da
:10de28000400a38c030063280c006014ffff022485
:10de38000000a28c35000324000043a00100032445
:10de4800010043a00c00a38c0900042401006450c5
:10de580003000324020043a0030002240800e00397
:04de680000000000b6
:020000040000fa
:020000041d03da
:10de6c000400a38c050063280c006014ffff02243f
:10de7c000000a28c37000324000043a003000324fd
:10de8c00010043a001000424020044a0030043a0ad
:10de9c0006000324040043a0050002240800e0034c
:04deac000000000072
:020000040000fa
:020000041d03da
:10deb000e8ffbd27070080101400bfaf0100022457
:10dec00008008210000000001400bf8f0800e0036b
:10ded0001800bd27afa5400f00000000fbff001099
:10dee0001400bf8f41ee400f00000000f7ff00104c
:04def0001400bf8fcc
:020000040000fa
:020000041d03da
:10def4000e008010251000000000848c0b008010a0
:10df040025380000e8ffbd271400bfaf253000000e
:10df1400b8a4400f25280000010042380100422c1b
:10df24001400bf8f0800e0031800bd270800e003b9
:04df340000000000e9
:020000040000fa
:020000041d03da
:10df38000e008010251000000000848c0b0080105b
:10df480025380000e8ffbd271400bfaf25300000ca
:10df5800b8a4400f25280000010042380100422cd7
:10df68001400bf8f0800e0031800bd270800e00375
:04df780000000000a5
:020000040000fa
:020000041d03da
:10df7c00e8ffbd271400bfaf3c81828f0400401422
:10df8c0000000000b3fb400f010004243c8182af71
:10df9c005b01410f000000003c81838f1b0043009c
:10dfac00f4016000121000001400bf8f0800e003a1
:04dfbc001800bd2765
:020000040000fa
:020000041d03da
:10dfc00000606041c000000099aa033c81bf023c90
:10dfd0005566632430f240ac30f243ac6655033ce6
:10dfe000aa99633430f243ac81bf023c01000324a0
:10dff00018f643ac81bf023c10f6428cf2f7400b9e
:04e00000000000001c
:020000040000fa
:020000041d03da
:10e004000010a33007006010f8ff02240002a530be
:10e014000400a014f6ff02242000c630f5ff0224f9
:10e024000b1006001c0080a41a0080a4180080a411
:10e0340002000324020083a40800e0031e0082a45b
:020000040000fa
:020000041d03da
:10e04400e8ffbd271400bfaf46fd400f1000b0af7e
:10e0540006004010258040008afa400f2520400029
:10e0640002004050258000000800108e2510000298
:10e074001400bf8f1000b08f0800e0031800bd2704
:020000040000fa
:020000041d03da
:10e084000d0080102510000001a0023c488c468c35
:10e094000900c01025100000e8ffbd271400bfaf21
:10e0a40001a0053cedf0400f608ca5241400bf8f47
:10e0b4000800e0031800bd270800e003000000008a
:020000040000fa
:020000041d03da
:10e0c4000d00801025100000e8ffbd271400bfaf2d
:10e0d400c880868f0500c010049d073c2cfce724f3
:10e0e40001a0053ca9d9400ffc8da5241400bf8fc5
:10e0f4000800e0031800bd270800e003000000004a
:020000040000fa
:020000041d03da
:10e104000400a38c060063280b006014ffff0224a4
:10e114000000a38c01006690040004240600c414cb
:10e124000000000005006288020062980f00a2a8a7
:10e134000c00a2b8060002240800e003000000005e
:020000040000fa
:020000041d03da
:10e144000400838c0c0060102538c000e8ffbd2754
:10e154001400bfaf00a0023c087b422423108200bd
:10e164002530a00009f86000032902001400bf8fc5
:10e174000800e0031800bd270800e00300000000c9
:020000040000fa
:020000041d03da
:10e184000d00801025100000020002240500a214d6
:10e194000100032442008294080042380800e0038e
:10e1a400c000427c0400a3142510000042008294a5
:10e1b400100042380001427c0800e0030000000027
:020000040000fa
:020000041d03da
:10e1c4000d008010251000000000848c0a008010cf
:10e1d40000000000e8ffbd271400bfaf25a0400fda
:10e1e40000000000010042380100422c1400bf8fdf
:10e1f4000800e0031800bd270800e0030000000049
:020000040000fa
:020000041d03da
:10e204000d008010251000000000848c0a0080108e
:10e2140000000000e8ffbd271400bfaf25a0400f99
:10e2240000000000010042380100422c1400bf8f9e
:10e234000800e0031800bd270800e0030000000008
:020000040000fa
:020000041d03da
:10e24400683d029d703d029d00000000803d029dde
:10e25400903d029da03d029da03d029db03d029dca
:10e26400303d029d090000009cc0039d0000000099
:10e27400000000000000000000000000000000009a
:020000040000fa
:020000041d03da
:10e284001000838c0400858c0800828c0800a2acea
:10e294000400858c040045ac0400628c04004454e2
:10e2a400100080ac0800828c040062ac100080acca
:10e2b4000000628cffff42240800e003000062ac0f
:020000040000fa
:020000041d03da
:10e2c400e8ffbd271400bfaf1000b0af01a0103ca1
:10e2d40002e3400f000000007c8b028e0200422cff
:10e2e400fbff4014000000000068024000014234bb
:10e2f40000688240c0000000f5ff0010000000002c
:020000040000fa
:020000041d03da
:10e30400e8ffbd271400bfaf1000b0af2580800028
:10e31400140082900421027c4429027c73f6400f8d
:10e32400140082a07c0002ae900000ae1400bf8fe7
:0ce334001000b08f0800e0031800bd27a7
:020000040000fa
:020000041d03da
:10e340000000838c08006014251000000800e00322
:10e35000000000000400638cc001637c0100655074
:10e3600001004224251880000000648cf9ff80140d
:0ce37000000000000800e00300000000b6
:020000040000fa
:020000041d03da
:10e37c000000828c09004010000000000400838c17
:10e38c00080062540000438c000080ac040080ac98
:10e39c000800838cffff6324080083ac0800e003b3
:0ce3ac0000000000faff0010000083ac2d
:020000040000fa
:020000041d03da
:10e3b800e8ffbd271400bfaf1000b0afddf1400f7c
:10e3c80025808000060040101400bf8f3400069698
:10e3d8002200059601f8400f252000021400bf8f87
:0ce3e8001000b08f0800e0031800bd27f3
:020000040000fa
:020000041d03da
:10e3f400e8ffbd271400bfaf1000b0af2580800038
:10e40400f0e7400f0100052404004010040002243a
:10e414001a0002a6090002241c0002a61400bf8fe1
:0ce424001000b08f0800e0031800bd27b6
:020000040000fa
:020000041d03da
:10e43000e8ffbd271400bfaf1000b0af25808000fb
:10e44000f0e7400f090005240400401004000224f6
:10e450001a0002a6070002241c0002a61400bf8fa7
:0ce460001000b08f0800e0031800bd277a
:020000040000fa
:020000041d03da
:10e46c00e8ffbd271400bfaf1000b0af25808000bf
:10e47c000080063447e8400f2528000003004010b8
:10e48c00010002241a0002a61c0000a61400bf8f73
:0ce49c001000b08f0800e0031800bd273e
:020000040000fa
:020000041d03da
:10e4a800e8ffbd271400bfaf1000b0af19e1400f5f
:10e4b8000100052405004010258040003fa9400fb9
:10e4c80025204000bdf7400f0400048e1400bf8fc4
:0ce4d8001000b08f0800e0031800bd2702
:020000040000fa
:020000041d03da
:10e4e400e8ffbd271400bfaf6880828f0800401882
:10e4f400020003241600849005008314ffff4224c5
:10e5040003004014688082af30fd400f000000001b
:0ce514001400bf8f0800e0031800bd27b2
:020000040000fa
:020000041d03da
:10e520001c00838c2000858c2b1065000400405457
:10e530001800828c231865000800e003ffff62309a
:10e54000231045001400848c23186400211043001c
:0ce55000010042240800e003ffff4230fd
:020000040000fa
:020000041d03da
:10e55c00010003240b008314ffff0224e8ffbd27f6
:10e56c001400bfaf2538c0002530a00001000524e1
:10e57c007897400f010004241400bf8f0800e003bb
:0ce58c001800bd270800e003000000009c
:020000040000fa
:020000041d03da
:10e59800e8ffbd271400bfaf3bfd400f000000009f
:10e5a8002520400006008010251000004800838cbc
:10e5b800040060101400bf8f58ef400f00000000e7
:0ce5c8001400bf8f0800e0031800bd27fe
:020000040000fa
:020000041d03da
:10e5d400e8ffbd271400bfaf0100063c0200c624bb
:10e5e4001c0005249ac9400f38000424040040107c
:10e5f400049d033c60ea6324080043ac0c0040ac77
:0ce604001400bf8f0800e0031800bd27c1
:020000040000fa
:020000041d03da
:10e61000e8ffbd271400bfaf1000b0af2580800019
:10e620002520a000b4ef400f040005240c00038e49
:10e630001b004300f4016000101000001400bf8fa5
:0ce640001000b08f0800e0031800bd2798
:020000040000fa
:020000041d03da
:10e64c00240080ac0c00828c0a00401025100000c5
:10e65c000000838c000060a40800858c21186500e4
:10e66c00010042240c00858c2b284500faffa05495
:0ce67c00000060a40800e00300000000a3
:020000040000fa
:020000041d03da
:10e688000000828c09004010000000000400838c08
:10e69800080062540000438c000080ac040080ac89
:10e6a8000800838cffff6324080083ac0800e003a4
:0ce6b80000000000faff0010000083ac1e
:020000040000fa
:020000041d03da
:10e6c4000c00801025100000420083944000633049
:10e6d40008006010000000000800828c271002006f
:10e6e4000400838c251043000000a38c26104300f3
:0ce6f4000100422c0800e00300000000c0
:020000040000fa
:020000041d03da
:10e700000c0080102510000042008394400063300c
:10e710000800601000000000e8ffbd271400bfaf34
:10e72000fdfd400f000000001400bf8f0800e00353
:0ce730001800bd270800e00300000000f6
:020000040000fa
:020000041d03da
:10e73c00251880005000848c0a008010f2ff0224ff
:10e74c00e8ffbd271400bfaf4400628c3000428c40
:10e75c0009f84000000000001400bf8f0800e0031f
:0ce76c001800bd270800e00300000000ba
:020000040000fa
:020000041d03da
:10e778000000848c03008104251000000800e003d9
:10e7880000000000e8ffbd271400bfaf51db400fb9
:10e7980000000000ffff0324010043502510000083
:0ce7a8001400bf8f0800e0031800bd271c
:020000040000fa
:020000041d03da
:10e7b400e0ffbd271800b0af1000a6af2580800091
:10e7c4001c00bfaf7b7e400f1000a6270400038e01
:10e7d4001c00bf8f10006330ffff04241800b08fab
:0ce7e4000b1083000800e0032000bd279c
:020000040000fa
:020000041d03da
:10e7f0000800c010251080002000032423186600a4
:10e800000600601c0620c5000610c500252000007b
:10e81000252880000800e0032518a0000610c2008b
:10e8200004286500faff0010251045000800c010fc
:10e830002510800020000324231866000600601cb9
:10e840000428c5000428c4002520000025108000ed
:10e850000800e0032518a000061062000420c40090
:08e86000faff00102528a200b8
:020000040000fa
:020000041d03da
:10e8680000a0023cb40142240900441400a0023c68
:10e87800c8014290010042300500401000a0023c4f
:10e88800b4014224140043904408037c140043a0bc
:08e898000800e003000000008d
:020000040000fa
:020000041d03da
:10e8a00001a0023c0c8b42240900441401a0023c4c
:10e8b0000c8b422402000324040043a40400a38c14
:10e8c0000c0043ac1000a38c140043ac240040a007
:08e8d0000800e0030000000055
:020000040000fa
:020000041d03da
:10e8d800e8ffbd271400bfaf1000b0af258080004f
:10e8e800f0e7400f01000524030040100100022456
:10e8f8001a0002a61c0000a61400bf8f1000b08fdb
:08e908000800e0031800bd2720
:020000040000fa
:020000041d03da
:10e91000e8ffbd271400bfaf1000b0af2580800016
:10e92000f0e7400f0100052403004010010002241d
:10e930001a0002a61c0000a61400bf8f1000b08fa2
:08e940000800e0031800bd27e8
:020000040000fa
:020000041d03da
:10e94800e8ffbd271400bfaf1000b0af25808000de
:10e95800f0e7400f252800000300401001000224c2
:10e968001a0002a61c0000a61400bf8f1000b08f6a
:08e978000800e0031800bd27b0
:020000040000fa
:020000041d03da
:10e98000e8ffbd271400bfaf1000b0af25808000a6
:10e99000f0e7400f010005240300401001000224ad
:10e9a0001a0002a61c0000a61400bf8f1000b08f32
:08e9b0000800e0031800bd2778
:020000040000fa
:020000041d03da
:10e9b8000000828c0a004010000000000400838cd4
:10e9c800030062540000438c040080ac251800004a
:10e9d800000083ac0800838cffff6324080083ac2d
:08e9e8000800e003000000003c
:020000040000fa
:020000041d03da
:10e9f000e8ffbd271400bfaf3bfd400f0000000043
:10ea00002520400005008010251000003db8400f73
:10ea10000100052427100200c21702001400bf8f56
:08ea20000800e0031800bd2707
:020000040000fa
:020000041d03da
:10ea28005c008590010003240900a3142510000050
:10ea3800e8ffbd271400bfafa1e9400f252800005b
:10ea48002b1002001400bf8f0800e0031800bd2738
:08ea58000800e00300000000cb
:020000040000fa
:020000041d03da
:10ea600001a0023c888c428c080044502000828c1b
:10ea7000e8ffbd271400bfaf2ce4400f00000000ea
:10ea80001400bf8f0800e0031800bd27c418027ce3
:08ea90000800e003200082ac45
:020000040000fa
:020000041d03da
:10ea9800100082900a004010ffff0524e8ffbd2700
:10eaa8001400bfaf71f8400f0c00842401004238f5
:10eab8000100422c1400bf8f0800e0031800bd2796
:08eac8000800e003000000005b
:020000040000fa
:020000041d03da
:10ead000100082900a00401000000000e8ffbd27ef
:10eae0001400bfafbdf7400f0c0084240100423872
:10eaf0000100422c1400bf8f0800e0031800bd275e
:08eb00000800e0030000000022
:020000040000fa
:020000041d03da
:10eb08000100a0542e0085a00800828c0800401047
:10eb180000000000e8ffbd271400bfaf09f840005f
:10eb28000c00858c1400bf8f0800e0031800bd2777
:08eb38000800e00300000000ea
:020000040000fa
:020000041d03da
:10eb400088bf023c00100324081043ac04000224d8
:10eb500088bf033c981062ac88bf033cf81062acdd
:10eb600088bf033c181162ac88bf033c581162aceb
:08eb70000800e00300000000b2
:020000040000fa
:020000041d03da
:10eb780001a0033c8c8c63240c00628c0800648c1c
:10eb88002b1882000300601401a0033c0800e00376
:10eb9800231082008c8c63241800638c2118640075
:08eba8000800e00323106200e5
:020000040000fa
:020000041d03da
:10ebb00001a0023c8c8c42242800448c2c00428c06
:10ebc0002b1882000300601401a0033c0800e0033e
:10ebd000231082008c8c63243000638c2118640025
:08ebe0000800e00323106200ad
:020000040000fa
:020000041d03da
:10ebe800f8ffbd270400bfaf00606241c00000000d
:10ebf8000060024025184000847a037c010c6334cd
:10ec080000608340c0000000010042340400bf8f50
:08ec18000800e0030800bd271d
:020000040000fa
:020000041d03da
:10ec2000e8ffbd271400bfaf1000b0af2580a000e3
:10ec30008c81858ff9ef400f1800a5240100052471
:10ec4000edb8400f252000021400bf8f1000b08fd8
:08ec50000800e0031800bd27d5
:020000040000fa
:020000041d03da
:10ec58000b00c01000000000000082900000a3908c
:10ec680003004310231043000800e00300000000e5
:10ec7800ffffc62401008424f5ff00100100a5242d
:08ec88000800e0032510000064
:020000040000fa
:020000041d03da
:10ec900000a0033cb401632408006414ffff0224b5
:10eca00000a0023cc80143900100633003006010e3
:10ecb000ffff022400a0023cc401428c0800e003d4
:04ecc0000000000050
:020000040000fa
:020000041d03da
:10ecc4000800a28c09004010000000000400a38c7e
:10ecd4008002637c030060100080033c0800e003b2
:10ece4002510430000a0033c251043000800e00366
:04ecf400000000001c
:020000040000fa
:020000041d03da
:10ecf8000000a290200382a00100a290210382a01c
:10ed08000200a290100382a00300a290110382a027
:10ed18000400a290000382a00500a2900800e0036e
:04ed2800010382a0c1
:020000040000fa
:020000041d03da
:10ed2c00200382900000a2a0210382900100a2a0e7
:10ed3c00100382900200a2a0110382900300a2a0f3
:10ed4c00000382900400a2a0010382900800e0035b
:04ed5c000500a2a06c
:020000040000fa
:020000041d03da
:10ed60000a008010ffff02240800828c02000324a6
:10ed700006004354ffff0224040083940100633023
:10ed8000ffff04240800e0030a1083000800e003ea
:04ed9000000000007f
:020000040000fa
:020000041d03da
:10ed9400000102240900c21401000624e8ffbd2773
:10eda4001400bfaf01000524e7dc400f0c0004246d
:10edb4001400bf8f0800e0031800bd270800e0031b
:04edc400000000004b
:020000040000fa
:020000041d03da
:10edc800000102240900c21401000624e8ffbd273f
:10edd8001400bfaf01000524e7dc400f0f00042436
:10ede8001400bf8f0800e0031800bd270800e003e7
:04edf8000000000017
:020000040000fa
:020000041d03da
:10edfc0042008294c420027c420082a40800a2300b
:10ee0c000600401000000000420082940100032420
:10ee1c00c418627c420082a4010002240800e003b2
:04ee2c0000000000e2
:020000040000fa
:020000041d03da
:10ee3000e8ffbd271400bfafb3fc400f0000000087
:10ee40002518400004006010251000004200629464
:10ee5000001042380003427c1400bf8f0800e0031a
:04ee60001800bd27b2
:020000040000fa
:020000041d03da
:10ee6400f8ffbd270400bfaf006802400008033c60
:10ee74002510430000688240c000000088bf023ca7
:10ee840001000324641043ac0400bf8f0800e003b6
:04ee94000800bd278e
:020000040000fa
:020000041d03da
:10ee9800e8ffbd271400bfaf1000b0af01a0023ccf
:10eea8008c8c42241800508cdefa400fffff10268d
:10eeb800231002021400bf8f1000b08f0800e00377
:04eec8001800bd274a
:020000040000fa
:020000041d03da
:10eecc00e8ffbd271400bfaf01a0023c248d428c8b
:10eedc00e803062425380000190044001220000025
:10eeec002a8e400f102800001400bf8f0800e0038a
:04eefc001800bd2716
:020000040000fa
:020000041d03da
:10ef0000e0ffbd271c00bfaf1800b1af1400b0afc9
:10ef100001a0113c049d023c5cd5508c09f8000214
:10ef2000b08e248e85f2400f01000424fbff0010f8
:04ef300000000000dd
:020000040000fa
:020000041d03da
:10ef3400e8ffbd271400bfaf1000b0afa9f6400f23
:10ef4400258080003800108e41ee400f0000000044
:10ef54000100022e1400bf8f1000b08f0800e003e0
:04ef64001800bd27ad
:020000040000fa
:020000041d03da
:10ef68008881828f0000428c04004014ffff022435
:10ef78005c8182af0800e003000000008881828f76
:10ef88000c00428c0000428c5c8182af0800e003d8
:04ef98000000000075
:020000040000fa
:020000041d03da
:10ef9c0009008010f2ff02240800838c01a0023cbf
:10efac000c8b4224030062503c0085ac0800e0034b
:10efbc00f2ff0224251000000800e003000000000e
:020000040000fa
:020000041d03da
:10efcc0001a0023c0c8b42240700441401a0033c1a
:10efdc00040040a40c8b60a0140040ac5480828fc1
:10efec00ffff4224548082af0800e00300000000c1
:020000040000fa
:020000041d03da
:10effc00e8ffbd271400bfaf41d7400f0000000051
:10f00c002518400003006004f4ff0224020063385a
:10f01c000100622c1400bf8f0800e0031800bd270c
:020000040000fa
:020000041d03da
:10f02c000000a0ac0400828c07004054000045acea
:10f03c00040085ac000085ac0800828c01004224e1
:10f04c000800e003080082acfbff0010040085ac54
:020000040000fa
:020000041d03da
:10f05c00d8ffbd272400bfaf010002241800a2afc7
:10f06c003800a28f1400a2af1000a7af25b2400f3a
:10f07c00253800002400bf8f0800e0032800bd27be
:020000040000fa
:020000041d03da
:10f08c00d8ffbd272400bfaf020002241800a2af96
:10f09c003c00a28f1400a2af3800a28f25b2400f03
:10f0ac001000a2af2400bf8f0800e0032800bd278a
:020000040000fa
:020000041d03da
:10f0bc00d8ffbd272400bfaf030002241800a2af65
:10f0cc003800a28f1400a2af1000a7af25b2400fda
:10f0dc00253800002400bf8f0800e0032800bd275e
:020000040000fa
:020000041d03da
:10f0ec00d8ffbd272400bfaf040002241800a2af34
:10f0fc003800a28f1400a2af1000a7af25b2400faa
:10f10c00253800002400bf8f0800e0032800bd272d
:020000040000fa
:020000041d03da
:10f11c00d8ffbd272400bfaf050002241800a2af02
:10f12c003c00a28f1400a2af3800a28f25b2400f72
:10f13c001000a2af2400bf8f0800e0032800bd27f9
:020000040000fa
:020000041d03da
:10f14c00e8ffbd271400bfaf3bfd400f00000000df
:10f15c002518400003006010251000008400628c0c
:10f16c008002427c1400bf8f0800e0031800bd270a
:020000040000fa
:020000041d03da
:10f17c00e8ffbd271400bfaf3bfd400f00000000af
:10f18c0025204000030080102510000048f9400f96
:10f19c00000000001400bf8f0800e0031800bd271a
:020000040000fa
:020000041d03da
:10f1ac000000a29401004230070040100000000053
:10f1bc000000a2940400027c0000a2a42400828c13
:10f1cc00ffff4224240082ac0800e0030000000092
:020000040000fa
:020000041d03da
:10f1dc00e8ffbd271400bfaf1cf2400f252800002c
:10f1ec0025184000030060102510000002006294f6
:10f1fc00010042301400bf8f0800e0031800bd2747
:020000040000fa
:020000041d03da
:10f20c00e8ffbd271400bfaf1cf2400f25280000fb
:10f21c0025184000030060102510000002006294c5
:10f22c004000427c1400bf8f0800e0031800bd278b
:020000040000fa
:020000041d03da
:10f23c0001a0023ce48d43942b188300060060105f
:10f24c0025100000c01804002318640000190300e6
:10f25c002c81828f211043000800e0030000000085
:020000040000fa
:020000041d03da
:10f26c000900801025100000420083944000633098
:10f27c0005006010000000000800828c27100200be
:10f28c000400838c251043000800e00300000000fc
:020000040000fa
:020000041d03da
:10f29c00420082940410027c420082a40100a2303d
:10f2ac00050040100000000042008394010005247a
:10f2bc000400a37c420083a40800e00300000000cb
:020000040000fa
:020000041d03da
:10f2cc0009008010251080004200839440006330b8
:10f2dc00050060502510000064008390010063302d
:10f2ec000800e0030a1003000800e003000000001f
:020000040000fa
:020000041d03da
:10f2fc000900801000000000e8ffbd271400bfaf1c
:10f30c001000062461fe400f252800001400bf8f5a
:10f31c000800e0031800bd270800e003000000000f
:020000040000fa
:020000041d03da
:10f32c00e8ffbd271400bfaf1000b0af25808000f0
:10f33c007500410f0000848c000000ae0100022417
:10f34c001400bf8f1000b08f0800e0031800bd2719
:020000040000fa
:020000041d03da
:10f35c00f8ffbd270400bfaf409c0234022082702e
:10f36c000048034000480240231043002b10440087
:10f37c00fcff40140400bf8f0800e0030800bd2709
:020000040000fa
:020000041d03da
:10f38c00e8ffbd271400bfaf2510c0005800c38c88
:10f39c002530a0002528800009f860005400448c1a
:0cf3ac001400bf8f0800e0031800bd270c
:020000040000fa
:020000041d03da
:10f3b8000319050007006010ffff0224f00702246c
:10f3c800140082ac2510a0000418027cf007a530b8
:0cf3d800180085ac0800e00300000000f5
:020000040000fa
:020000041d03da
:10f3e40008008010f2ff02240800838c01a0023c74
:10f3f4000c8b4224030062501e0082840800e00348
:0cf40400f2ff02240800e00300000000fa
:020000040000fa
:020000041d03da
:10f4100008008010ffff02240800838c01a0023c3a
:10f420000c8b422403006250020082840800e00337
:0cf43000ffff02240800e00300000000c1
:020000040000fa
:020000041d03da
:10f43c0060b1039dccdc029dd47c039d189b039d85
:10f44c004c9f039d20ff029d30e4039d90a1039de2
:0cf45c00f4e3039db497039dd483039d4b
:020000040000fa
:020000041d03da
:10f46800e8ffbd271400bfaf19e1400f25280000b1
:10f478002518400002006010ffff02240c00628c77
:0cf488001400bf8f0800e0031800bd272f
:020000040000fa
:020000041d03da
:10f49400e8ffbd271400bfaf1000b0afde00410f7e
:10f4a400258080007501410f252000021400bf8fc4
:0cf4b4001000b08f0800e0031800bd2716
:020000040000fa
:020000041d03da
:10f4c000e8ffbd271400bfaf6480848f0500801063
:10f4d0001400bf8fbffc400f00000000648080afad
:0cf4e0001400bf8f0800e0031800bd27d7
:020000040000fa
:020000041d03da
:10f4ec0008008004251000007c80838f2b1883007b
:10f4fc0004006010802004008c80828f2110440056
:0cf50c000000428c0800e003000000003a
:020000040000fa
:020000041d03da
:10f518000800800425100000a480838f2a18830027
:10f528000400601080200400a880828f211044000d
:0cf538000000428c0800e003000000000e
:020000040000fa
:020000041d03da
:10f5440008008010251000004200829440004230e0
:10f5540004004010000000005e008294ecff42248e
:0cf56400ffff42300800e0030000000040
:020000040000fa
:020000041d03da
:10f57000e8ffbd271400bfaf1000b0af9ff3400fee
:10f5800025808000a3ec400f252000021400bf8fcf
:0cf590001000b08f0800e0031800bd2739
:020000040000fa
:020000041d03da
:10f59c0008008010251000001000838c05006010fe
:10f5ac00000000000c0064940000638cfdff6014ec
:0cf5bc00211044000800e003ffff423073
:020000040000fa
:020000041d03da
:10f5c800f8ffbd270400bfaf006802400008033cf5
:10f5d8002510430000688240c0000000348180afdd
:0cf5e8000400bf8f0800e0030800bd27ee
:020000040000fa
:020000041d03da
:10f5f4000800a01000000000e8ffbd271400bfaf02
:10f6040011fe400f000000001400bf8f0800e0034b
:0cf614001800bd270800e0030000000003
:020000040000fa
:020000041d03da
:10f62000e8ffbd271400bfaf408186af010007246b
:10f6300025308000049d043cffd9400f8cfd8424bc
:0cf640001400bf8f0800e0031800bd2775
:020000040000fa
:020000041d03da
:10f64c00e8ffbd271400bfaf1000b0af01a0103c05
:10f65c00b08e1026c9b5400f0800048e85f2400ffd
:0cf66c0001000424fbff0010000000005f
:020000040000fa
:020000041d03da
:10f67800e8ffbd271400bfaf1000b0af01a0103cd9
:10f68800b08e1026a570400f0c00048e85f2400f36
:0cf6980001000424fbff00100000000033
:020000040000fa
:020000041d03da
:10f6a4000800c01025108000213086002518800035
:10f6b4000000a790010063240100a524fcffc314eb
:0cf6c400ffff67a00800e003000000004a
:020000040000fa
:020000041d03da
:10f6d000000082800700401000000000251080001c
:10f6e00001004380feff6014010042240800e00393
:0cf6f000231044000800e0032510000077
:020000040000fa
:020000041d03da
:10f6fc00000082800000a38003004314ff006330ed
:10f70c000400405401008424ff0042300800e00350
:0cf71c0023104300f6ff00100100a5249c
:020000040000fa
:020000041d03da
:10f7280001a0043cb08d822401000324080043acee
:10f7380001a0033cd88e6324b08d83ac0100033c48
:0cf74800c8af63240800e003040043acd9
:020000040000fa
:020000041d03da
:10f75400e8ffbd271400bfaf5080828f0100422410
:10f76400508082af7abf400f252000001400bf8f65
:08f774000800e0031800bd27a6
:020000040000fa
:020000041d03da
:10f77c000000a0ac0400828c02004054000045ac98
:10f78c00000085ac040085ac0800828c010042248a
:08f79c000800e003080082ac44
:020000040000fa
:020000041d03da
:10f7a4000c00838c2b18a3000500601025100000aa
:10f7b4000800828c0000838c0220a2702110830038
:08f7c4000800e0030000000052
:020000040000fa
:020000041d03da
:10f7cc000000a0ac0400828c02004054000045ac48
:10f7dc00000085ac040085ac0800828c010042243a
:08f7ec000800e003080082acf4
:020000040000fa
:020000041d03da
:10f7f400070080102510000042008394400063300d
:10f804000300601000000000640082900100423098
:08f814000800e0030000000001
:020000040000fa
:020000041d03da
:10f81c000700801025108000420083944000633064
:10f82c0003006050251000000800e0033c00822417
:08f83c000800e00300000000d9
:020000040000fa
:020000041d03da
:10f84400421904000019030088bf023c60104224de
:10f85400211043000100032404188300080043ac72
:08f864000800e00300000000b1
:020000040000fa
:020000041d03da
:10f86c00421904000019030088bf023c60104224b6
:10f87c00211043000100032404188300040043ac4e
:08f88c000800e0030000000089
:020000040000fa
:020000041d03da
:10f89400421904000019030088bf023c30104224be
:10f8a400211043000100032404188300040043ac26
:08f8b4000800e0030000000061
:020000040000fa
:020000041d03da
:10f8bc000700801000000000f8ffbd270400bfaf58
:10f8cc00206062410400bf8f0800e0030800bd27e0
:08f8dc000800e0030000000039
:020000040000fa
:020000041d03da
:10f8e40001a0023c808d42241c004290ff00423063
:10f8f40080bf033c105c638c8000633001000424ef
:08f904000800e0030a10830073
:020000040000fa
:020000041d03da
:10f90c000500000001000000b00400003c000000f5
:10f91c0002000000320000004b000000010000005b
:08f92c000300000001000000cf
:020000040000fa
:020000041d03da
:10f9340000000000009088bf00000000510000009b
:10f94400a892019dccce039d4cd5039d7c06049dbd
:08f9540000000000140300a0f4
:020000040000fa
:020000041d03da
:10f95c00e8ffbd271400bfaf25300000049d053c17
:10f96c009406a524f1eb400f252000001400bf8f56
:08f97c000800e0031800bd279c
:020000040000fa
:020000041d03da
:10f984000700c01025108000202c057c2130860043
:10f994002518800001006324feffc314ffff65a047
:08f9a4000800e0030000000070
:020000040000fa
:020000041d03da
:10f9ac00e8ffbd271000b0af1400bfaf93ff400fae
:10f9bc00258080001400bf8f251000021000b08f2e
:08f9cc000800e0031800bd274c
:020000040000fa
:020000041d03da
:10f9d400e8ffbd271000b0af1400bfaf20ed400f0b
:10f9e400258080001400bf8f251000021000b08f06
:08f9f4000800e0031800bd2724
:020000040000fa
:020000041d03da
:10f9fc0001a0033c148d668c0500c014251000007a
:10fa0c00148d64ac100080ac000085ac01000224a5
:08fa1c000800e00300000000f7
:020000040000fa
:020000041d03da
:10fa2400248f039d0c11039d64d2039d80a1029d2c
:10fa3400e892019dbca4039decfc039d0893019de9
:04fa44002893019d65
:020000040000fa
:020000041d03da
:10fa48000400a38c05006018ffff02240000a28cac
:10fa5800ffff0324000043a0010002240800e00384
:04fa6800000000009a
:020000040000fa
:020000041d03da
:10fa6c00e8ffbd271400bfaf2510a0002528c0005b
:10fa7c00bffd400f2000448c1400bf8f0800e00332
:04fa8c001800bd277a
:020000040000fa
:020000041d03da
:10fa9000421104000011020088bf033c601063247f
:10faa000211862000000628c061082000800e0034a
:04fab00001004230df
:020000040000fa
:020000041d03da
:10fab400f8ffbd270400bfaf00600240847a027cd7
:10fac400000c423400608240c0000000ffff0010c0
:04fad400000000002e
:020000040000fa
:020000041d03da
:10fad800f8ffbd270400bfaf00600240847a027cb3
:10fae800000c423400608240c0000000ffff00109c
:04faf800000000000a
:020000040000fa
:020000041d03da
:10fafc00f8ffbd270400bfaf00600240847a027c8f
:10fb0c00000c423400608240c0000000ffff001077
:04fb1c0000000000e5
:020000040000fa
:020000041d03da
:10fb2000200083349fff63241a00632c03006014b9
:10fb300001000224d0ff84240a00822c0800e00384
:04fb400000000000c1
:020000040000fa
:020000041d03da
:10fb4400d0ff83240a00632c040060140100022403
:10fb5400200084349fff84240600822c0800e003e4
:04fb6400000000009d
:020000040000fa
:020000041d03da
:10fb680001a0043ccc8e828c954c033c2d7f6324f1
:10fb78000210437001004224cc8e82ac0800e003de
:04fb88004214020021
:020000040000fa
:020000041d03da
:10fb8c00e8ffbd271400bfaf24e3400f00000000c6
:10fb9c00010042301400bf8f0800e0031800bd279d
:020000040000fa
:020000041d03da
:10fbac00010000000200000008000000040000003a
:10fbbc001000000020000000400000008000000049
:020000040000fa
:020000041d03da
:10fbcc0001a0023c0c8b42240300445001a0023cd7
:10fbdc000800e003ffff02240800e003108b4284be
:020000040000fa
:020000041d03da
:10fbec00e0ffbd271c00bfaf010002243dd5400f34
:10fbfc001000a2af1c00bf8f0800e0032000bd273f
:020000040000fa
:020000041d03da
:10fc0c0010e9039d402f039d34a0039d34d1039d27
:10fc1c00e8d0039d9cd0039d50d0039d6cd1029dd8
:020000040000fa
:020000041d03da
:10fc2c00080082900400401000000000b480828f15
:10fc3c00ffff4224b48082af0800e0030000000004
:020000040000fa
:020000041d03da
:10fc4c00e8ffbd271400bfaf252880001895400f92
:10fc5c00010006241400bf8f0800e0031800bd2724
:020000040000fa
:020000041d03da
:10fc6c00e8ffbd271400bfaf0000828c09f84000ec
:10fc7c00000000001400bf8f0800e0031800bd272f
:020000040000fa
:020000041d03da
:10fc8c00e8ffbd271400bfaf0400828c09f84000c8
:10fc9c00000000001400bf8f0800e0031800bd270f
:020000040000fa
:020000041d03da
:10fcac00e8ffbd271400bfaf0800828c09f84000a4
:10fcbc00000000001400bf8f0800e0031800bd27ef
:020000040000fa
:020000041d03da
:10fccc00e8ffbd271400bfaf0c00828c09f8400080
:10fcdc00000000001400bf8f0800e0031800bd27cf
:020000040000fa
:020000041d03da
:10fcec0005008010251000002c00828c3000838cc5
:10fcfc0023104300c01002000800e00300000000c5
:020000040000fa
:020000041d03da
:10fd0c00000000000000000001000000303d029dda
:10fd1c0002000000383d029d030000003c3d029da6
:020000040000fa
:020000041d03da
:10fd2c0005008010251000004200839440006330d1
:10fd3c00010060540400828c0800e0030000000005
:020000040000fa
:020000041d03da
:10fd4c0005008010251000004200839440006330b1
:10fd5c00010060540800828c0800e00300000000e1
:020000040000fa
:020000041d03da
:10fd6c00f8ffbd270400bfaf00606241c000000077
:10fd7c00010042300400bf8f0800e0030800bd27db
:020000040000fa
:020000041d03da
:10fd8c00e8ffbd271400bfaf4081828f09f8400007
:10fd9c00252800001400bf8f0800e0031800bd27c1
:020000040000fa
:020000041d03da
:10fdac006cc5039d14c5039dbcc4039d64c4039d15
:10fdbc000000000000000000000000000000000037
:020000040000fa
:020000041d03da
:10fdcc000800000608000400000001000200f40115
:10fddc0037420000009088bfc4b1039d34f9039de5
:020000040000fa
:020000041d03da
:10fdec0008008224040082acffff0324080083accb
:10fdfc000c0082ac100082ac0800e003000080ac68
:020000040000fa
:020000041d03da
:10fe0c008c81828f04004010000000004c00438c59
:10fe1c00010063244c0043ac0800e0030000000028
:020000040000fa
:020000041d03da
:10fe2c00e8ffbd271400bfaf8dbe400f252000009a
:10fe3c0059d6400f00000000fdff0010000000002c
:020000040000fa
:020000041d03da
:10fe4c000000a380251080000100a524010084245b
:10fe5c00fbff6014ffff83a00800e003000000001c
:020000040000fa
:020000041d03da
:10fe6c0000008c90ffffc624010084240000aca08d
:10fe7c00fbffc0140100a5240800e003251080003e
:020000040000fa
:020000041d03da
:10fe8c0000a0033cb401632402006414251000009c
:0cfe9c009c00628c0800e00300000000e5
:020000040000fa
:020000041d03da
:10fea800e8ffbd271400bfaffe65400f000000004b
:0cfeb8001400bf8f0800e0031800bd27f5
:020000040000fa
:020000041d03da
:10fec400e8ffbd271400bfaf6701410f0000000029
:0cfed4001400bf8f0800e0031800bd27d9
:020000040000fa
:020000041d03da
:10fee000e8ffbd271400bfaf6b01410f0000000009
:0cfef0001400bf8f0800e0031800bd27bd
:020000040000fa
:020000041d03da
:10fefc00e8ffbd271400bfaf7101410f00000000e7
:0cff0c001400bf8f0800e0031800bd27a0
:020000040000fa
:020000041d03da
:10ff1800e8ffbd271400bfaf6f01410f00000000cc
:0cff28001400bf8f0800e0031800bd2784
:020000040000fa
:020000041d03da
:10ff3400e8ffbd271400bfaf6d01410f00000000b2
:0cff44001400bf8f0800e0031800bd2768
:020000040000fa
:020000041d03da
:10ff5000e8ffbd271400bfaf6901410f000000009a
:0cff60001400bf8f0800e0031800bd274c
:020000040000fa
:020000041d03da
:10ff6c00e8ffbd271400bfaf6501410f0000000082
:0cff7c001400bf8f0800e0031800bd2730
:020000040000fa
:020000041d03da
:10ff8800007f0224340282ac002a0500007fa530dd
:0cff9800380285ac0800e0030000000007
:020000040000fa
:020000041d03da
:10ffa40001000224980282ac00000000000000005e
:0cffb400000000000800e0030000000056
:020000040000fa
:020000041d03da
:10ffc0001c0080a41a0080a4180080a4020002244f
:0cffd000020082a40800e0031e0080a4d0
:020000040000fa
:020000041d03da
:10ffdc00e0ffbd271c00bfaf3dd5400f1000a0af08
:0cffec001c00bf8f0800e0032000bd27b0
:020000040000fa
:020000041d03da
:10fff800dc05049d80ba039ddcba039d38bb039dd4
:020000041d04d9
:0c00080094bb039df0bb039d4cbc039d0a
:020000040000fa
:020000041d04d9
:10001400e8ffbd271400bfaf3a01410f0000000004
:0c0024001400bf8f0800e0031800bd2787
:020000040000fa
:020000041d04d9
:10003000e8ffbd271400bfafd600410f000000004d
:0c0040001400bf8f0800e0031800bd276b
:020000040000fa
:020000041d04d9
:10004c00e8ffbd271400bfaf3cbe400f01000724e2
:0c005c001400bf8f0800e0031800bd274f
:020000040000fa
:020000041d04d9
:10006800e8ffbd271400bfafa3eb400f0200072431
:0c0078001400bf8f0800e0031800bd2733
:020000040000fa
:020000041d04d9
:10008400e8ffbd271400bfaf87e3400f0000000066
:0c0094001400bf8f0800e0031800bd2717
:020000040000fa
:020000041d04d9
:1000a00028de039da858039d6cde039de061039d3f
:0c00b000406e029d28b2039d48fa039d9b
:020000040000fa
:020000041d04d9
:1000bc00e8ffbd271400bfafbff4400f00000000e5
:0c00cc001400bf8f0800e0031800bd27df
:020000040000fa
:020000041d04d9
:1000d80081bf033c00f0628c4001427cfdff401070
:0c00e800000000000800e0030000000021
:020000040000fa
:020000041d04d9
:1000f400f8ffbd270400bfaf00588440c0000000d3
:0c0104000400bf8f0800e0030800bd27c6
:020000040000fa
:020000041d04d9
:10011000e8ffbd271400bfaf5bff400f00000000e9
:0c0120001400bf8f0800e0031800bd278a
:020000040000fa
:020000041d04d9
:10012c00e8ffbd271400bfaf2ffe400f00000000fa
:0c013c001400bf8f0800e0031800bd276e
:020000040000fa
:020000041d04d9
:100148004896019db8b3039d64ee039d6005049d28
:0c01580000000000f400049dc893019d0d
:020000040000fa
:020000041d04d9
:10016400e8ffbd271400bfaf4ff6400f00000000aa
:0c0174001400bf8f0800e0031800bd2736
:020000040000fa
:020000041d04d9
:10018000e8ffbd271400bfaff3df400f0000000001
:0c0190001400bf8f0800e0031800bd271a
:020000040000fa
:020000041d04d9
:10019c00e8ffbd271400bfafcfea400f00000000fe
:0c01ac001400bf8f0800e0031800bd27fe
:020000040000fa
:020000041d04d9
:1001b800e8ffbd271400bfafd5fd400f00000000c9
:0c01c8001400bf8f0800e0031800bd27e2
:020000040000fa
:020000041d04d9
:1001d400e8ffbd271400bfafa101410f00000000dc
:0c01e4001400bf8f0800e0031800bd27c6
:020000040000fa
:020000041d04d9
:1001f000bfff83241a00632c0200601025108000ca
:0c020000200082340800e0030000000031
:020000040000fa
:020000041d04d9
:10020c009fff83241a00632c0200601025108000cd
:0c021c005f0082300800e00300000000da
:020000040000fa
:020000041d01dc
:109228000000200201000003000000000b00000005
:0892380001000000000000002d
:020000040000fa
:020000041d01dc
:109248007f000224240282ac7f00a530280285ac6e
:089258000800e0030000000023
:020000040000fa
:020000041d01dc
:109268007f000224340282ac7f00a530380285ac2e
:089278000800e0030000000003
:020000040000fa
:020000041d01dc
:1092880048e9039da8a0039dd83f039db8e3039d2b
:089298003820039da086039d10
:020000040000fa
:020000041d01dc
:1092a800b803049d90ee029d2405049d0000000073
:0892b8000000000000000000ae
:020000040000fa
:020000041d01dc
:1092c8000300c3880000c3980800a28c261043003e
:0892d8000800e0032b10020066
:020000040000fa
:020000041d01dc
:1092e80003008010251000002c00828cc0100200a2
:0892f8000800e0030000000083
:020000040000fa
:020000041d01dc
:1093080003008010251000003400828cc010020079
:089318000800e0030000000062
:020000040000fa
:020000041d01dc
:1093280003008010f7ff02243800828c380080acdc
:089338000800e0030000000042
:020000040000fa
:020000041d01dc
:1093480054435049505f444e535f436c69656e7493
:0893580050726f63657373002e
:020000040000fa
:020000041d01dc
:1093680003008010000000000000a28c0c0082acfa
:089378000800e0030000000002
:020000040000fa
:020000041d01dc
:1093880003008010000000000000a28c100082acd6
:089398000800e00300000000e2
:020000040000fa
:020000041d01dc
:1093a80003008010000000000000a28c140082acb2
:0893b8000800e00300000000c2
:020000040000fa
:020000041d01dc
:1093c800f8ffbd270400bfaf004802400400bf8f6c
:0893d8000800e0030800bd27b6
:020000040000fa
:020000041d01dc
:1093e800f8ffbd270400bfaf0068024000700240cc
:0893f800ffff0010000000005f
:020000040000fa
:020000041d01dc
:10940800f8ffbd270400bfaf0068024000700240ab
:08941800ffff0010000000003e
:020000040000fa
:020000041d01dc
:10942800e8ffbd271400bfaf0e77400f0000000013
:08943800fdff00100000000020
:020000040000fa
:020000041d01dc
:1094480000601a40bfff1b3cffff7b3724d05b0343
:0894580000609a401800004278
:020000040000fa
:020000041d01dc
:10946800ffffc6240000a0a0fdffc0140100a52432
:089478000800e003251080004c
:020000040000fa
:020000041d01dc
:10948800465f444e53436f6d706c657465486173f5
:0794980068456e7472790053
:020000040000fa
:020000041d01dc
:1094a800465f4448435052784d736754797065322b
:0694b8004576656e7400ac
:020000040000fa
:020000041d01dc
:1094c800465f444e535f436c65616e4361636865f4
:0694d800456e747279007c
:020000040000fa
:020000041d01dc
:1094e80068076c094c836a9074a07ac00080688809
:0694f80000846c8200817b
:020000040000fa
:020000041d01dc
:10952800ccc6039d3c7c039dd05f039db482039d04
:049538005048039df7
:020000040000fa
:020000041d01dc
:10954800822805002000828c84f8a27c0800e003b1
:04955800200082acc1
:020000040000fa
:020000041d01dc
:10956800822805003000828c84f8a27c0800e00381
:04957800300082ac91
:020000040000fa
:020000041d01dc
:10958800f434039dd0f3029d2444039d4cd4029de2
:0495980024ba039d51
:020000040000fa
:020000041d01dc
:1095a800dc5a039da064039dbc71039d3012039d8a
:0495b8006c27039d7c
:020000040000fa
:020000041d01dc
:1095c800465f444843504e6f74696679436c6965d9
:0495d8006e7473003a
:020000040000fa
:020000041d01dc
:1095e80002008010ffff0224580082940800e00364
:0495f800000000006f
:020000040000fa
:020000041d01dc
:109628004c3d029d503d029d543d029d5c3d029d76
:04963800603d029df2
:020000040000fa
:020000041d01dc
:1096480034818227000044ac040045ac0800e003e4
:04965800000000000e
:020000040000fa
:020000041d01dc
:1096680001000000050000000000000005000100e6
:0496780001000000ed
:020000040000fa
:020000041d01dc
:109688005481828f01004224548182af0800e00394
:0496980000000000ce
:020000040000fa
:020000041d01dc
:1096a8006481828f000082ac7881828f0800e00399
:0496b800040082ac7c
:020000040000fa
:020000041d01dc
:1096c8006894019d6cfe039d209a039d209a039d3a
:0496d800209a039d34
:020000040000fa
:020000041d01dc
:1096e80054435049505f444843505f50726f63651c
:0396f80073730089
:020000040000fa
:020000041d01dc
:10970800465f444843504576656e74536f7572637f
:029718006500ea
:020000040000fa
:020000041d01dc
:1097280046435f553850747244696666325549310c
:029738003600f9
:020000040000fa
:020000041d01dc
:10974800465f444e535f56616c696461746549664f
:019758000010
:020000040000fa
:020000041d01dc
:10976800465f444e535f53656e645f517565727909
:0197780000f0
:020000040000fa
:020000041d01dc
:1092100001000224080082ac0800e0030000000006
:020000040000fa
:020000041d01dc
:1095100000800234080282ac0800e0030000000072
:020000040000fa
:020000041d01dc
:1096100000800234040282ac0800e0030000000075
:020000040000fa
:020000041d01dc
:1098100000800234040082ac0800e0030000000075
:020000040000fa
:020000041d01dc
:1097880000800234080082ac0800e00300000000fa
:020000040000fa
:020000041d01dc
:1097a80000020224040082ac0800e003000000006c
:020000040000fa
:020000041d01dc
:1097c80000020224080082ac0800e0030000000048
:020000040000fa
:020000041d01dc
:1097e80000010224040082ac0800e003000000002d
:020000040000fa
:020000041d01dc
:1098280000010224080082ac0800e00300000000e8
:020000040000fa
:020000041d01dc
:1098480040028294046aa27c0800e003400282a4d9
:020000040000fa
:020000041d04d9
:10022800400282940418a27c0800e003400282a4e1
:020000040000fa
:020000041d04d9
:1002380000080224680282ac0800e0030000000005
:020000040000fa
:020000041d04d9
:1002480060028294c45a027c0800e003600282a41f
:020000040000fa
:020000041d04d9
:10025800600282940442a27c0800e003600282a447
:020000040000fa
:020000041d04d9
:10026800ffc0a530a40085ac0800e0030000000032
:020000040000fa
:020000041d04d9
:10027800ffc0a530a80085ac0800e003000000001e
:020000040000fa
:020000041d04d9
:10028800002c0500080085ac0800e0030000000011
:020000040000fa
:020000041d04d9
:1002980008000224080282ac0800e0030000000005
:020000040000fa
:020000041d04d9
:1002a80004000224080282ac0800e00300000000f9
:020000040000fa
:020000041d04d9
:1002b80080000224080082ac0800e003000000006f
:020000040000fa
:020000041d04d9
:1002c800480086ac580087ac0800e0030000000036
:020000040000fa
:020000041d04d9
:1002d80002000224880282ac0800e003000000004b
:020000040000fa
:020000041d04d9
:1002e80002000224840282ac0800e003000000003f
:020000040000fa
:020000041d04d9
:1002f80001000224880282ac0800e003000000002c
:020000040000fa
:020000041d04d9
:1003080001000224840282ac0800e003000000001f
:020000040000fa
:020000041d04d9
:10031800a00282940462a27c0800e003a00282a4e6
:020000040000fa
:020000041d04d9
:10032800a00282940420a27c0800e003a00282a418
:020000040000fa
:020000041d04d9
:1003380004000224d80282ac0800e0030000000098
:020000040000fa
:020000041d04d9
:1003480002000224980282ac0800e00300000000ca
:020000040000fa
:020000041d04d9
:1003580002000224940282ac0800e00300000000be
:020000040000fa
:020000041d04d9
:10036800b00285a4000000000800e00300000000bf
:020000040000fa
:020000041d04d9
:1003780001000224940282ac0800e003000000009f
:020000040000fa
:020000041d04d9
:1003880000800234880282ac0800e003000000000c
:020000040000fa
:020000041d04d9
:1003980000800234840282ac0800e0030000000000
:020000040000fa
:020000041d04d9
:1003a800800282948428a27c0800e003800282a450
:020000040000fa
:020000041d04d9
:1003b8000100c630f9ff02240800e0030b10060014
:020000040000fa
:020000041d04d9
:1003c8000400060008000a000e0014001c002800a3
:020000040000fa
:020000041d04d9
:1003d8000300c2880000c2980800e0030800a2ac2d
:020000040000fa
:020000041d04d9
:1003e800465f444e535f50726f6365737352520099
:020000040000fa
:020000041d04d9
:1003f800000080ac040080ac0800e003080080ac7a
:020000040000fa
:020000041d04d9
:1004080006080200000001000008030000000000c8
:020000040000fa
:020000041d04d9
:100418000a000000000000000000000000000000ca
:020000040000fa
:020000041d04d9
:1004280001000224688182af0800e0030000000098
:020000040000fa
:020000041d04d9
:10043800029d1a3c08945a27080040030000000057
:020000040000fa
:020000041d04d9
:0f044800465f444e535f526561644e616d6500bf
:020000040000fa
:020000041d04d9
:0f045800465f444e53507574537472696e67005b
:020000040000fa
:020000041d04d9
:0e04680002010201020102020202010303036b
:020000040000fa
:020000041d04d9
:0d047800465f444e53476574446174610053
:020000040000fa
:020000041d04d9
:0c048800e000828c0800e003c001427c10
:020000040000fa
:020000041d04d9
:0c049400e000828c0800e0038001427c44
:020000040000fa
:020000041d04d9
:0c04a000e000828c0800e0034001427c78
:020000040000fa
:020000041d04d9
:0c04ac00d40085ac0800e0030000000054
:020000040000fa
:020000041d04d9
:0c04b800c80085ac0800e0030000000054
:020000040000fa
:020000041d04d9
:0c04c400c40085ac0800e003000000004c
:020000040000fa
:020000041d04d9
:0c04d000d40085ac0800e0030000000030
:020000040000fa
:020000041d04d9
:0c04dc000000828c0800e003c003427c9a
:020000040000fa
:020000041d04d9
:0c04e800d00282900800e00301004230c6
:020000040000fa
:020000041d04d9
:0c04f400d00282900800e0038000427cef
:020000040000fa
:020000041d04d9
:0c0500006ce4039d8060039d583c039d4b
:020000040000fa
:020000041d04d9
:0c050c00d8e8039d909b039dc0ff039d59
:020000040000fa
:020000041d04d9
:0c05180080e9039d6c7d039dbcad039d3c
:020000040000fa
:020000041d04d9
:0c0524002600023c0800e003a025422451
:020000040000fa
:020000041d04d9
:0c0530001800828c0800e0031000422438
:020000040000fa
:020000041d04d9
:0c053c001800828c0800e0030c00422430
:020000040000fa
:020000041d04d9
:0c05480001a0023c0800e003e48d429496
:020000040000fa
:020000041d04d9
:0c055400adde023c0800e003defa423499
:020000040000fa
:020000041d04d9
:0c0560006202023c0800e003005a422442
:020000040000fa
:020000041d04d9
:0c056c0001a0023c0800e003248d428c3a
:020000040000fa
:020000041d04d9
:0b05780046435f737072696e7466008a
:020000040000fa
:020000041d01dc
:089798000800e00300000000de
:020000040000fa
:020000041d01dc
:0897b8000800e0030100022497
:020000040000fa
:020000041d01dc
:0897d8000800e003500285a423
:020000040000fa
:020000041d01dc
:0897f8000800e003e20082908a
:020000040000fa
:020000041d01dc
:089838000800e0032000828c0f
:020000040000fa
:020000041d01dc
:089858000800e0033000828cdf
:020000040000fa
:020000041d04d9
:080584000800e003b20085a0ad
:020000040000fa
:020000041d04d9
:08058c000800e003b00085a0a7
:020000040000fa
:020000041d04d9
:080594000800e003100182944d
:020000040000fa
:020000041d04d9
:08059c000800e0034001829415
:020000040000fa
:020000041d04d9
:0805a4000800e003000182944d
:020000040000fa
:020000041d04d9
:0805ac000800e00350018294f5
:020000040000fa
:020000041d04d9
:0805b4000800e00360018294dd
:020000040000fa
:020000041d04d9
:0805bc000800e0032001829415
:020000040000fa
:020000041d04d9
:0805c4000800e00330018294fd
:020000040000fa
:020000041d04d9
:0805cc000800e003d000828c5e
:020000040000fa
:020000041d04d9
:0805d4000800e003c00282945c
:020000040000fa
:020000041d04d9
:0805dc000800e003000000002c
:020000040000fa
:020000041d04d9
:0805e4000800e0030000000024
:020000040000fa
:020000041d04d9
:0805ec000800e003000000001c
:020000040000fa
:020000041d04d9
:0805f4000800e0030000000014
:020000040000fa
:020000041d04d9
:0805fc000800e00325100000d7
:020000040000fa
:020000041d04d9
:080604000800e003251080004e
:020000040000fa
:020000041d04d9
:08060c000800e00325100000c6
:020000040000fa
:020000041d04d9
:080614000800e00300000000f3
:020000040000fa
:020000041d04d9
:08061c000800e00300000000eb
:020000040000fa
:020000041d04d9
:080624000800e0032881828f29
:020000040000fa
:020000041d04d9
:08062c000800e003fc80828f4e
:020000040000fa
:020000041d04d9
:080634000800e003f880828f4a
:020000040000fa
:020000041d04d9
:08063c000800e003308180afeb
:020000040000fa
:020000041d04d9
:080644000800e003f4ff0224aa
:020000040000fa
:020000041d04d9
:08064c000800e0030c00022489
:020000040000fa
:020000041d04d9
:080654004801049d00000000b4
:020000040000fa
:020000041d04d9
:08065c0001000a004400430004
:020000040000fa
:020000041d04d9
:080664000a000000000400047c
:020000040000fa
:020000041d04d9
:08066c000a000002000000007a
:020000040000fa
:020000041d04d9
:0806740001000000acfd039d34
:020000040000fa
:020000041d04d9
:08067c0000000000009088bf9f
:020000040000fa
:020000041d04d9
:080684000800e0030000000083
:020000040000fa
:020000041d04d9
:08068c000800e003100080ac3f
:020000040000fa
:020000041d04d9
:080694000800e003f1fe02245e
:020000040000fa
:020000041d04d9
:08069c000800e003000000006b
:020000040000fa
:020000041d04d9
:0806a4000800e0030000000063
:020000040000fa
:020000041d04d9
:0606ac00ffffffffffff4e
:020000040000fa
:020000041d01dc
:04917c006382536354
:020000040000fa
:020000041d03da
:04b02c00687800a0a0
:020000040000fa
:020000041d01dc
:04953c000400000027
:00000001FF
