:020000041D00DD
:2000000000A0023CCC0F42242A02441400000000A8FFBD275400BFAF5000BEAF4C00B7AF81
:200020004800B6AF4400B5AF4000B4AF3C00B3AF3800B2AF3400B1AF3000B0AF8C80838F50
:20004000FFFF62240200422C0D004010B080828F190040148880828F09F840001000A4276C
:200060000800401C5400BF8F110040141000A48F030080508C8080AFD305400F000000009D
:200080005400BF8F5000BE8F4C00B78F4800B68F4400B58F4000B48F3C00B38F3800B28F00
:2000A0003400B18F3000B08F0800E0035800BD27F3FF00108C8080AF010002243600621426
:2000C0002080838FFFFF022433006214019D063C4C24C62425280000C24D400F050004248F
:2000E000FFFF0324EE014310208082AFF549400F020014248020020021208200E70384240A
:200100006210033CD34D63241900830010200000822104004019040023186400801803007D
:2001200021186400C01803001B006200F40140001288000025902002988091AF00A0103CE0
:20014000540D102600A0133CB40F73260000028E09004050100010260A0006860500C010E3
:2001600025280002474A400F25208002C70140104C01222610001026F4FF131601009426BF
:200180004C0122261B005200F40140021210000002105170948082AF00A0023CCC0F42945D
:2001A000EC004010B080908F2588000000A0123CCC0F53264C00048E1800805001003126A7
:2001C0004400028E1800428C09F840000000000042000296004042301000405001003126A0
:2001E0004400028E1400428C09F840004C00048E3F004104030007240400062425280002FB
:200200002233400F252060024200029601000324C47B627C420002A601003126CC0F46967B
:200220002A102602E3FF40146C0010268C80838F01000224CD00621400000000C900C0185B
:20024000B080908F25280002251800002510000000040824010007244200A494000C8930F3
:200260004B002815204E047C85FF2105400084300200801004204700251864000100422465
:20028000F5FFC2146C00A5240100042404104400FFFF4224B300431000A0023CCC0F4294E5
:2002A00081014010258800004040143C00A0123CCC0F53264000028E241054000500401000
:2002C0000300072404000624252800022233400F2520600201003126CC0F42962A102202BF
:2002E000F4FF40146C00102670010010FFFF022402000324C8FF4314DC0502241000A0AFC3
:200300001400A0AF1800A0AF1C00A0AF2400A0AF2800A0AF2C00A0AF2000A2AF4400028EFE
:200320004000428C1000A52709F840005000048E1000A28F3F0002AA3C0002BA1400A29343
:20034000400002A21500A293410002A21800A38F2B18030042000296446B627C420002A6A9
:200360002000A38F5E0003A62800A38F600003A22400A38F610003A2010003248431627CAE
:200380008473027CC47B627CA3FF0010420002A604204700B9FF0010251864004D014224A7
:2003A000948082AF00A0023CCC0F429464004010B080908F258800000100132400A0123C93
:2003C00042000296400042300E004050010031264400028E2400428C09F840005000048EB2
:2003E00062000392010063300600431001003126620003924408637E8410437C0400437C87
:20040000620003A2CC0F42962A102202ECFF40146C0010267F000010010011242800B0AC9A
:20042000024D400F252060024400028E3400428C253000002528000009F840005000048EDC
:20044000F6FF4014252840009C80828F010042249C8082AF99000010420002961400028EBE
:20046000A810400F0C00449425F000004419D726040003240000E4961E008214A40CA4264F
:200480002000028E04AC027C200002AE0400E38E25106200200002AE0200E3964010030004
:2004A000211043008010020025280002024D400F21208200010002240410C20324185400F6
:2004C000910060142530000025A082020200E49600210400212044020800829401004234BC
:2004E000080082A4374A400F0100052486000010000000000100DE27DEFFC3170800F7265C
:2005000001000624F3FF0524E04B400F252000027D000010000000000C0002A608000296F3
:2005200002004234080002A62530000002000524374A400F25200002B300001010001026F3
:20054000A880828F9D0040100100112434000010000000008C80838F01000224030062143D
:2005600000000000020002248C8082AF4742400F25200000A480828F06004014000000006A
:20058000A880828F9080838F25104300BDFE40105400BF8FA480828F1E004010258800008B
:2005A000A48080AF1D51400F00000000BA3F400F25804000258860002590400025300002A5
:2005C0002538000025204000BF08400F25286000848082AF6210023CD34D422419000202EE
:2005E00010300000823106002538000025204002BF08400F25282002808082AF9480828F43
:200600009880838F2310430064FF401801001124948082AFA880828F4900401000A0023C54
:20062000A88080AF00A0023CCC0F42942F00401025A00000B080908F00A0133CB00C7326FD
:2006400000A0153C420002964000423023004050010094265A0012964400028E5400428CB7
:2006600009F840005000048EC84F400F25904202FFFF5632271816005A0004962418640089
:200680005A0003A6CF4F400F252040005C00029625B0C2025C0016A64400028E5000428CCE
:2006A0002528400209F840005000048E160052325EFF40564400028E4200029600204230BB
:2006C00006004050010094264400028E3800428C09F840005000048E01009426CC0FA296FE
:2006E0002A108202D7FF40146C00102625A0000000A0133CB00C7326019D163C00A0153C86
:2007000000A0123C340D5226B64B400F2520600252FF401425804000C84F400F000000004B
:2007200000A0033C340D6324180065940400057C180065A4CF4F400F2520400000A0023C8B
:20074000CC0F43941B006010B080828F2520000025300000420045944000A5301300A0504E
:20076000010084245C0045948606A5300500A05062004590A080858F0100A524A08085AFBC
:20078000620045900200A5300600A01025284000FFFFA0142528C000620045904408057C45
:2007A000620045A05C0040A401008424E9FF83146C0042242000201200A0103C00A0103C8E
:2007C000540D102600A0113CB40F31260000028E0D004050100010260A0004860A0080509A
:2007E000100010260C0002969880838F23104300FFFF43302016027C47FF405821106400D7
:200800000C0002A610001026F1FF11560000028EC84F400F0000000000A0033C340D6324EA
:20082000080065944408057C080065A4CF4F400F2520400000A0103C540D102600A0113C77
:20084000B40F31260000028E060040501000102608000396030060101000102609F8400077
:2008600000000000F7FF11169080828F04FE4010253000000001052400A0043C374A400FB9
:20088000440D8424FFFD00105400BF8F1B005200F40140021210000002105170948082AFD3
:2008A000FF2B400F00000000FFFF0224F4FD00108C8082AF0800E0030000000018FFBD2777
:2008C000DC00B5AFD800B4AFD400B3AFD000B2AFE400BFAFE000B6AFCC00B1AFC800B0AF4C
:2008E000259880002590C000B800A5AF25A00000019D153CB800A58F0000A280C90040105F
:20090000FFFF02249C00A2AF1800A227A400A2AF800002249800A0AFA000A0AFA800A2AF7B
:2009200025800000250003242188B000000022820300401000000000FBFF435401001026AE
:2009400004000012253000022444400F25206002B800B1AFB800A58F250002240000A3805A
:20096000A90062140100B624B800B6AF0200A52425180000300007242D0008242B0009244C
:200980002C000A2420000B2423000624FFFFA2802A0047509800A38F31004C283D01801142
:2009A000FFFFA424200048509800A38F2E004C283801801100000000220049509800A38FFE
:2009C00034014A100000000020004B509800A38F200046509800A38F01006054B800A4AFC3
:2009E0002A0003241D0043500000428E053F400F00000000B800A38FA000A2AF252800006B
:200A00002520600000008280D0FF42240A00422C5F004014010063241C00A054B800A4AF2C
:200A20001B0000109800A28F010063349800A3AF0100A524D5FF001001000324FBFF001060
:200A400002006334F9FF001004006334F7FF001008006334F5FF0010100063340100842461
:200A6000040043240000428C000043AEB800A4AF9800A38F05004104A000A2AF01006338A0
:200A8000231002009800A3AFA000A2AF9800A28F01004330020060104408027C9800A2AFE4
:200AA000B800A28F2E000324000044800D008314010051249C00A0AF010044802A00032419
:200AC00035008314B800B1AF02004224B800A2AF0000428E040043240000428C000043AEC7
:200AE0009C00A2AF8A46400FB800A427B800B18FC000A2AFD64F400F0000248225000324F8
:200B0000CF004310C000A58F9FFF42241800432CD6006010009D033C80100200300B6324BE
:200B2000211062000000428C0800400000000000D80B009D6C0E009DD80D009D500C009DFA
:200B4000A40D009DA40D009DA40D009D6C0E009D500C009D6C0E009D6C0E009D6C0E009D56
:200B60006C0E009D880D009DB80C009D240D009D6C0E009D6C0E009D180E009D6C0E009DF5
:200B8000840C009D6C0E009D6C0E009DEC0C009D9BFF001001000524053F400F2520200297
:200BA0009C00A2AF252000002518200200006280D0FF42240A00422C050040140100312664
:200BC000C8FF8054B800A3AFC6FF001000000000F5FF00100100042425304002A046400FA2
:200BE000B000A4276C0040100100222600002782B000A6279800A527252060026151400F43
:200C0000B800A2AF21800202218090022AA014029E00801200A0023C4F0003240C1343AC81
:200C2000FFFF1424E400BF8F25108002E000B68FDC00B58FD800B48FD400B38FD000B28F0E
:200C4000CC00B18FC800B08F0800E003E800BD272538400201000624201B400FB000A427FB
:200C60004D004010B000A627010031269800A527252060029E21400FB800B1AFE2FF0010E0
:200C8000218002022538400225300000201B400FB000A42740004010B000A6270100312651
:200CA0009800A527252060025F51400FB800B1AFD5FF001021800202253840022530000095
:200CC000201B400FB000A42733004010B000A627010031269800A527252060025F51400FAD
:200CE000B800B1AFC8FF0010218002022538400225300000201B400FB000A42726004010F1
:200D00000100222600002782B800A2AFB000A6279800A5271215400F25206002BAFF001011
:200D2000218002022538400225300000F0000524201B400FB000A42717004010B000A28FB4
:200D4000B400A38F01003126251043000C004014B800B1AFD84D400F7CD0A4269800A38F11
:200D6000A000A78F1000A3AF253040007CD0A526BF2D400F25206002A3FF00102180020256
:200D8000E2FF00107800072425384002213090020226400FB000A427010031269AFF00104A
:200DA000B800B1AF25304002A046400FB000A427F9FF40100100222600002782B000A6271D
:200DC0009800A527252060026151400FB800A2AF8DFF00102180020280000224EEFFA21474
:200DE000010007240000428E01003126040043240000428CB800B1AF000043AEB000A2A368
:200E0000B000A6279800A5277B38400F252060027DFF00102180020280000224DEFFA214DE
:200E2000253800000000428E0100312604004324000043AE0000468CF2FF0010B800B1AFE6
:200E400080000224D4FFA2149800A28F01003126A000A78FB800B1AF1000A2AF019D053C14
:200E600001000624C2FF001084D0A524FFFF0224B800B6AF9800A0AFA000A0AF9C00A2AF55
:200E80001000A0AFF5FF00102538000099FE001025A00002D5FE6054B800A4AFD3FE0010B1
:200EA00000000000A0FFBD275C00BFAF5800B3AF5400B2AF5000B1AF4C00B0AFA300023C3A
:200EC000000442242000A2AF2400A0A72800A0AF2C00A0A74010022408008214FFFF11249B
:200EE00000A0023CF4024290010043300B0060100200423000A0113CE0023126251020026C
:200F00005C00BF8F5800B38F5400B28F5000B18F4C00B08F0800E0036000BD27F7FF401464
:200F2000FFFF11240400B08C0C00028EF4FF4010251020020800B28CF2FF40125C00BF8FD5
:200F40001800428EEFFF4010251020021C00428EEAFF4010100106242528000000A0043C87
:200F60003F4E400FE402842400A0023CE0024224FFFF03240C0043AC080043AC3C00032467
:200F8000880043AC0C00038E500043AC0400038E540043AC0800038E580043AC300003967D
:200FA000180043A4320003961A0043A41000038E5C0043AC1400038E600043AC1800038EDD
:200FC000640043AC1C00038E680043AC3600049601008530FFFF0324FCFF02240B18450086
:200FE00000A0023CE00242241C0043AC160044A40000438E04004A8E0800498E0C00488E54
:201000001000478E1400468E1800458E1C00448E200043AC24004AAC280049AC2C0048ACC4
:20102000300047AC340046AC380045ACFFFF63300400632C040060103C0044AC00A0023C9C
:2010400004000324000343A400A0023C020342948000442C03008014800003240F0042241F
:20106000F0FF433000A0113CE0023126220023A688BF123C00905236400032AE7446400F27
:201080003C000424FE2D400F252020022B4E400F8800248E000605242D51400F2520400286
:2010A0003800328E0000428E3C00258E09F8400025200000FFFF03249B00431000A0033C01
:2010C000E80262AC1400428E0300052409F840002520000025204000FFFF022492008210B5
:2010E00000A0063C0C0024AE3C00238E080065943000A5AF3000228E3400A2AF0C00628C5F
:201100003800A2AF0F0002243C00A2AF1400628C4000A2AF2C00428E4C03C62409F840007B
:201120003000A5278100420400A0043CFFC0053488BF043C8E50400F00908434019D023C3C
:20114000BCA7422425280000251800000100072408000624042067005700843003008010B5
:20116000010063240000448C2528A400F9FF66140400422488BF113C9250400F009024369B
:20118000300005249650400F00902436020005243551400F00902436252800003751400FC9
:2011A000009024369A50400F009024369E50400F00902436A250400F009024363B00028A09
:2011C0003800029A1800A2AF3C0002921C00A2A33D0002921D00A2A3060006242000A52752
:2011E000EE4B400F1800A42709004010060006242800A527EE4B400F1800A4270400401048
:201200001800A52788BF043C164C400F0090843400A0113CE00231261000B1AF019D073CF3
:20122000F834E7240200062420002596E026400F25202002200023963B004314019D073C68
:2012400000A0113CE00231261000B1AFF834E7240100062424002596E026400F25202002FB
:20126000240023963000431400A0023C0603519407002012030006242528200200A0043C89
:201280005F1D400FE00284242800225600A0043C00A0023C08035294080040120100262EFB
:2012A000403006002528400200A0043C5F1D400FE00284241D00425600A0043C00A0113C72
:2012C000E00231262C80828F1000225200A0023C2000138E140040142400128E7446400FC0
:2012E0008800248E2B4E400F8800248E900020AE8C0020AE980020AE940020AE9C0033AEB5
:20130000A00032AE2C8091AF00A0023CE002422414004490010003240400647C140044A04F
:20132000F6FE0010100043AC00A0043C7B2B400FE0028424F1FE0010FFFF1124B8FFBD277E
:201340004400BFAF4000BEAF3C00B7AF3800B6AF3400B5AF3000B4AF2C00B3AF2800B2AFAD
:201360002400B1AF2000B0AF0F000524FC4A400F020004242598400001004230090040506A
:20138000020073320100162400A0153CFC11B526324D400F020004247100401425A04000D0
:2013A000020073326200601200A0033CFC1163241800628CD0074224180062AC6210043C24
:2013C000D34D84241900440010100000821102001751400F140062AC5500401825A84000A0
:2013E00000A0023C0012538C1400732625A0000000A0163CD24B400F252080022590400092
:201400001000708E1500001225886002FC11D7261400E28E0800038E231043003400E38E46
:201420002B104300A1004014FCFF0526F64C400FECFF248E303A400F10006426FFFF072469
:2014400025300000040005264235400F252040021000308EEFFF00561400E28E0000308E67
:2014600016000052ECFF228EFC11D7261400E28E0800038E231043003000E38E2B104300AD
:201480000D004014FCFF0526F64C400FECFF248E303A400F25202002FDFF072425300000FB
:2014A000040005264235400F252040020000308EEFFF00561400E28EECFF228E2400428C9D
:2014C0002000238E2B10430017004054010094262400228E140040500100942625B8000047
:2014E000303A400F252020020E00401025804000FCFF4524F64C400FECFF248EFCFF0724D1
:2015000025300000040005264235400F252040020100F7262400228E2B10E202F0FF4014A6
:201520000000000001009426B2FFB4163C0073264400BF8F4000BE8F3C00B78F3800B68F82
:201540003400B58F3000B48F2C00B38F2800B28F2400B18F2000B08F0800E0034800BD27EF
:201560001800908EC249400F252000020000029644005614F2FF0524040003960604022467
:2015800041006214020006241B00178A1800179A2800918E0400B28E4750400F252020020B
:2015A0001100038A0E00039A1800A3AF001902002318620080180300219043021800A5274B
:2015C0003F31400F0000448E050040102590400008000626252840002234400F2520200263
:2015E0000400228E2700E21602000524420022960010423024004014020006241500405622
:20160000060002960400B78E4750400F252020020091020023904202809012002190F20245
:201620001800A527BC33400F0000448E080040102520400000004294020042301600401029
:201640000800062614004726C140400F80000524060002960B005614020005241100078AFC
:201660000E00079A0400268E3C0022261400A2AF080010261000B0AFA11C400F25202002FA
:201680000200052402000624E04B400F252080023FFF001000000000252880002234400FF2
:2016A00025202002EBFF00100600029642005E960010DE33FC11D726FCFF039600026230A2
:2016C000020040504000E2964200E296120004962B108200190040500000108E1400E28ED2
:2016E0000800058E231045003800E58E022085702B104400110040540000108E0300C0137D
:20170000000163300D0060500000108E0400078E0400468E1400A0AF188082271000A2AF64
:2017200001000524A11C400F252040021200029601004224120002A60000108EDFFF00564F
:20174000FCFF039646FF00100000308E90FFBD276C00BFAF6800BEAF6400B7AF6000B6AF31
:201760005C00B5AF5800B4AF5400B3AF5000B2AF4C00B1AF4800B0AF0800908CD600001228
:20178000259000000400958CD400A012251040022800A28ED1004050251040020C008A8C20
:2017A000CD0040113400AAAF1000968CCA00C01200A0023C0000898C1400838CB40F49ACE2
:2017C000B40F4224040055AC080050AC0C004AAC100056AC140043AC2518C002251040014B
:2017E000010004240000458CD200A410FFFF6324FCFF60140800422425A0000025280000F5
:20180000D349400F252080022598400000A0023CC4006012D40F53AC0000838E00A0023CB4
:20182000D80F43AC3000B0AF0800628E6C0006242528000209F8400025206002B900401075
:20184000B08082AF253000022528A0020A47400F25206002B30040102590400000A0023CC4
:20186000CC0F50A4CC0F4224040056ACA900001AB0809E8F25B8A0022588000025300000B1
:201880002528C003FC16400F2520E002A5004010010031266C00DE27F8FF11163800F7267F
:2018A000B080918F00A0033CCE0F639425282002254000000C000010252000006C00A524BB
:2018C0002538A000253080004400EA8C040049150100C62401006324FFFF63302540400071
:2018E000F9FF06166C00E72401008424F3FF04164400A98C0200001100A0023CCE0F43A47A
:2019000000A0023CCE0F4294860040146C00232601000224ACFF668C0A00C010252860005C
:201920002A3850000B00E010252040001800A78C7C00C7100000000001008424FBFF04161A
:201940006C00A524010044243000A58F6F00A2146C006324AC8080AF1800A0AF1C00A0AF40
:201960002000A0AF2400A0AF2800A0AF00A0023CCC0F4294230040106400312625B8000074
:20198000019D023C641942243800A2AF019D023C10D042244000A2AF00A0023C3C00A2AFE1
:2019A000F4FF37A6FFFF2292801002001800A327211862003000A3AF00007E8C3800A48F9F
:2019C000211044001000BEAF0000478C4000A68F070005249C4E400F25202002060020A235
:2019E0000100DE273000A38F00007EAC0100F7263C00A28FCC0F42942A10E202E8FF4014C0
:201A00006C003126800206242528000000A0043C3F4E400F340D8424908080AF00A0023C48
:201A20000000878E0400868E0800858E0C00848E1000838E900C47AC900C4224040046AC98
:201A4000080045AC0C0044AC100043AC00A0113CA40C312690003426EA50400F25202002C4
:201A60000C003126FCFF341600A0023CE40F40AC1600001AB080948F2588000000A0173CDE
:201A8000AC3D400F2000A48E252040004408047C01000324230083142538C002CC0FE42685
:201AA0001C0082AC100094AC140091AC3400A68F0110400F2528A0021A00401001003126C1
:201AC0006C009426EEFF11163800B5261800628E09F8400025206002251040026C00BF8F98
:201AE0006800BE8F6400B78F6000B68F5C00B58F5800B48F5400B38F5000B28F4C00B18FF4
:201B00004800B08F0800E0037000BD2781FF00102510800000A0023CCE0F42948DFF40104D
:201B2000B080918FFF2B400F25900000EBFF00102510400231FF00100400548CD0FFBD27DF
:201B40002C00BFAF2800B1AF2400B0AF00A0033C7408628C0700422CED0040107408638C7A
:201B600080180300009D023C7C1B4224211043000000428C0800400000000000981B009D18
:201B8000F41B009DA01C009D0C1E009D4C1C009D101F009D001F009D00A0103C740810264E
:201BA000FFFF1124100011AE392B400F070004242520400008005110100002AE0100062468
:201BC000009D053C3850400FDC79A52400A0023C01000324740843AC6D2F400F00000000D6
:201BE0002C00BF8F2800B18F2400B08F0800E0033000BD2700A0103C74081026FFFF0224DF
:201C0000140002AE5D4E400F1000048E02000324F1FF4314140002AE00A0113C000202241B
:201C2000080002AE0002062400A0053C9008A524A54E400F1000048E01000224040002AEBF
:201C400004000224E4FF0010740822AE00A0023C8C084290E0FF401000A0023C74084224E8
:201C6000180040A00400428C01000324040043140200032400A0023CD7FF0010740843ACBF
:201C8000060003240300431400A0023CD2FF0010740843AC01000324CFFF0010740843AC22
:201CA00000A0033C9008622400024290900862A000A0033C7C0860AC0600432CC6FF6010A0
:201CC00080180200009D023CDC1C4224211043000000428C0800400000000000D81B009D17
:201CE000F41C009D281D009D541D009D8C1D009DE81D009D2551400F0000000000A0033CBB
:201D00009008632402220200010064A0020062A000A0023C7408442403000324080083AC52
:201D2000ADFF0010740843AC089D053C019D043C3C44400F0080843400A0023C03000324A9
:201D4000740843AC7408422401000324A2FF0010080043AC00A0023C8008458CFDFFA5246A
:201D600000A0043C840A400F910A84249AFF401400A0023C7408432401000424080064AC74
:201D80000300032494FF0010740843AC00A0023C910A432403006488910A44981400A4AF5E
:201DA00000A0023C950A432403006588950A4598FB40400F1000A5AF003A447C1800A2A78A
:201DC00000A0033C910862A091086324010064A000A0023C7408442403000324080083AC41
:201DE0007DFF0010740843AC00A0023C7408432401000424080064AC06000424040064ACA8
:201E00000300032474FF0010740843AC00A0023C7C08508C70FF00122528000200A0113CAF
:201E2000FB40400F900824269008312621181102000062A0003A427C010062A002000226D4
:201E400001000324000223A216004010010006242510200221801102020010260100043C7E
:201E6000120084242518200210000824000045901100A72C0600E0100638A4000100E73064
:201E80000300E0102138C3000002E8A00100C6242138C3000002E5A001004224F3FF50145E
:201EA0000100C62400A0023C900842242110C20004000324000243A000A0103C74081026BA
:201EC000080000AE0100C62400A0053C900AA524AD4E400F1000048E0400038E0600022470
:201EE0000300621000A0023C03000324780843AC00A0023C0400032437FF0010740843AC3C
:201F0000574A400F0000000033FF00100000000000A0023C070003242FFF0010740843ACDA
:201F20002540C000251080009400E0142518A0002B30A6003200C010203006710600C010C2
:201F400023200600062082000418C5000440C800251883000410C200022C08001B00650057
:201F6000F401A000FFFF0731024C0200122000001018000002208770001C0300251869000E
:201F80002B4864000800205123186400211868002B486800030020152B4864000100205551
:201FA00021186800231864001B006500F401A000FFFF4230122000001018000002208770E9
:201FC000001C0300251062002B1844000900605023104400211048002B18480005006054D7
:201FE000231044002B1844000100605421104800231044000610C2000800E003251800003E
:2020000004000015010003241B006800F401000112400000203006712900C01420000324A9
:202020002328A800022408001B00A400F4018000FFFF0731024C0200121800001028000063
:2020400002186770002C05002528A9002B48A300080020512328A3002128A8002B48A800DF
:20206000030020152B48A300010020552128A8002328A3001B00A400F4018000FFFF423019
:20208000121800001028000002186770002C05002510A2002B204300D6FF8050231043003C
:2020A000211048002B204800030080142B2043000100805421104800CEFF0010231043004E
:2020C000231866000438C5000440C800061064000628650025104700023C08001B00A700C1
:2020E000F401E000FFFF093102540200121800001028000002186970002C05002528AA00FE
:202100002B50A300080040512328A3002128A8002B50A800030040152B50A30001004055FA
:202120002128A8002328A3001B00A700F401E000FFFF423012180000102800000218697064
:20214000002C05002528A2002B10A300090040100410C4002128A8002B10A8000500401423
:202160000410C4002B10A300010040542128A8000410C400ABFF00102328A3002B40A70091
:202180005C0000152040E8700B000055200002242B40E500030000152B40860055000015AD
:2021A00000000000231086002338A7002B1882000800E0032318E3002310480006184600B7
:2021C00004380701253867000264070004180501062845001B00AC00F4018001FFFFEA30A0
:2021E0000658440025586301021C0B00127000001028000002684E71002C05002518A3003F
:202200002B286D000A00A0102548C001211867002B2867000600A014FFFFC9252B286D0056
:202220000400A05023186D00FEFFC9252118670023186D001B006C00F4018001FFFF6B3138
:20224000122800001018000002504571001C030025186B002B606A000A0080112558A000A0
:20226000211867002B60670006008015FFFFAB242B606A0004008051004C0900FEFFAB2479
:2022800021186700004C090025482B01042806011900250123186A001058000012500000CF
:2022A0002B606B000420040125486001050080152530400107006B142B608A0006008011CF
:2022C0002330860023304501233867012B5046012348EA00233086002B2086002318690064
:2022E00023186400041043000630060125104600061803010800E003000000002540C000FE
:202300002548E000255080009300E0142518A0002B10A600350040102010C27006004010F9
:202320002320020006208A0004184500044046002518830004504A00022C08001B006500A9
:20234000F401A000FFFF043102140A00123800001018000002308770001C0300251862003C
:202360002B5866000A0060112510E000211868002B58680006006015FFFFE2242B586600F0
:202380000400605123186600FEFFE22421186800231866001B006500F401A000FFFF4A3114
:2023A000123000001018000002208670001C030025186A002B3864000800E0102528C00009
:2023C000211803012B40680004000015FFFFC5242B20640001008054FEFFC524001402006D
:2023E000251045000800E003251820010400C014010002241B004600F401C00012400000B3
:20240000203807711E00E054200002242328A80001000924021C08001B00A300F4016000FA
:20242000FFFF043102140A00123800001028000002308770002C05002528A2002B58A60055
:202440000A0060112510E0002128A8002B58A80006006015FFFFE2242B58A6000400605173
:202460002328A600FEFFE2242128A8002328A6001B00A300F4016000C9FF0010FFFF4A3122
:20248000231047000440E8000418E50002540800062845001B00AA00F4014001063044004F
:2024A0002530C300FFFF0331024C0600125800001028000002106B70002C05002528A900C8
:2024C0002B60A2000A008011254860012128A8002B60A80006008015FFFF69252B60A200EE
:2024E000040080512328A200FEFF69252128A8002328A2001B00AA00F4014001FFFFC630C2
:20250000125000001028000002106A70002C05002528A6002B30A2000A00C01025184001BC
:202520002128A8002B30A8000600C014FFFF43252B30A2000400C050004C0900FEFF43259C
:202540002128A800004C09000450E4002328A200B0FF0010254823012B18A7002548000069
:20256000A0FF6014251000002040E87007000055200002242B38E5009AFFE01401000224BD
:202580002B10860097FF00100100423823104800061846000438070125386700025C07000D
:2025A00004180501062845001B00AB00F4016001FFFFE930065044002550430102140A00E0
:2025C000126800001028000002602D71001C0500251862002B286C000A00A0102510A0013A
:2025E000211867002B2867000600A014FFFFA2252B286C000400A05023186C00FEFFA225E4
:202600002118670023186C001B006B00F4016001FFFF4A31125800001018000002282B71C6
:20262000001C030025186A002B5065000A00401125486001211867002B50670006004015EE
:20264000FFFF69252B5065000400405100140200FEFF6925211867000014020025104900A4
:20266000043006011900C20023186500103800002B486700070020151230000059FF671431
:2026800025480000042004012B20860055FF801000000000FFFF422452FF001025480000BD
:2026A000B8FFBD274400BFAF4000BEAF3C00B7AF3800B6AF3400B5AF3000B4AF2C00B3AF28
:2026C0002800B2AF2400B1AF2000B0AF1800838C030002241A0062142598800000A0023C73
:2026E0000C125090C800001200A0023C0012518C4750400F1000848C002102002320820047
:20270000802004005A48400F21202402251000024400BF8F4000BE8F3C00B78F3800B68F68
:202720003400B58F3000B48F2C00B38F2800B28F2400B18F2000B08F0800E0034800BD27FD
:2027400000A0023C0812548C9B0080162590A000EEFFA010258000000400A39000A0023CC4
:20276000FC114224100043A00400428C08004010000090940400601400A0023CFC11428C74
:20278000040050500800648E6A25400F000000000800648E00A0033CFC116224080044AC59
:2027A000FC1170AC0800438E300043AC0C00438E340043AC1000438E380043AC1400438E0B
:2027C0003C0043AC2000438E400043A42400438E420043A40400428C770040143C00062495
:2027E0000800828C09F84000252800022588400000A0023C001251ACC4FF201225800000BF
:2028000000A0023CFC11428C4F0040180000438E4010030021104300C01002002800422460
:202820001000A2AF00A0153CFC11BE26019D173C019D163C019D023C1400A2AF019D023C57
:202840001800A2AF0800C48F0400828C09F840001000A58F05004014258040006A25400F01
:2028600000000000AAFF00102510000228004224000002AE040011AE18000224080002AE71
:202880000000428E0C0002AE01000224100002AE3C2BE226140002AED00FC226180002AE03
:2028A0001400A28FF03F42241C0002AE1800A28F98434224200002AEDE4A400F252000025A
:2028C000000030AE5C47400F0400242609004010000000005C47400F1400242605004010DC
:2028E000000000005C47400F24002426050040540000228E6A25400F2580000084FF001019
:20290000251000020C00428C1800438E0210437063004224EB51033C1F856334190043001D
:202920001010000042110200340022AE1C00428E380022AE01009426FC11A28E2A10820274
:20294000C0FF40143C003126C04A400F00A0103CFC111026440002AED0070624009D053C76
:202960003C13A524B142400F020004241C0002AE00A0043CB34F400F1C1284244400038E2B
:202980000600601000A0033C1812638C03006010000000000500405400A0023C6A25400F01
:2029A000258000005AFF001025100002FC114224180040AC140040AC00A0103CFC1110262C
:2029C0000400118E4750400F1000648E100003920700605000A0023C00210200232082004A
:2029E000802004005A48400F2120240200A0023CFC1142240C00438C010063240C0043AC2C
:202A000042FF00100100102440FF001001001024C0FFBD273C00BFAF3800BEAF3400B7AF20
:202A20003000B6AF2C00B5AF2800B4AF2400B3AF2000B2AF1C00B1AF1800B0AF25908000B7
:202A4000288082930800401425B0A00000020624FF00052400A0043C3F4E400FE000842450
:202A600001000224288082A30500C22E1800401000A0023CE8124390FD0064300800801031
:202A800025100000FCFF6424FF0084300200842C03008014010063382B180300231003006A
:202AA0003C00BF8F3800BE8F3400B78F3000B68F2C00B58F2800B48F2400B38F2000B28F76
:202AC0001C00B18F1800B08F0800E0034000BD272510000000A0173CE012F026219042020F
:202AE00000005192E012F1A203004292080002A2040043260C0003AE1000B1AF25204002CA
:202B0000050045262128B10025180000000086902118660001008424FCFF8514FF0063308A
:202B20009200601404000324700043100500432C8B00601002000324640043100300432CE0
:202B400088006050140000AE7000401400A0023C1800028E1400038E211043000200439241
:202B60002110430001004392001A0300211043004E002012040002AEFE621E3C0080DE37F7
:202B80000600023C018042341400A2AF00A0133CD00073260400148E0080153C25A8950262
:202BA0002110BE021400A38F2B10430034004010000202240C00638E040062540400638E08
:202BC000DB41400F2520A0020400638E0800628E211862000C007510E012F1920C00628E19
:202BE0002110A202231043000002422C04004054FF019432DB41400F2520A002FF019432A4
:202C00000C0074AEE012F1920C00648E211091000102422C0300401425A020020002142468
:202C200023A084020500801225308002100084240C00058ECD4D400F212064020C00628E7A
:202C4000211054000C0062AE040075AE080074AE0400028E21105400040002AE0C00028E19
:202C6000211054000C0002AE23883402FF003132C8FF2016E012F1A20D0000101000A28FF0
:202C800004009426040014AE0C00028E040042240C0002AE0400222E03004014FCFF3126F1
:202CA000F3FF0010FF003132E012E0A21000A28F0500422423B0C2020500C32E88FF6050CC
:202CC000219042026BFF001000A0023C040042920013020005004392001903002110430050
:202CE000140002AEF1FF0010180000AE040042920016020005004392001C030021104300ED
:202D0000180002AEE9FF0010140000AEDC00428C1000401000A0113C00A0133CE0006526E0
:202D20007E4C400FD000248ED0002326080060AC0C0060AC019D023C00804234040062ACCF
:202D4000D00022AE00020624FF0005243F4E400FE0006426140000AED4FF0010180000AECE
:202D6000140000AED1FF0010180000AE4CFF0010F6FF0224B0FFBD274C00BFAF4800BEAF73
:202D80004400B7AF4000B6AF3C00B5AF3800B4AF3400B3AF3000B2AF2C00B1AF2800B0AF6F
:202DA0000F000524FC4A400F03000424010042300800401040001724F2FF132400A0163CBB
:202DC0004412D526324D400F030004240D004014258040004C00BF8F4800BE8F4400B78FAA
:202DE0004000B68F3C00B58F3800B48F3400B38F3000B28F2C00B18F2800B08F0800E003AE
:202E00005000BD271800118E00002292F00042309B005714252860020000328E809012001A
:202E20003C0052321400422E96004014030006241000028E0C0042942B1052009100401443
:202E400000000000A810400F0200249625A040002B1052008A00401425286002A14D400F53
:202E6000252000022BA05400850080162528600228001E8E8200C013ECFF05244200C2974A
:202E80004000423087004010FFFF02240C00238E7B006210F5FF05240800C28F271002002C
:202EA0000400C48F2510440076006210030006241000348E73008012F4FF05240000268E86
:202EC0000400248E0800258E1000A6AF1400A4AF1800A5AF1C00A3AF2000B4AFA810400F51
:202EE000022404001600A2A71400A28FFF3F033C2410430062004014252860022000028EFB
:202F000000014230060040142530000025284002B010400F2520200259004014F6FF0524BF
:202F20000400C48F0800C38F24288300170085125C80828FFFFF0524110085122718030065
:202F4000251864000E0083122000A393F0006330E0000524270065100001033C7F00632469
:202F600003008312010042300800841600000000240040501800118E040000100000000025
:202F8000020042301F0040501800118E6080828F6080838FFDFF4314000000003800401099
:202FA000ECFF05242C42400F2520A0024412D18E0C00201200000000080022920600401054
:202FC000252840020400228E09F84000252000023A004014000000000000318EF7FF20566D
:202FE000080022927047400F2520A00224000010ECFF052404004230E4FF40140000000033
:203000001800118E0000328E809012003C005232211032021C0002AE1000038E0C00629483
:20302000231052000C0062A4A810400F02002496020022A6231052002C0002A6A810400F0C
:2030400006002496060022A60400228E09002492110003240A008314F1FF0524FF3F033C00
:203060002410430057FF401401000624252800029C3F400F0900042452FF4014F1FF05249C
:2030800003000624E04B400F252000024DFF001000000000FAFF001025286002F8FF001027
:2030A00025286002F6FF0010ECFF0524F4FF0010F5FF0524F2FF0010252860027047400F72
:2030C0002520A002CFFF00101800118EC0FFBD273C00BFAF3800B5AF3400B4AF3000B3AF62
:2030E0002C00B2AF2800B1AF804D400F2400B0AF9600401025880000258040003D4C400FCC
:203100002520400092004010251020023C00078E0002E230970040540C00028E0800118E9E
:203120000000028E23882202FFFF313287002012010002246400039284006214258800004F
:203140001400028E810040108000E230040040108001E77C2400028E0E0040543C00028E0E
:2031600018000626140005262738400F2400048E240002AE75004010258800003C00028E56
:2031800080004234010003248431627C3C0002AE3C00028E0300423002000324050043548C
:2031A0000C00128E0E4D400F2400048E140002AE0C00128E1800028E380042AE1400028E1F
:2031C0003C0042AE2400028E400042AE3C00028E00024230690040500800118E480055263C
:2031E00054005196080002241C00538E1000438E0C006494211044000C0062A4080034269B
:20320000FFFF9432A810400F2A000496000062A6A810400F28000496020062A6A810400F3D
:2032200025208002040062A6060060A62400028E60004290020042301E004014253000008E
:203240003800428E1000A2AF3C00428E1400A2AF1800A0A3110002241900A2A304006296A8
:203260001A00A2A70C000524B010400F1000A427273002003C00028E00024230460040109D
:20328000FFFFC63008000524B010400F2520600227300200FFFFC63025282002B010400F88
:2032A0000800A48E27100200FFFF423027100200060062A63C004292F0004230E00003246B
:2032C0003B00431466000292FF00433001006050010002241D00A2A34400028EC028437C3B
:2032E0001C00A3A34002427C1E00A2A31C00A72725308002110005246312400F25204002C3
:20330000000040AE3C00028E8004427C340042A6CD4E400F252040020D00401425102002EC
:203320001000428E0C0040A43C00028E000242302D0040500000028E540040A62000428E06
:20334000C418027C200042AE25880000251020023C00BF8F3800B58F3400B48F3000B38F10
:203360002C00B28F2800B18F2400B08F0800E0034000BD276DFF0010540051940000028EC1
:2033800023882202FFFF313208002226FFFF423095FF001025A8000025288002B010400FEE
:2033A0002520600227100200C0FF0010FFFF42301D00A2A34400028EC028437C1C00A3A3AF
:2033C0004002427C1E00A2A31C00A72725308002110005246312400F25204002000040AE56
:2033E000CAFF001025100000D4FF0010080002AEB8FFBD274400BFAF4000BEAF3C00B7AF88
:203400003800B6AF3400B5AF3000B4AF2C00B3AF2800B2AF2400B1AF2000B0AF0F00052492
:20342000FC4A400F090004240100533007006012F2FF1E240200173CF1FF1524324D400F4A
:20344000090004240D004014258040004400BF8F4000BE8F3C00B78F3800B68F3400B58F5F
:203460003000B48F2C00B38F2800B28F2400B18F2000B08F0800E0034800BD272C00029664
:203480000800422C970040142528C0032000148E24A09702930080162528A0021C00128EC8
:2034A000A810400F04004496258840002C0002968C0051142528C003060042961D0040102A
:2034C0001800168E2000028E0004423019004014253000000C00C28E1000A2AF1000C28E2B
:2034E0001400A2AF1800A0A3110002241900A2A3040042961A00A2A70C000524B010400FF4
:203500001000A427273002002000028E0400423041004010FFFFC6302538C0002530200238
:20352000252840028124400F252000026D004014F6FF0524A810400F00004496000042A619
:20354000A810400F02004496020042A6F8FF3126040051A65480898F6900201928000C8E05
:203560005880878F2530000001000B240F0008240000F18C580020520100C6243C00258E7C
:203580002418B700540060500100C624600024965000238E2A1864004F0060500100C6249E
:2035A0002A0023964C0062540100C624640023921E006B1025208002460060142520600261
:2035C0002518800228002D9600004A961900AA150400AA300200633424002A8E19008A157E
:2035E00000000000040063341C002A8E030040111000A5301900A0501800058E08008434AF
:2036000025186400340068540100C6240100022418000010640022A225282002B010400F39
:2036200025204002C1FF001000000000E5FF001025186002E8FF405502008434E7FF001074
:2036400024002A8E030040110800AA30E7FF40511C002A8EE4FF0010040084340C00A58C21
:20366000E8FF45552518640008006334E5FF681425186400440022960200423005004010C3
:20368000E00003241000C292F0004230150043142528A00225280002024D400F4800242683
:2036A000620022960001423064FF4010000000005400228E61FF4010000106245800278EDE
:2036C0002800058E09F84000120024865BFF0010000000000100C624A5FF26150400E724EF
:2036E0002528A00209000624E04B400F2520000252FF001000000000FAFF00102528A0028E
:20370000F8FF00102528A002D0FFBD272C00BFAF2800B1AF2400B0AF258880002580A000E9
:203720001400A0A71800A0AF4800828C1000A52709F8400025200002290040041800A627BB
:203740002800228E2528000009F84000252000021000A3970800632C21006010F7FF02242E
:203760001000A39780180300009D023C80374224211043000000428C0800400000000000E2
:20378000A037009DF437009D5838009DA038009DE438009D3839009D8C39009DD039009D7C
:2037A0005000228E1800A68F2528000009F84000252000020A004004010003240900431015
:2037C0002C00BF8F010002241000A2A74C00228E1000A58F09F84000252000020100022400
:2037E0002C00BF8F2800B18F2400B08F0800E0033000BD275400228E1400A52709F8400060
:2038000025200002F6FF400401000324F5FF43102C00BF8F1400A287090042041000A0AF54
:20382000020002241000A2A74C00228E1000A58F09F8400025200002E9FF00100100022420
:203840004C00228E2528000009F8400025200002E3FF0010010002245800228E1800A78F28
:20386000380006962528000009F8400025200002DBFF400401000324DAFF43102C00BF8FB3
:20388000030002241000A2A74C00228E1000A58F09F8400025200002D1FF001001000224D7
:2038A0005000228E1800A68F2528000009F8400025200002CAFF400401000324C9FF431096
:2038C0002C00BF8F040002241000A2A74C00228E1000A58F09F8400025200002C0FF001054
:2038E000010002245400228E1400A52709F8400025200002BAFF400401000324B8FF431006
:203900001400A3973800049624286400B4FFA414FFFF02241200A3A7050002241000A2A768
:203920004C00228E1000A58F09F8400025200002ABFF0010010002241200A69738000296BF
:203940002630C2005800228E1800A78FFFFFC6302528000009F8400025200002A0FF40044D
:20396000010003249FFF43102C00BF8F060002241000A2A74C00228E1000A58F09F84000AE
:203980002520000296FF0010010002245000228E1800A68F2528000009F8400025200002F2
:2039A0008FFF4004010003248EFF43102C00BF8F070002241000A2A74C00228E1000A58FED
:2039C00009F840002520000285FF0010010002245400228E1400A52709F840002520000238
:2039E0007FFF4004010003247EFF43102C00BF8F380003961400A297241043002B100200C1
:203A000077FF001023100200981200A02400000000000000100000A00800000001000000C4
:203A2000FFFFFFFFFFFFFFFFD00000A01002000004000000000180019D000180019D00FFCB
:203A400000FF000AE01200A01C00000000000000280000A00100000000000000740800A0CA
:203A60001C04000000000000E00200A014010000010000005CA8009D0000000000000000ED
:203A8000000000000000000000000000000000000000000000000000000000000000000026
:203AA000000000000000000000000000000000000000000000000000000000000000000006
:203AC0000000000000000000000000000000000000000000000000000000000000000000E6
:203AE0000000000000000000000000000000000000000000000000000000000000000000C6
:203B00000000000000000000000000000000000000000000000000000000000000000000A5
:203B2000000000000000000000000000000000000000000000000000000000000000000085
:203B4000000000000000000000000000000000000000000000000000000000000000000065
:203B6000000000000000000000000000000000000000000000000000000000000000000045
:203B800000000000000000002C0000A00400000000000000901100A06C00000000000000A8
:203BA000300000A00800000000000000E81000A0A800000000000000380000A024000000F1
:203BC00000000000FC1100A04800000000000000180000A00600000001000000FFFFFFFF35
:203BE000FFFF0000441200A02C000000000000005C0000A01E00000000000000900C00A04F
:203C00005C030000000000007C0000A03800000000000000200000A004000000010000002C
:203C2000FFFFFFFFB40000A00C00000000000000701200A02800000000000000F00F00A03F
:203C4000F800000000000000240000A0020000000400000001000100C00000A00800000038
:203C600000000000F40300A02400000001000000010000000100000000000000B0E5009D54
:203C80003010019D52990000F4010000D007000001000000FC1200A00C00000000000000D4
:203CA0001C0400A05804000000000000C80000A00500000000000000EC0F00A004000000DC
:203CC00000000000180400A0040000000100000001000000081300A0040000000000000063
:203CE000BC1200A024000000000000000C1300A004000000000000000000000066666666D7
:203D00006666666666666666C0FFBD273C00BFAF3800B6AF3400B5AF3000B4AF2C00B3AFD0
:203D20002800B2AF2400B1AF2000B0AF259080002700C0102588A000259880000100142408
:203D40004000448E8F008010251000009847400F3C00452621004010258040003F004288C9
:203D60003C00029A1000A2AF400002921400A2A3410002921500A2A3400050AE2528200201
:203D80006745400F25200002258040007D00001225100000280030AE000807243C00062697
:203DA0001000A5271C39400F252020022000228E10004234200022AE01000624252820023C
:203DC0007836400F252000026E000010010002242598A000DAFF0010020014243C00568E5A
:203DE000FFFF02240500C2124000558E0E4D400F2520A0023300C216FFFF02241000A2AF82
:203E00001400A2A71000B027252820026745400F4000448E259040005A004012251000000C
:203E2000280032AE000807243C004626252800021C39400F25202002A14D400F25202002A1
:203E4000F2FF42245E004396FFFF42302B1862004C006014251000006300001625282002E2
:203E60006880828F0900401425300000009D053C987FA5241C46400F252000002518400066
:203E8000688082AF3F006010251000005800509600A0043C2C42400F6012842400A0043C50
:203EA000B64B400F54128424400040142528400000A0043C7047400F601284243100001042
:203EC000251000000800A012030002246300A392060062543C0042921000A0AF1400A0A7AC
:203EE000C9FF00101000B0273C00429220004224FF0042301000422C0E00401001000224F9
:203F00001000A2A31100A0A35E0002241200A2A33D0042927F0042301300A2A33E004292B1
:203F20001400A2A33F0042921500A2A3B6FF00101000B0273C00438E0400A28E2610620036
:203F40000800A48E24104400010040540C00A38E1800A3AF010007241000A6271800A52786
:203F6000E63C400F2520A0020200032423004310010003244408027CA4FF431025282002F3
:203F8000251000003C00BF8F3800B68F3400B58F3000B48F2C00B38F2800B28F2400B18FBF
:203FA0002000B08F0800E0034000BD27040054A0050050A0080053AC1800A28F0C00A2ACFC
:203FC00000A0103C024D400F601204267047400F601204262000228E08004234200022AEDB
:203FE000E8FF0010010002240B4B400F2520400227100200E3FF0010C217020082FF0010E0
:204000001000B02780FFBD277C00BFAF7800B6AF7400B5AF7000B4AF6C00B3AF6800B2AF4D
:204020006400B1AF6000B0AF258880002590C00025A0E0001000908C1400828C580002A668
:20404000420002961C00838C845A627C420002A64400158E0A00C0105400168E0800E01004
:204060002518E0000000A4962510C0000000458C85008510FFFF6324FCFF601408004224A7
:204080001C00238E0100022457006214019D133C1000338E3800A0AF4000A0AF4400A0AFF8
:2040A0004800A0AF4C00A0AF000022963C00A2A7019D023C743B42241000A2AF019D023C63
:2040C000943B42241400A2AF019D023CB43B42241800A2AF0800228E1C00A2AF019D023CAB
:2040E00084C042242000A2AF019D023C28F542242400A2AF019D023C802F42242800A2AF67
:20410000019D023CC09D42242C00A2AF019D023CA0FA42243000A2AF3400B3AF1400228ECC
:204120005751400F3E00A2A75951400F4000A2A74200A2A71800228E4400A2A31C00228ED7
:204140004500A2A3010002244600A2A73F00628A3C00629A4800A2AF400062924C00A2A35E
:20416000410062924D00A2A35000A0A31000A2275400A2AF5800B6AF0800A28E5000A52756
:2041800009F840000000A496FFFF0324090043104C0002AE1C00A28E0300052409F840006E
:2041A0000000A496FFFF03240E004314500002AE500000AE4C0000AE251000007C00BF8F44
:2041C0007800B68F7400B58F7000B48F6C00B38F6800B28F6400B18F6000B08F0800E00332
:2041E0008000BD27019D133C20197326019D153C4419B5260C004012252840020A008012EC
:20420000252800000000649625188002251040020000458C1A008510FFFF6324FCFF6014AD
:2042200008004224252800000400628E09F8400025202002E1FF40100C007326EDFF7516DB
:20424000000000005000048EDCFF8010010006244400028E4C00428C09F8400096070524F1
:20426000D7FF40107C00BF8F42000396010004248473837CC47B037CD0FF0010420003A6CC
:20428000E9FF00100400458C0400568C7CFF0010540016AEA020047C0800E0030214240063
:2042A000A020047C0800E00325108000A020047CA028057C021425000800E003021C24002D
:2042C000FCFFA8241B000105010007348500A0102518C000FFFFA8240400001500000000A5
:2042E000000083900F00001021186600FFFF0825060000150100839000008890001A03005E
:204300002518680007000010211866000000899002008890001A03002518690021186800AB
:2043200021186600024C0300FFFF6A306D00001021182A01110000001300C000010082307D
:20434000030089300F00201104000B34235869012540000000008898FFFF29250500201132
:2043600008000A34FFFF29250200201108004A2508004A2504404801010007712328AB008E
:2043800021208B004219050040310300130060100000888C0400898C0100077108008A8C36
:2043A000010027710C008B8C0100477110008C8C0100677114008D8C0100877118008E8C2F
:2043C0000100A7711C008F8C0100C771FFFF63240100E771EDFF0010200084242328A600C1
:2043E00002190500003103000B0060100000888C0400898C0100077108008A8C0100277191
:204400000C008B8C01004771FFFF632401006771F5FF0010100084242328A600C2180500D6
:20442000C0300300070060100000888C0400898C01000771FFFF632401002771F9FF001046
:20444000080084242328A6008218050080300300030060100000888C0400842401000771BD
:204460002328A6000F00A0100100A6300400C0140000000001008888090000100244080065
:204480000200A6300400C0140000000000008888030000100246080002008888024208009B
:2044A000010007711048000012400000211828012B58680002006011000000000100632491
:2044C000024C0300FFFF6A3021182A01024C0300FFFF6A3021182A010200401000000000F0
:2044E000A018037C271060000800E003FFFF4230D0FFBD272C00BFAF2800B3AF2400B2AF37
:204500002000B1AF1C00B0AF00A0023CE002422479004414258000002588A0001000A0AF58
:204520001400A0AF00A0023C4803428C050040102590C0000500052400A0043C09F8400008
:20454000C40384241000A7271400A62700A0053C8403A52400A0133CF120400FE002642641
:2045600025804000E00273266800628E040040100600052400A0043C09F84000C403842470
:20458000FFFF02260200422C15004054010002246100001600A0023C1000A28F0400438C4C
:2045A000C005647C080080100001043C0000428C241044001000043C2418640025104300CF
:2045C0002100401000A0023C00A0023CE0024224F800438C01006324F80043ACF5FF022416
:2045E00001002056000022AE00A0023C8C03508C4100001200A0023C4803428C040040108D
:204600000500052400A0043C09F84000C403842400A0103CE0021026AC00058ED31E400F59
:20462000252000026800028E33004010258000000600052400A0043C09F84000C403842454
:204640002E00001025100002E0024224EC00438C010063243A002016EC0043AC00A0023C31
:20466000E0024224AC00438C1C00448C2418640018004484211864000000708C1000038ED1
:20468000000060ACB0004394FCFF6424B00044A41000028EEEFF63240C0043A41000028EC5
:2046A0000800428C140002AE0E0042243749400F180002AE240002AE2000028E0431027C1E
:2046C00008004334200003AE1000A38F0000658C8007A47C1600801000000000280044346A
:2046E00005004012200004AE0000648C0400628C000044AE040042AE251000022C00BF8F18
:204700002800B38F2400B28F2000B18F1C00B08F0800E0033000BD27E0024224FC00438CFD
:2047200001006324FC0043ACADFF0010F6FF0224EBFFA10418004434E9FF00104800443458
:20474000C6FF0010000020AED8FFBD272400BFAF2000B4AF1C00B3AF1800B2AF1400B1AF7B
:204760009439400F1000B0AF5B0040102400BF8F9000508C5000001225884000019D133CE9
:20478000D0147326900054241000028E0400428C050022520F0003923C80828FFEFF4014E7
:2047A000000000000F00039202000224050062500C0002923C80828FFEFF401400000000B8
:2047C0000C000292FFFF4224FF0042300500422C48004010010002240E00039204006254D5
:2047E0000C0002924F51400F1000248E0C000292FFFF422480100200211053000000428C80
:204800002528000209F84000252020020E0002920600422C3B004010000000000E0002925E
:204820000500432C24006014000000001000048E0400838C050023520D0003923C80838FCD
:20484000FEFF6014000000000D000392010063300F0060540C0003920800838C3200601094
:204860000700432C2B006010050003240300431425300000040002240E0002A20800828C5A
:204880000800079609F84000252800020C000392030002240800621002000724253080029B
:2048A000252800021B32400F252020029000308EB6FF00561000028EC84F400F0000000047
:2048C0000000239201006324000023A2CF4F400F252040002400BF8F2000B48F1C00B38FB1
:2048E0001800B28F1400B18F1000B08F0800E0032800BD273C80828FFEFF4014070002247A
:204900000E0002A25151400F1000248EC4FF00100E0002923C80828FFEFF4014ECFF06248A
:20492000D7FF00100800828C0C00039203000224E1FF6210000000009A4B400F2520800264
:204940000A004010259040000F0043900200022404006210000000003C80828FFEFF40146A
:204960000000000004005012252840023C80828FFEFF401425284002AE4C400F9C00242666
:2049800003000224C9FF00100F0042A2D8FFBD272400BFAF2000B4AF1C00B3AF1800B2AF5C
:2049A0001400B1AF1000B0AF2588800025A0A0001800908C4400829014004224FFFF5330FD
:2049C00000000392040004240439837C8068427C0418437C000003A2460022960100423043
:2049E000140040102590E0001400022645002392801803002110430000004390010004247D
:204A0000C439837C4431037C140004240420837C000043A004000324010043A004004324EA
:204A2000212013022B18640002006010020040A4040040A053004012010000A20000429221
:204A4000200042300400401025100000010003248410627C010002A20000429210004230A6
:204A6000040040100100032401000292C418627C010002A200004292080042300400401024
:204A800001000324010002920421627C010002A20000439207006230040040102120660246
:204AA000010002924439627C010002A2A810400FFFFF8430020002A6788084970100842442
:204AC000FFFF8430A810400F788084A7040002A6A810400F25200000060002A6020042927E
:204AE0000400401001000324060002968473627C060002A601004292010040506400022429
:204B0000080002A2090014A20A0000A63800228E0C0002AE3C00228E100002AE4000228E3A
:204B20006000429004004230050040142530000025286002B010400F252000020A0002A668
:204B40001000238E0C006294211062020C0062A41800228E211053001C0022AE4000228EC3
:204B6000280022AE2400BF8F2000B48F1C00B38F1800B28F1400B18F1000B08F0800E00323
:204B80002800BD2721206602A810400FFFFF8430020002A67880849701008424FFFF84308F
:204BA000A810400F788084A7040002A6A810400F25200000060002A6D1FF001064000224BB
:204BC000C8FFBD273400BFAF3000B7AF2C00B6AF2800B5AF2400B4AF2000B3AF1C00B2AF4F
:204BE0001800B1AF1400B0AF5880828F74004010FFFF172425A080002590A0002588C000DD
:204C000025A8E0000200A2300300401025B0000025B0C0002588000040808293FF00423063
:204C2000FDFF40100000000040808293FF0042300A00401000000000C84F400F0000000022
:204C4000408085270000A390FFFF6324FF0063300000A3A0CF4F400F25204000060020162D
:204C60005480838F8C3D400F000000000B004010258840005480838F0800601825980000CB
:204C80005880828F0000448C1B0080105080848F01007326FBFF631604004224C84F400FF0
:204CA000FFFF17244080839301006324408083A3CF4F400F25204000420000102510E0021C
:204CC000488082972E000010100002A6010002243C0082162510E0023A00A01201000324D7
:204CE0000000A28E140002AE3C00028E0442627C330000103C0002AE0800828C68000624F9
:204D000009F8400001000524E4FF40102580400020BE137C120017A6809813005880828FC0
:204D200021985300C84F400F000070AE4080839301006324408083A3CF4F400F25204000AD
:204D40002A0011A6280016A6640014A2030002245C0002A6600002A63C00028E046B827E04
:204D60003C0002AE80004232D5FF401001000324100000A63C00028E444A627C3C0002AE2D
:204D80000001423204004010010003243C00028EC45A627C3C0002AE01005232CBFF4012CD
:204DA000010003243C00028E180042348410627C3C0002AE440002968410627C440002A6D9
:204DC0002510E0023400BF8F3000B78F2C00B68F2800B58F2400B48F2000B38F1C00B28FC1
:204DE0001800B18F1400B08F0800E0033800BD27D8FFBD272400BFAF2000B1AF1C00B0AFB9
:204E00000300C01425808000FF7F063CFFFFC6341400A0AF1000A0AF0000A38C730060100A
:204E2000251000004000118E2560000025480000800118240100EF3001000A240200E73047
:204E400004000E24DC00088E252040000000028D04000D8D0E004D5400004D8C040000ADBF
:204E60000C004014000000AD010080551400A4AF010020551000ABAF03000224DC00048E71
:204E80001400A78F1000A38F540000102530000000000DAD2540600000E06D7C08004DAC84
:204EA000040058AC0400E0110000000004004D8C444A4D7D04004DAC0500E05042470800FD
:204EC00004004D8C04634D7D04004DAC4247080028000E15000000000400438C8452437D82
:204EE000040043AC000040AC2A008010140040AC000082AC0400432400E0637C140083AC7E
:204F00000400A5240000A38C25006054FFFFC624020020111400A2AF1000ABAF1000A38F90
:204F20003200601025100000010007241000A627E000058E8E19400F252000023351400F0E
:204F4000252020020700401400000000E000028E0000458C0400A52400E0A57C4250400F9F
:204F6000252020027650400F252020021F00001025100000DCFF6204000040AC01008055E7
:204F80001400A4AF010020551000ABAFBBFF0010FEFF022425584000D9FF0010254840018A
:204FA000A8FFC01425604001DCFF20111400A2AFDAFF00101000ABAF2540C000000060ACBB
:204FC000140060AC0400858C0D00A0540000A3AC040083AC000083AC25180001F7FF6754FB
:204FE0000000688CF4FF60542538C0002400BF8F2000B18F1C00B08F0800E0032800BD27D5
:205000000400898C0400652400E0A57C140025ADF1FF0010040083ACC0FFBD273C00BFAF83
:205020003800BEAF3400B7AF3000B6AF2C00B5AF2800B4AF2400B3AF2000B2AF1C00B1AFFE
:205040001800B0AFC880838F010002246E0062143C00BF8F7F3C400F00000000E8030524CC
:20506000EC3D400F0200042465004010080007241000A62725280000843B400F0200042444
:205080005F0040101000A393460002245C0062141100A39357000224590062141200A39302
:2050A00055000224560062141300A39350000224530062141500B093008210001600A293EC
:2050C00000140200258002021400A293258002021700A2930016020025800202FFFF0226EC
:2050E0001F00033CF8FF63342B10430044004010089D053C019D043C3C44400F00808434E7
:2051000025880000259800000800172400A0143C7406942600A01E3C0102022E0002122459
:205120000B90020225384002253080022528E002843B400F020004242D00401025B0400061
:2051400025A8000021109502000042903A000324250043502598C0020A0060120A000324A3
:20516000030043100D000324190043145802232E0400201225980000252820020F16400FB4
:205180001C04C4270100B5262B10B202EEFF40542110950223801202DFFF001621B8F20278
:2051A00007006052019D043C040020122528200200A0043C0F16400F1C048424019D043CB9
:2051C000DA45400F008084340E000010C88080AFECFF60101C04C32721182302000062A0CF
:2051E000E8FF001001003126E6FF001025880000089D053C019D043C3C44400F00808434F3
:20520000C88080AF3C00BF8F3800BE8F3400B78F3000B68F2C00B58F2800B48F2400B38FD8
:205220002000B28F1C00B18F1800B08F0800E0034000BD278200801025100000E0FFBD2741
:205240001C00BFAF1800B2AF1400B1AF1000B0AF258080007400A0102588A00048000292F6
:20526000FF004230FDFF40100000000048000292FF0042300A004010F8FF2426C84F400F23
:205280000000000048000392FFFF6324FF006330480003A2CF4F400F25204000F8FF2426FA
:2052A0002400038E0F006014FCFF328EF8FF20AE280004AE240004AE3000028E2310520041
:2052C000C84F400F300002AE4800039201006324480003A2CF4F400F2520400052000010E2
:2052E000C01012002B10830010004010C0101200211082000B006254F8FF23AE0400628C9E
:2053000021105200FCFF22AE2400028E0000428CF8FF22AE2800038E2400028E01006250D6
:20532000280004AEE4FF0010240004AE2800028E2B2844000D00A0502B1064000400438C0C
:20534000C0280300212845000300851421187200D9FF0010040043AC000044ACF8FF20AEFD
:20536000D5FF0010280004AE2B106400240040500000638C0000628C2B2882001F00A0109B
:20538000C0281200212885000B004554F8FF22AE0400428C21105200FCFF22AE0000628CCC
:2053A0000000428CF8FF22AE2800058E0000628C0100A250280004AE0400658CC010050018
:2053C00021106200BCFF8254000064ACFCFF228E21104500040062ACF8FF228E000062ACB1
:2053E0002800028EB4FF4450280003AEB3FF00103000028EB0FF0010000064AC0000638C95
:20540000D9FF6014F8FF0224C84F400F380002AE4800039201006324480003A2CF4F400F16
:2054200025204000251000001C00BF8F1800B28F1400B18F1000B08F0800E0032000BD275D
:205440000800E00300000000A8FFBD274800B6AF25B0C0000400A68C4400B5AF4000B4AF13
:205460003400B1AF0000B58C5400BFAF5000BEAF4C00B7AF3C00B3AF3800B2AF3000B0AF60
:2054800025A080002588A0004A00C0042518E0004408157C0800278E1000A9320000D28E6A
:2054A0000400DE8E0400201125B8E00025105E0201004054FEFFF7240800A8320100005510
:2054C000FFFFF7261000308E0C00338EFFFF102621107002000040A02528E0020200022A02
:2054E0000A00401425105E02340040142310D700211045003500401C251000000300A01830
:205500000200A23231004014251000000B002011000000000000C28E0400C48E25104400A0
:205520000600401021107002FEFF1026FFFF43A02110700230000324000043A0040000116C
:2055400020000324FFFF102621107002000043A01000268E21287002FFFFC6241000B5AF6F
:205560002330D000BF2D400F252080020400838E00016330040060105400BF8F0400238E92
:205580002A2043000B1064005000BE8F4C00B78F4800B68F4400B58F4000B48F3C00B38FBA
:2055A0003800B28F3400B18F3000B08F0800E0035800BD27B7FF0010010006240F004232F4
:2055C0000A004A28020040115700442430004424BFFF62241A00422C1300401020008234A0
:2055E0009FFF42241A00422C10004050FFFF10266400A3AF2800A7AF2400A6AF2000A5AF2A
:205600001C00A8AFDD4F400F1800A9AF6400A38F2800A78F2400A68F2000A58F1C00A88F38
:205620001800A98F25204000FFFF102621107002000044A00291120000171E00FFFFA52439
:2056400025905200A5FF001002F11E000100A0540000A0AC77008010010002240000868009
:205660007400C01025180000F8FFBD2701008424FF00C230253000002558000003000A2431
:2056800025480000FE0008240200073C0605E724D0FF422411006015FF0042300A004C2C6A
:2056A0004100805125100000001A03000438437C01008424FFFF82902200401001006B25CF
:2056C000F3FF0010FF006B310400CB2C5100601125582001EFFF0010D0FF422434006A15EC
:2056E0000000000030004814251000002B1067004C0040100100CD242130A603003C6B7C9C
:2057000040100B0021104B00C010020021104B0080100200003A6C7C80580C0021586C01E6
:2057200040580B0021104B00211043000000C2A0FF00A63101008424FFFF8290E2FF4014B0
:2057400025180000030004241700C414251000000200043C060584242B2064001200801077
:20576000003C647C4010040021104400C01002002110440080100200003A667C80200600A9
:20578000212086004020040021104400211043000300A2A30400A010010002240000A28FA1
:2057A0000000A2AC010002240800E0030800BD27140048140A004C2C2B1067001B0040109E
:2057C0000100CD242130A603003C6B7C40100B0021104B00C010020021104B008010020003
:2057E000003A6C7C80580C0021586C0140580B0021104B00211043000000C2A0CDFF0010EC
:20580000FF00A631A9FF8055001A0300E6FF001025100000E4FF001025100000E2FF0010D5
:2058200025100000E0FF001025100000DEFF0010251000000800E003000000000200A22C32
:205840007300401425380000FEFFA5244230050000008290D0FF4324FF0063300A00682C6F
:205860004A0000112528800000190300FF0062300100A390D0FF6524FF00A5300A00A82C15
:2058800053000051BFFF65242510A200E8FEBD27110000101401BFAF2538A00000008290C9
:2058A000D0FF4324FF0063300A00682C180000112528800000190300FF0062300100A390AB
:2058C000D0FF6524FF00A5300A00A82C20000051BFFF65242510A2000100E5241000A3274B
:2058E00021186500FFFF62A0EBFFC714020084240500A22C040040141401BF8F840A400F30
:205900001000A4271401BF8F0800E0031801BD27BFFF4324FF0063300600632C05006010A0
:205920009FFF4324C9FF422400110200E3FF0010FF004230FF0063300600632CF1FF601037
:20594000A9FF422400110200DCFF0010FF004230FF00A5300600A52C0500A0109FFF652443
:20596000C9FF632425104300DBFF0010FF004230FF00A5300600A52CE2FFA010A9FF63249A
:2059800025104300D4FF0010FF004230BFFF4324FF0063300600632C050060109FFF432475
:2059A000C9FF422400110200B1FF0010FF004230FF0063300600632C1500601000000000C9
:2059C000A9FF422400110200A9FF0010FF004230FF00A5300600A52C0500A0109FFF6524F6
:2059E000C9FF632425104300A8FF0010FF004230FF00A5300600A52C0500A0100000000058
:205A0000A9FF632425104300A0FF0010FF0042300800E00300000000D8FFBD272400BFAF87
:205A20002000B4AF1C00B3AF1800B2AF1400B1AF1000B0AF4C80828F5C0040102588800053
:205A400040808293FF004230FDFF40100000000040808293FF0042300B0040105480828F2E
:205A6000C84F400F00000000408085270000A390FFFF6324FF0063300000A3A0CF4F400F5A
:205A8000252040005480828F270040581800238E1400228E01001324049853002590000074
:205AA000801812005880828F211043000000508C18000052010052262400148E4750400F74
:205AC00025208002120040040100032404104300241053000E00401001000524412D400F5E
:205AE000120004865400038E0A0060500100522662000296002042300500401000200624C7
:205B00005800078E2528800209F8600012000486010052265480828F2A104202E1FF4014BC
:205B2000801812001800238E02000224270062144C80908FFFFF1026240000164C8090AFC9
:205B40005480828F0D0040185080848F801810005880828F211043000000448C03008010B0
:205B6000010010266B41400F000000005480828F2A100202F5FF40145080848F0C00828C8B
:205B800009F840005880858F588080AF4480848F05008050508080AF264D400F0000000064
:205BA000448080AF508080AF548080AF2400BF8F2000B48F1C00B38F1800B28F1400B18F10
:205BC0001000B08F0800E0032800BD27C84F400F000000004080839301006324408083A3D5
:205BE000CF4F400F25204000F1FF00102400BF8FD0FFBD272C00BFAF2800B4AF2400B3AFE3
:205C00002000B2AF1C00B1AF1800B0AF258880002580A0006600C0102590C00007000624C2
:205C20006400A524494E400F1000A4275400148E580013966C000624252800003F4E400FC0
:205C4000252000020800248E04008010180005264D26400F3C000526180005269315400F09
:205C60000C00248E1C0005269315400F1000248E200005269315400F1400248E240005260F
:205C80009315400F1800248E280005269315400F1C00248E2800238E440003AE2F006010BE
:205CA0000100022400006294020002A602006290630002A2FFFF4324FF0063300400632C98
:205CC00026006010010002240400228E030046880000469807004588040045980B00448818
:205CE000080044980F0043880C0043982F0006AA2C0006BA330005AA300005BA370004AA7E
:205D0000340004BA3B0003AA380003BAF438400F2C0004262400228E480002A64200029645
:205D2000010011240463227E0410027C420002A6F94D400F252000022400028E100002AE5A
:205D40002800028E140002AE420002964429227EC420027C420002A6251000000B00401202
:205D60001000A48F670004AA640004BA1400A493680004A21500A493690004A21600A493A8
:205D80006A0004A2540014AE580013A6010042382C00BF8F2800B48F2400B38F2000B28FA5
:205DA0001C00B18F1800B08F0800E0033000BD2725A000009FFF001025980000D8FFBD2746
:205DC0002400BFAF2000B4AF1C00B3AF1800B2AF1400B1AF1000B0AF00A0103CA8101026FA
:205DE0000400028E1800428C09F840003400118E140002AE1400048E1000028E2320820046
:205E00002800088E2C00098E211888002B2864002138A900280003AE2C0007AE4300201258
:205E2000000000003000029201004224BF41400F300002A23400108E1800001201001224E1
:205E400000A0113CA81031260C00028E1400405400A0113C180012A2190012A20400028EE8
:205E600040004014000000001000028E3D00401000000000D83F400F2000048E1000028EA9
:205E8000040040503400308E09F840001400048E3400308EECFF00160000000000A0113CB5
:205EA000F00F312625800000259020020100142405001324C01010002110500080100200A8
:205EC0002110420219004290FF0042300F004010C01010002110500080100200211042022A
:205EE000190040A00400228E08005414C01010000800248E21105000801002002110420263
:205F00000C0044AC5C30400F2520200201001026E8FF13162400312600A0023CA810422485
:205F200030004390FFFF6324300043A0C84F400F000000008B1F400F25804000CF4F400F15
:205F4000252000022400BF8F2000B48F1C00B38F1800B28F1400B18F1000B08F0800E003E0
:205F60002800BD27573A400F252000020400028EC2FF4050010000A2C1FF00101000028EF6
:205F8000D0FFBD272C00BFAF2800B2AF2400B1AF2000B0AF1600A010258080006800828CC7
:205FA000040040102588A0000500052409F84000E800842444001226252820020000318E97
:205FC0002000A28C080042342000A2AC8A4C400F25204002F9FF2016252820026800028E46
:205FE000030040100600052409F84000E800042616000296040042300F0040541400A0AFA2
:2060000014000292100042300A00401401000624FFFF05248632400F252000022C00BF8FDE
:206020002800B28F2400B18F2000B08F0800E0033000BD271400A0AF1000A0AF1800A0AF0C
:206040006800028E05004010440011260500052409F84000E800042644001126464B400F9C
:206060002520200223004014252840006800028E2D0040100600052409F84000E8000426BE
:206080001000A28F0D0040506800028E030012241000458C2D2A400F252000021B004010B8
:2060A00000000000170052540C01028E1001028E01004224100102AE6800028E0300401072
:2060C0000500052409F84000E80004261000A527FB47400F252020026800028ECFFF401055
:2060E0000600052409F84000E8000426CCFF00102C00BF8F8A4C400F1000A427D7FF0010E3
:2061000000000000010042240C0102AE464B400F1000A4271000A28FDEFF40541000458C0D
:20612000E6FF00106800028E1000A28FD7FF40141000A527E6FF001000000000B8FFBD279B
:206140004400BFAF4000B2AF3C00B1AF3800B0AF258880000400908C2C00A0AF2800A0AF7A
:206160003000A0AF2000A0AF1C00A0AF2400A0AF1400A0AF1000A0AF1800A0AF9000122662
:206180009A4B400F2520400228004014252840001C00A28F900002AE2000A28F940002AE19
:2061A0002400A28F980002AE2800A58F0900A0509C001226020007242800A6271B32400F5B
:2061C000252000022800A58FFBFFA014020007249C0012269A4B400F25204002250040103D
:2061E000252840000F00439003000224050062501000A28C3C80828FFEFF401400000000F4
:206200001000A28C1700221200000000AE4C400F1000A427EFFF001000000000AE4C400F8A
:206220002800A427D6FF0010000000000F00439002000224050062501000A28C3C80828FBA
:20624000FEFF4014000000001000A28CF3FF221200000000AE4C400F1C00A427C8FF001082
:2062600000000000AE4C400F2800A427D9FF0010000000001000A28F9C0002AE1400A28F28
:20628000A00002AE1800A28FA40002AE2800A58F0900A050000020A6030007242800A627D3
:2062A0001B32400F252000022800A58FFBFFA01403000724000020A6FFFF02240C0022AEFD
:2062C0000400238E04006294FFFF4224040062A40400238E020062948410027C020062A4DA
:2062E0004400BF8F4000B28F3C00B18F3800B08F0800E0034800BD27C8FFBD273400BFAF34
:206300003000B6AF2C00B5AF2800B4AF2400B3AF2000B2AF1C00B1AF1800B0AF25808000AE
:206320002588A0002590C0001400A0AF1000A0AF6800828C0400401025A0E000050005243C
:2063400009F84000E80084241000A627D800058E3C2E400F25202002259840006800028E0F
:20636000470040100600052409F84000E8000426140040526800028E1000B18F1100205293
:206380006800028E00A0163C0080153C0400228E090043040000318E0400228E8002427C8B
:2063A000230040100800248E2520950009F84002252880020000318EF4FF201600000000DC
:2063C0006800028E030040100500052409F84000E80004261000A38F1400A68F2528000019
:2063E000160066540000678C130060542530A0006800028E030040100600052409F8400063
:20640000E8000426251060023400BF8F3000B68F2C00B58F2800B48F2400B38F2000B28F3A
:206420001C00B18F1800B08F0800E0033800BD27DEFF0010252096002538A000080060ACC9
:20644000D400028E000060AC140060AC0400448C05008054000083AC040043AC000043ACEE
:20646000DFFF00102518E0000400488C0400642400E0847C140004ADF9FF0010040043AC0D
:20648000D5FF40121000A38F1000B18FBDFF20161400A68FD1FF001000000000D0FFBD2776
:2064A0002C00BFAF2800B5AF2400B4AF2000B3AF1C00B2AF1800B1AF1400B0AF4B00C0102A
:2064C0002588C000804D400F25A0A00054004010258040003000428C08004014259820020C
:2064E0003C00028E0004427C3D004050258800004A4C400F252000022598200225880000DC
:206500003000158E3700A052360002963600039609006054340002963C00028E0004427CCB
:2065200033004050251020024A4C400F252000022F00001025102002FFFF44302B2064005E
:20654000010080542510600025904000FFFF42302B1062020100405425906002FFFF52329F
:20656000310040523400029605008012253040023800058ECD4D400F2520800221A092020E
:2065800023987202FFFF733221885102FFFF31323600029623105200360002A634000296CF
:2065A00023105200340002A63800038E21187200FFFF423008004014380003AE0000A28E21
:2065C00014004010300002AE0C004394340003A60800428C380002AECAFF60563000158EA7
:2065E00036000296CDFF40503C00028E251020022C00BF8F2800B58F2400B48F2000B38F9F
:206600001C00B28F1800B18F1400B08F0800E0033000BD27340000A6EFFF0010380000AEB5
:20662000F2FF001025880000E5FF40500000A28EB4FF00103000158ED0FFBD272C00BFAF25
:206640002800B5AF2400B4AF2000B3AF1C00B2AF1800B1AF1400B0AF2588A0002590C0007B
:2066600025A0E0004000958C0000D08C0400C28C360002160400B38C0400C0AC2510000030
:20668000000042AE0400028EC439027C040002AE0000428E0400438E340043540000438C08
:2066A000040040AE32004014000040AE0000628E0400068E0800058E0C00048E1000038E12
:2066C000000062AE040066AE080065AE0C0064AE100063AE040000AE080000AE000000AE22
:2066E000140000AE0400228E32004054000050AC040030AE000030AE0400628E0100032486
:20670000C439627C040062AE080080122C00BF8F0400628E0003427C050040542800B58FBC
:206720005650400F2520A0022C00BF8F2800B58F2400B48F2000B38F1C00B28F1800B18F19
:206740001400B08F0800E0033000BD27CCFF00100000028E0400248E0400432400E0637C9C
:20676000140083AC09000010040022AE000043AE000040AC140040AC0400238EF5FF6054AF
:20678000000062AC040022AE000022AEC1FF80520000428E0400428C0003427CBDFF405402
:2067A0000000428E5650400F2520A002B9FF00100000428E0400238E0400022600E0427C16
:2067C000140062ACCCFF0010040030AED8FFBD271C00B2AF00A0123C1400B0AFC012508E91
:2067E0002400BFAF2000B3AF460000121800B1AF00A0133CBC12718E3D00205200A0113C5D
:20680000821F1000020002240100625000E0107E821F1100020002240100625000E0317E62
:20682000EE4D400F000000000000438C0400428C00A0043C2B280302211062000400A014AA
:20684000D00084242B2802021400A0542B18300200E0857C2B2865000900A0142B2823021E
:206860000500A0142B2862002B2822020E00A054251020022B2862000C00A05442270400B8
:206880002400BF8F2000B38F1C00B28F1800B18F1400B08F0800E0032800BD271C00601099
:2068A0002B1822022518000242270400050005241D00855000A0043C0400052421008510E2
:2068C0000080043C25184000C01242AE00A0023CDC1243AC2400BF8F2000B38F1C00B28FCD
:2068E0001800B18F1400B08F0800E0032800BD270100023C18133126C8AF4224C0FF001089
:206900002188220200A0103CB9FF00101813102642270400050005240B102302E6FF85143C
:206920002518000200A0043C2510440025186400BC1262AE00A0023CC01243AEE5FF0010AB
:20694000DC1243AC2510440025186400BC1262AE00A0023CC01243AEDEFF0010DC1243ACF7
:20696000C8FFBD273400BFAF3000BEAF2C00B7AF2800B6AF2400B5AF2000B4AF1C00B3AF85
:206980001800B2AF1400B1AF1000B0AF25B0A00025A8C00025B8E0005000B38FFCFF6226C7
:2069A0000200422C060040144C00BE8F2000A22C4A0040102000C22C49004010FAFF112417
:2069C000153C400F010005244700401025A040000400528C02004296020043303C00601074
:2069E0000800423038004014258000009A4B400F84004426258040001D0040100200112441
:206A00000F0043900100022405006250FF0073323C80828FFEFF401400000000FF00733250
:206A20000C0013A2040016A6060015A64800A28F0D0002A2080017AE010002240E0002A244
:206A40000300022404006216100014AE0200429608004234020042A625280002AE4C400FE5
:206A600090004426020002240F0002A225880000C84F400F000000000000439201006324D1
:206A8000000043A2CF4F400F252040000100C0570000D1AF251000023400BF8F3000BE8F51
:206AA0002C00B78F2800B68F2400B58F2000B48F1C00B38F1800B28F1400B18F1000B08FD2
:206AC0000800E0033800BD27E9FF0010F8FF112425800000E6FF0010FCFF1124FBFF112492
:206AE000EAFF001025800000FDFF0010FFFF1124C8FFBD273400BFAF3000B5AF2C00B4AF49
:206B00002800B3AF2400B2AF2000B1AF1C00B0AF25A080002580A00025A8C0002598E000B7
:206B20000040E230160040104800B28F1400A0AF188082271000A2AF0000A78C0000C68C8A
:206B4000A11C400F0F00653225284000F7FF032406000424251080000A1065003400BF8FF5
:206B60003000B58F2C00B48F2800B38F2400B28F2000B18F1C00B08F0800E0033800BD27A1
:206B800000A0023C4750400F0012518C0019020023186200801803002188230225280002D2
:206BA000BC33400F0000248E25804000EBFF0012FEFF022400000296020043301300601051
:206BC0000229130000206232020040100001A5300002A5342400272625300000C140400FAA
:206BE000252000020800078E1400A0AF188082271000A2AF0000A68E0F006532A11C400FC6
:206C000025208002D5FF001001000224C0004330D2FF6010030002240900405200000396D1
:206C20001000028E030042AA000042BA14000292040042A215000292050042A2000003960E
:206C400080006330C5FF6010020002241400312604001226252840027C37400F2520200226
:206C600000A0023C1012428C0C0002AE25284002093A400F25202002B8FF00100200022413
:206C8000F00002245800A210F100A3282700601025100000C00003245300A310C100A328D3
:206CA000220060109100A3281D0060108000A3281E00601480FFA5241100A22C4F004010B6
:206CC00080280500009D023CDC6C4224211045000000428C0800400000000000946D009D54
:206CE000946D009DC06D009DFC6D009D346D009DFC6D009DFC6D009DFC6D009D706D009D5C
:206D0000FC6D009DFC6D009DFC6D009DFC6D009DFC6D009DFC6D009DFC6D009DC06D009D7F
:206D2000A00003242200A3500000E28C0800E003000000000000E28C040043240000428C77
:206D40000600C0100000E3AC2016027C000082ACC317020004000010040082ACFFFF42305A
:206D6000000082AC040080AC0800E003010002240000E28C040043240000428C0300C01029
:206D80000000E3ACF1FF00102014027CF4FF0010FF0042300000E38C0000628C0400632456
:206DA000EFFFC0100000E3ACE9FF0010000082AC040043240000E3ACE4FF00100000428CA5
:206DC0000000E28C070042240410027C0000488C0400498C080042240000E2AC000088AC69
:206DE000E1FF0010040089AC0000E28C040043240000E3ACDAFF00100000428C2510000016
:206E00000800E00300000000E8FFBD271400BFAF1000B0AFE046400F25808000530040108E
:206E20001400BF8F20000396010062302F004010220005960020A330050002240100042421
:206E40000A1083000004A330030060102530000010004234010006240008A33003006010F7
:206E60002548000020004234010009243400049624000796260008960800038E00080A31B2
:206E800004004011010063900002EA301F0040550A00052400040831030000110001E7303D
:206EA0001000E0540C00052424208500000185301600A01412000524800085300900A014E3
:206EC00014000524400085302B00A0142000843004008014240005240400027C00204234D0
:206EE000252800001400001025180000100063300B000224030004240A10830025480000DB
:206F00000B480300D9FF0010253020010100673043200300242089002540C4002418680025
:206F20002318030008006330252087002420860080200400251864002800048E050080500E
:206F40001C0000A6000082AC040085AC080083AC1C0000A61A0000A6180000A6020002246D
:206F6000020002A61E0000A61400BF8F1000B08F0800E0031800BD27E4FF001022000524CD
:206F8000D8FF001014000524D8FFBD272400BFAF2000B4AF1C00B3AF1800B2AF1400B1AF92
:206FA0001000B0AF259080004C0080102598A0000C00828C4C004050FFFF02241000838CBB
:206FC0004B006050FFFF02241400908C4A000052FFFF022409F8400025200002258840002D
:206FE00033002012FEFF0224030024260408047C23109100232802020408057CB0FFB42409
:207000000002822E3E004014FCFF02245351400FC2A014002580400050004424019D023C29
:20702000BC39422425180002200045240000498C0400488C0800478C0C00468C000069ACB2
:20704000040068AC080067AC0C0066AC10004224F6FF4514100063240000428C000062ACA8
:20706000240004AE540014AE500000AE280004AE2C0014AE300000AE340000AE380000AEB8
:207080000400428E3C0002AE400011AE1000428EC84F400F440002AE01000324480003A2E2
:2070A000CF4F400F25204000258800022510000001006056000062AE251020022400BF8F6A
:2070C0002000B48F1C00B38F1800B28F1400B18F1000B08F0800E0032800BD2725888000CF
:2070E000F3FF0010FFFF0224F1FF001025880000EFFF001025880000EDFF00102588000069
:20710000EBFF001025880000D8FFBD272400BFAF2000B3AF1C00B2AF1800B1AF1400B0AF91
:2071200000A0023CE002422423004414258000002588A0002580C00000A0023C2600C01083
:207140002003528C00A0023C6C03428C0300401000A0023C7446400F6803448C4847400FC0
:207160002520200200A0033CE00263248C00648C252024028C0064AC9400658C2528A20069
:207180000D008010940065AC259860009800718C278811002488220225282002FF50400F5E
:2071A00025204002252820020251400F25204002174E400F8800648E251000022400BF8FD9
:2071C0002000B38F1C00B28F1800B18F1400B08F0800E0032800BD2700A0023C6C03508C25
:2071E000050000122598000000A0023C7446400F6803448C25984000248011024847400F07
:2072000025200002258840002718100000A0103CE00210268C00028E241043008C0002AE18
:20722000271011009400048E24208200940004AE9000048E24186400900003AE9800038EA8
:2072400024104300980002AE252820020551400F2520400225282002FF50400F2520400240
:207260008C00028ED4FF4010010010242B28130000A0023CB74D400F6803448CCFFF0010EA
:2072800025100002D0FFBD272C00BFAF2800B6AF2400B5AF2000B4AF1C00B3AF1800B2AFDB
:2072A0001400B1AF1000B0AF2588800025B0A00025A8C00025A0E0004000B28F00A0023CB8
:2072C0004012508C050000124400B38F2000028E08004230090040501800048EC04A400F1D
:2072E0000000000025804000320000122510000000A0023C401250AC1800048E0100022433
:20730000000082A400080224020082A406000224040082A004000224050082A02F006016A9
:20732000060096A43C00228E0B0082A8080082B8400022960C0082A4110095A80E0095B8D7
:207340000300428A0000429A150082A8120082B804004292160082A005004292170082A0D5
:207360001B0094A8C249400F180094B81000028E1C0003240C0043A4034E400F252020021B
:207380000608072425304000252840021C39400F252000020700401025280002000000AE51
:2073A000280011AE0B4B400F2520200227100200C21702002C00BF8F2800B68F2400B58F77
:2073C0002000B48F1C00B38F1800B28F1400B18F1000B08F0800E0033000BD270300628A02
:2073E0000000629A0B0082A8080082B8040062920C0082A005006292CFFF00100D0082A0EE
:20740000D8FFBD272400BFAF2000B3AF1C00B2AF1800B1AF1400B0AF2580A0001800858CC7
:20742000030003244E00A310010002246480829745004014010042240800828C748082AFC2
:20744000688080AF708080AF00A0023C601240AC60124224040040AC080040AC0C0040AC06
:2074600000A0023C541240AC54124224040040AC080040AC6C8080AF00A0023C441240ACF1
:2074800044124224040040AC080040AC0C0040AC608080AF2F000012000000000000028E74
:2074A0002C00401025300000009D053C742DA524B142400F0300042426004010708082AFAF
:2074C00000A0043C5C47400F601284242100401000A0043CB34F400F441284241D004010B3
:2074E0007480848F0800828C1000062409F840000000058E170040106C8082AF00A0043CFD
:20750000EA50400F541284240000028E0C0040106C80938F2590000000A0113C541231267B
:2075200025286002024D400F25202002010052260000028E2B104202F9FF4014100073261A
:207540006480829701004224648082A70400001001000224293D400F000000002510000095
:207560002400BF8F2000B38F1C00B28F1800B18F1400B08F0800E0032800BD27C8FFBD278D
:207580003400BFAF3000BEAF2C00B7AF2800B6AF2400B5AF2000B4AF1C00B3AF1800B2AF8B
:2075A0001400B1AF1000B0AF3900A018259800002580800025A0A0000100D73025B0E002F1
:2075C0004000D57C0400D230019D1E3C22000596F2FFA5245C00028E25300000FFFFA53091
:2075E00009F840003800042429004010258840000600E0523CC3C2271000438C100062947F
:2076000004004234100062A43CC3C227080022AE0700A0120C0030AE1000228E0E004594D0
:20762000F0FFA530220005A6494D400F4000048E28004012000020AE6800028E030040106F
:207640000500052409F84000E40004261000258E2538C002010006240800A5247C13400FF1
:207660002520000225A840006800028E030040100600052409F84000E40004261100A052EA
:20768000010073266000028E09F8400025202002251060023400BF8F3000BE8F2C00B78FB0
:2076A0002800B68F2400B58F2000B48F1C00B38F1800B28F1400B18F1000B08F0800E0034D
:2076C0003800BD27C1FF931625A80000F0FF0010259880021000258E2538C002010006240D
:2076E0000800A5247C13400F25200002E3FF001025A8400000A0033CE0026324580064147D
:20770000FAFF0224E0FFBD271C00BFAF1800B2AF1400B1AF1000B0AF2580A0002600A01086
:207720002588C00000A0023C4803428C040040100500052400A0043C09F84000C4038424D3
:2077400000A0053CD003A52400A0123C6D49400FE002442600A0053CD403A5247E49400FD6
:20776000E0024426E00252266800428E040040100600052400A0043C09F84000C403842418
:2077800000A0023CE0024224EC00478CF000468CF400458CF800448CFC00438C0001428C1B
:2077A000000007AE040006AE080005AE0C0004AE100003AE140002AE2300201225100000D4
:2077C00000A0023C4803428C040040100500052400A0043C09F84000C803842400A0053CBB
:2077E000E803A52400A0103C8F49400FE0020426E00202260801438C4C00448C211864001B
:20780000080143AC6800428C040040100600052400A0043C09F84000C803842400A0023C45
:20782000E00242240401458C0801448C0C01438C1001428C000025AE040024AE080023AE14
:207840000C0022AE251000001C00BF8F1800B28F1400B18F1000B08F0800E0032000BD27C2
:207860000800E00300000000E0FFBD271C00BFAF1800B2AF1400B1AF1000B0AF0800918C4F
:2078800000A0023C901142240200221225808000258800001C000296020003242C0043109F
:2078A0000300432C460060501C0000A60F00401400800634252800006A40400F25200002F4
:2078C00004004010030002241A0002A6010002241C0002A61C00BF8F1800B28F1400B18F67
:2078E0001000B08F0800E0032000BD27252800001340400F25200002F7FF40101C00BF8F64
:207900003749400F00000000259040002000228EF549400F0000518C02882272E70331260A
:207920006210023CD34D4224190022021088000082891100211032022C0002AE03000224B6
:207940001A0002A602000224E2FF00101C0002A6E046400F25200002DFFF40101C00BF8F34
:207960003400028613004104040002243749400F000000002C00038E2B104300050040106A
:20798000030002241A0002A601000224D1FF00101C0002A61C0000A61A0000A6180000A6F1
:2079A00002000224020002A6FFFF0224C9FF00101E0002A61A0002A6C6FF00101C0000A6DA
:2079C0001A0000A6180000A602000224020002A6FFFF0224BFFF00101E0002A6C0FFBD27FC
:2079E0003C00BFAF3800BEAF3400B7AF3000B6AF2C00B5AF2800B4AF2400B3AF2000B2AFE7
:207A00001C00B1AF3500C0101800B0AF258080003200801425A0C00000A0023C78085E8CB6
:207A20000100152400A0113C900831261000172400A0123C740852260400162400A0023CE7
:207A4000900A42241000A2AF0F00D51300A0023C010003248C0843A03C00BF8F3800BE8F42
:207A60003400B78F3000B68F2C00B58F2800B48F2400B38F2000B28F1C00B18F1800B08FC2
:207A80000800E0034000BD2721101102000042902C0057101100432C060060500C00428E1C
:207AA0000A0055500C0040AE150056500C00428E0C00428E211851002120110200008490B8
:207AC000000264A0010042240C0042AE010010262B101402DCFF40140000000000A0023CA8
:207AE000740842240800468C00A0053C9008A524A54E400F1000448CD8FF00103C00BF8FF5
:207B00000300432CF1FF6014FEFF45242118B1000002739021105100FF01429000120200D2
:207B200021986202FFFF7332FB40400F1000A48FE6FF531400A0023C01000324C6FF001091
:207B40008C0843A0DAFF001001001026C8FFBD273400BFAF3000B3AF2C00B2AF2800B1AF9A
:207B60002400B0AF258080002520A0004000138E1C00A0AF1800A0AF1400A0AF1000A0AF03
:207B80001800A6273C2E400FE000058E25884000010012241800A38F1C00A28F2E00625435
:207BA0000000628C1C00A0AF2C0060141800A0AF1000A28F05004010010007241000A627C6
:207BC000E000058E8E19400F25200002251020023400BF8F3000B38F2C00B28F2800B18FD5
:207BE0002400B08F0800E0033800BD270400642400E0847C140044ACE6FF00101400A3AF50
:207C0000000060AC140060AC0400828C0C004054000043AC040083AC000083AC080060AC21
:207C20000400628C0003427CDBFF40541800A38F5650400F25206002D7FF00101800A38F0D
:207C40000400858C0400622400E0427C1400A2ACF2FF0010040083AC1800A2AF0400628CF6
:207C60004002427CE6FF4050DC00048E0400628CC45A027C040062AC0400628C84F7027C96
:207C8000040062AC0400628CC4FF027C040062AC0400628CC439427E040062AC000060ACC0
:207CA000140060AC1400A28FD0FF4054000043AC1400A3AFB7FF00101000A3AFE0FFBD27BC
:207CC0001C00BFAF1800B2AF1400B1AF1000B0AF38008010258080005200A0102588A00082
:207CE00048000292FF004230FDFF40100000000048000292FF0042300A0040502400128E40
:207D0000C84F400F0000000048000392FFFF6324FF006330480003A2CF4F400F252040002A
:207D20002400128E3500401207002526C22805000100A524251000000400448E2B1885001A
:207D40002B006014231885000300662C0300C0542528800022008554040043AE1E004050AD
:207D60000000428E0000438E000043AC2800038E01007250280002AE3000028E2128A20074
:207D8000300005AE3400028E2B10450001004054340005AEC84F400F0000000048000392FD
:207DA00001006324480003A2CF4F400F2520400008005026251000021C00BF8F1800B28FE4
:207DC0001400B18F1000B08F0800E0032000BD27D9FF001025906000E4FF0010240002AE4D
:207DE000C018030021904302E3FF0010040045AE0000438EF6FF601425104002FAFF0224F9
:207E0000C84F400F380002AE4800039201006324480003A2CF4F400F25204000E5FF0010DC
:207E200025800000E3FF001025800000E0FFBD271C00BFAF1800B2AF1400B1AF1000B0AF5D
:207E400000A0023CA81042243400438C1400448C100044AC4300601000A0023C0C00628CB4
:207E60003800410400A0023CA81042241400428CFF7F103CFFFF10362180500025880002F9
:207E80002B80020200A0123CA81052260400428E1800428C09F840000000000025180000DD
:207EA0001000448E2B2044000300801000A0043C2B180200FFFF4224C810848C2128820082
:207EC0002B30A4002118C3002B3003020500C054212082002B0070142B2825022900A01069
:207EE0002120820000A0023CA81042241C0044AC00A0023CA81042241C00428C0400401479
:207F000000A0023CA8104224010003241C0043AC00A0023CA81042241C00448C0400428C78
:207F20001400428C09F84000000000001C00BF8F1800B28F1400B18F1000B08F0800E003CD
:207F40002000BD270C00708C00A0023CA81042241400428C2180500025880002C9FF0010BF
:207F60002B800202A81042241400428CFF7F103CFFFF10362180500025880002C1FF0010D4
:207F80002B80020200A0023CA81042241C0051ACD8FF001000A0023CC0FFBD273C00BFAF0B
:207FA0003800B5AF3400B4AF3000B3AF2C00B2AF2800B1AF2400B0AF25A8A0002588C0008A
:207FC00025A0E000EA50400F1000A42700A0043C2C42400F6012842400A0133C60127326E7
:207FE000B64B400F25206002130040142580400000A0043C1000A28F601282AC6012842463
:208000001400A28F040082AC1800A28F7047400F080082AC3C00BF8F3800B58F3400B48FE7
:208020003000B38F2C00B28F2800B18F2400B08F0800E0034000BD270400029201000324C7
:2080400020004314020003240800128ED24B400F05000492252040000C00038E0000A28E7F
:2080600023006214252800021A008006FCFF05241400438E0300228A0000229A030062A8F7
:20808000000062B804002292040062A005002292050062A014008010000040AE0B4B400F11
:2080A000252840020B004004FBFF05242528000200A0043C024D400F54128424C8FF00100D
:2080C00000000000D4FF43143C00BF8FDFFF00100800128E03000624E04B400F2520400228
:2080E000F3FF001025280002FAFF0010FBFF0524024D400F1000A427B9FF001000000000C2
:20810000E8FFBD271400BFAF1000B0AFE046400F25808000340040101400BF8F0800058E88
:208120001000A38C06006230010040500400633438006230090040142000623401006330CB
:208140002C00601425184000020064300008022400100624150000100B10C400010062306D
:20816000260040101000643008008010080002240200643008400224080006240A10C4000B
:208180000400643001008054002042342000643006008010020064300100805400104234A1
:2081A000040064300100805400084234340004963A00069625208600010142342410820037
:2081C000150040541000A3AC1C0000A61A0000A6180000A602000224020002A6FDFF022463
:2081E0001E0002A61400BF8F1000B08F0800E0031800BD27E5FF001008000224100062305D
:20820000D1FF4010020064300020022400400624E6FF00100B10C400200002A601018430A6
:20822000010102240A0082143C0000AE0F0005241340400F25200002EAFF40100400022408
:208240001A0002A602000224E6FF00101C0002A6040002241A0002A603000224E1FF001076
:208260001C0002A600A0023CE0024224530044140000000000A0023CF40242900100423050
:208280004E00401000000000E0FFBD271C00BFAF1800B1AF1400B0AF00A0103CE002102604
:2082A0003800118E1000228E09F840000800048E1000038E010002241200621400A0023C1E
:2082C000EC02508C1C00228E09F8400025200002010003240C0043101C00BF8F2000228EBF
:2082E00009F84000252000020B00401000A0103C7B2B400FE0020426E0021026FFFF022472
:20830000100002AE1C00BF8F1800B18F1400B08F0800E0032000BD2700A0023CE002422473
:2083200014004390010004248410837C140043A03000468C0100C2301700401000A0023C69
:20834000E0024224FF006330C418837C140043A03749400F00A0103CE0021026F549400F11
:20836000700002AE2E00039602186270E70363246210023CD34D42241900620010180000E0
:2083800082190300740003AE840000AE02000224DCFF0010100002AE0200C6300100C05408
:2083A0000F00062400A0043CE0028424792E400F6C00858CE6FF0010000000000800E003C7
:2083C000000000000600A050E000828C0B00A0A80800A0B80C00A0A00D00A0A0E000828C7F
:2083E0000000438C19006010010002240400628CC001427C15004014020002240400628C0A
:20840000410043040000638C0400628CC002427C3D0040540000638C0200E0100C0062242F
:208420000000E2AC2510A00025206000254800002540000000A00B3C00800A3C050040145C
:20844000000000001300C014000000000800E003000000000400878C8002E77C2800E01036
:208460000800878C2538EA000B0047A8080047B80400878C003CEC7C0C004CA00016E77C6D
:208480000D0047A003004788000047982510E000010029250400878CC001E77CFDFFE014A8
:2084A00000000000010008250400878C8007E77CE2FFE0500000848C0100C0540000C8ACE3
:2084C00005004010000000000B0040A8080040B80C0040A00D0040A0DCFFA01025100000BB
:2084E000DAFF2815FCFF02240400628C01000424C45A827C040062AC0800E00325100000DC
:20850000D9FF00102538EB00B8FF6014010002240800E003000000000800E0030000000003
:20852000C0FFBD273C00BFAF3800B5AF3400B4AF3000B3AF2C00B2AF2800B1AF2400B0AF91
:208540006480829722004010258880001000948CEA50400F1000A42700A0043C2C42400F4E
:208560006012842400A0133C6012732600A0123C54125226B64B400F252060021D004014B3
:208580002580400000A0043C1000A28F601282AC601284241400A28F040082AC1800A28F5B
:2085A0007047400F080082AC1800238E020002240700621464808297FFFF4224FFFF423040
:2085C00003004014648082A7293D400F000000003C00BF8F3800B58F3400B48F3000B38F93
:2085E0002C00B28F2800B18F2400B08F0800E0034000BD2704000292010003241600431407
:20860000020003240800158ED24B400F050004920400805204000292130082162528000217
:2086200004000292FFFF4224FF0042300200422C0400401003000624FBFF0524E04B400F3F
:208640002520A00225280002024D400F25204002C8FF001000000000D4FF43541800238EB5
:20866000E9FF00100800158E024D400F1000A427C0FF0010000000002518C0000400678C1B
:20868000C0FFBD270000A28C3800B4AFC2A707003400B3AF3000B2AF2C00B1AF2800B0AFC4
:2086A000258880000800B28C0400A48C0C00B38C0000C68C3C00BFAF2580A00040008012B5
:2086C0002000A2AF2B180600233807002338E30008008004233006004408027C05008016F6
:2086E0002000A2AF2000A28F0400433025006010C000427CFFFF42262000A3271800A3AF74
:208700000A0003241400A3AF1000A2AFCF24400F252000021D0080122D000324FFFF422471
:2087200021206202000083A01000068E2000A38FFFFFC6241000A3AF253840022330C2007D
:2087400021286202BF2D400F252020020400238E00016330040060103C00BF8F0400038EEE
:208760002A2043000B1064003800B48F3400B38F3000B28F2C00B18F2800B08F0800E003CD
:208780004000BD27DCFF0010231042022000A38F040064300400805008006330FFFF422496
:2087A000DFFF00102B000324DFFF601020000424FFFF422421186202DBFF0010000064A0F4
:2087C000C6FF83044408027CC7FF00102000A28FC8FFBD273400BFAF3000B3AF2C00B2AFF0
:2087E0002800B1AF2400B0AF258880002580A0002590C0001400A0A71800A0AF4800828C6F
:208800001000A52709F8400025200002190040041000B3972800228E1800A6272528000033
:2088200009F840002520000202000224310062120300632E0F006010F7FF0224140060162A
:208840001800A68F5000228E1B00052409F840002520000207004004010003240500431034
:20886000010005244C00228E09F8400025200002010002243400BF8F3000B38F2C00B28FC2
:208880002800B18F2400B08F0800E0033800BD275400228E1400A52709F84000252000029A
:2088A000F4FF400401000324F2FF4310000243321400A297050060141000423000085232CA
:2088C0000200405600A04234008042341400A2A7020003241000A3A71200A2A74C00228EBD
:2088E0001000A58F09F8400025200002E1FF0010010002241200A6971400A6A75800228EDD
:208900001800A78F1B00052409F8400025200002D9FF40043400BF8F01004238D5FF001040
:208920000100422CD8FFBD272400BFAF2000B3AF1C00B2AF1800B1AF1400B0AF258080006C
:2089400000A0123C0011040021104400801002002110440080100200E002522621904202B7
:208960004000538E4751400F252060029400438E248843002E00201200A0123C0011100085
:2089800021105000801002002110500080100200E0025226219042029800428E2510510074
:2089A000980042AE02111100000442309000448EC019110000026330251862002518640074
:2089C000401111000001423025186200821111008100423025186200C21011007000423028
:2089E00025186200821011000800423025186200401011000600423025186200900043AE23
:208A0000252820020551400F2520600225282002FF50400F252060029C00468E0500C010A2
:208A200000A0033C9000448E09F8C000A000458E00A0033C001110002110500080100200AE
:208A40002110500080100200E0026324211062002B4E400F8800448C2400BF8F2000B38F13
:208A60001C00B28F1800B18F1400B08F0800E0032800BD27D0FFBD272C00BFAF2800B2AF21
:208A80002400B1AF2000B0AF16008014FFFF102400A0023C901142901200401000A0023C66
:208AA000B41142900F00401400A0023C901142241C00438C1400638C2528000009F860003B
:208AC0000600449425884000FFFF02240C002216C404023C3080828FFEFF4014000000004B
:208AE00025802002251000022C00BF8F2800B28F2400B18F2000B08F0800E0033000BD27D3
:208B000000B442341000A2AF00A0103CB411102600A0123C901152261400428E0800428C22
:208B200025280002019D043C09F840004CA184241400A2AF1800A0AF1C00428E1800428C94
:208B40001000A52709F84000252020020A00410400A0023CAC11428C1C00428C09F84000AE
:208B6000252020023080828FFEFF401400000000DCFF0010FFFF102400A0033C9011632458
:208B80001C00628C300062AC340071AC380060AC01000224240062A02C0063AC0C00628C76
:208BA000280062AC3C0060A4540060A03E0060A4400060A402000224CAFF0010260062A438
:208BC000E0FFBD271C00BFAF1800B2AF1400B1AF1000B0AF1C0082940B004010258080003A
:208BE0000100032428004310020002241C0080A41A0080A4180080A4020082A4F7FF0224AC
:208C00001B0000101E0082A40800918C1400228E1000428C04004054400002AE009D023CBB
:208C200008374224400002AE3749400F3C0000AE259040002000228EF549400F0000518CB7
:208C400002882272E70331266210023CD34D42241900220210880000828911002110320229
:208C60002C0002AE010002241A0002A61C0002A61C00BF8F1800B28F1400B18F1000B08F05
:208C80000800E0032000BD274000828C25288000019D043C09F840004CA1842405004014BD
:208CA00000000000020002241A0002A6F0FF00101C0000A607004104020003241C0000A6D2
:208CC0001A0000A6180000A6020003A6E8FF00101E0002A63749400F000000002C00038E22
:208CE0002B104300E2FF4014020002241C0000A61A0000A6180000A6020002A6FEFF02248C
:208D0000DBFF00101E0002A6C8FFBD273400BFAF3000B3AF2C00B2AF2800B1AF2400B0AF2C
:208D2000259080002588A0002580C0001400A0A71800A0AF4800828C1000A52709F8400017
:208D400025202002190040041000B3972800428E1800A6272528000009F840002520200223
:208D6000020002242D0062120300632E0F006010F7FF0224140060161800A68F5000428E04
:208D80001200052409F8400025202002070040040100032405004310010005244C00428EDF
:208DA00009F8400025202002010002243400BF8F3000B38F2C00B28F2800B18F2400B08FB8
:208DC0000800E0033800BD275400428E1400A52709F8400025202002F4FF40040100032481
:208DE000F2FF431001000632803306001400A2932530C2001400A6A7020002241000A2A7FB
:208E00001200A6A74C00428E1000A58F09F8400025202002E5FF0010010002241200A69781
:208E20001400A6A75800428E1800A78F1200052409F8400025202002DDFF40043400BF8FD6
:208E400001004238D9FF00100100422CD8FFBD272400BFAF2000B3AF1C00B2AF1800B1AF7C
:208E60004500A0101400B0AF5880828F430040101200B084410000065480838F2A18030254
:208E80003E00601080181000211043000000428C3B00451425980000340082940F00401040
:208EA00001000624340080A42000828C40004234200082AC252880007836400F2800848CFB
:208EC0002400BF8F2000B38F1C00B28F1800B18F1400B08F0800E0032800BD276200A29427
:208EE0000100423019004010259800005400B18C5800B38C2800928C0C00A28C1800445481
:208F00005E00A2941000828C0C0040A43C00A28C00024230100040500000A28C540080A48B
:208F20002000828CC418027C200082ACE4FF201225386002010006242528400209F82002AA
:208F400025200002DFFF00102400BF8F25880000E9FF001025900000F1FF00100800A2ACBA
:208F6000FFFF42245E00A2A44A3D400F00000000EEFF0010000000002580000025980000B4
:208F800025880000F8FF0010259000004D00A010FFFF0224E0FFBD271C00BFAF1800B1AF82
:208FA0001400B0AF420080142588A00000A0103CA810102601000224380002A20000A28C10
:208FC000040002AE0C00428C09F84000000000000C0002AEC404063C00B4C63425380000F1
:208FE000CC0103241900430012200000BF08400F1028000002004224200002AE0400228EB5
:20900000080002AE100000AEFFFF0224180002AEFF7F023CFFFF42341C0002AE25100000BD
:2090200025180000280002AE2C0003AE340000AE300000A20400028E0000428C25280000DB
:20904000009D043C09F84000BC5D84240400028E1000428C0300401000A0033C09F840004C
:20906000C010648C00A0113CA81030261C00048E0400028E1400428C09F8400000000000D0
:209080000400028E0400428C09F8400000000000B40006242528000000A0043C3F4E400F42
:2090A000F00F842402000224A81022AE251000021C00BF8F1800B18F1400B08F0800E00322
:2090C0002000BD270800E00300000000C8FFBD273400BFAF3000B2AF2C00B1AF2800B0AFB0
:2090E0001800A0AF1C00A0A700A0033CE002632414006414FAFF02242588A00000A0023C88
:209100002003528C0700A010FFFF1024060006241800A527EE4B400F252020020F004054BF
:209120000300228A008005348E50400F252040022530000025380000A650400F2520400295
:20914000251000003400BF8F3000B28F2C00B18F2800B08F0800E0033800BD270000229A51
:209160001000A2AF040022921400A2A3050022921500A2A31000A2271600A627C104043CA9
:20918000B71D8424253840000000439008000524C2471000010069300200281140801000F4
:2091A00026800402FFFFA524F9FFA0144218030001004224F3FF46140000E3A02000B0AF7E
:2091C000252000020007107E0C00005289BF023C89BF023C58904224C025847C01000324EE
:2091E00004188300000043AC008005349250400F25204002D3FF001025100000F6FF001054
:20920000489042244B00C0102510E000D0FFBD272C00BFAF2800B5AF2400B4AF2000B3AFFE
:209220001C00B2AF1800B1AF1400B0AF2598A0002590C0002588E0004439400F0100062470
:209240002C0040102580400025A000000E0002960800038E21186200231873000C000296BC
:2092600006004010FFFF6330252040002B1062000100405425206000FFFF833025A86000CD
:209280002B1843020100605425A84002FFFFB5321500A012253000002528A002B010400F83
:2092A00025206002272002000100823204004010FFFF8430A810400F000000002520400077
:2092C0000000108E0B0000122188240223905502FFFF52320700401221A8B402FFFFB432BC
:2092E000DAFF00100800138E0000108ED7FF00560800138EFFFF2332028C1100218871005D
:20930000007C227E2188220227881100FFFF22322C00BF8F2800B58F2400B48F2000B38FA3
:209320001C00B28F1800B18F1400B08F0800E0033000BD270800E003000000000400828C29
:20934000C0FFBD273400B7AF1C00B1AF1800B0AF5800B78F3C00BFAF3800BEAF3000B6AF5B
:209360002C00B5AF2800B4AF2400B3AF2000B2AF2580C000020041042588E000010002246B
:209380001000958C5000B68F0C00938C0000FE8EFFFFB526234056005400A28F2118750289
:2093A000000060A0010012240200DE33C3A702001000A01E251011022B0040520000E38EB3
:2093C0003C00BF8F2510A0023800BE8F3400B78F3000B68F2C00B58F2800B48F2400B38F77
:2093E0002000B28F1C00B18F1800B08F0800E0034000BD2707004014211016010600401C45
:209400005400A68FECFFC01A00000000EAFFC013000000005400A68F252000022528200203
:20942000253880021000A8AFC807400FFFFFB5262590400021187502300042245400A68F2B
:209440002520000225282002000062A0BF08400F25388002FFFFD6261000A88F2588600011
:20946000D3FF0010258040000421037CD4FF00100000E3AED8FFBD272400BFAF2000B4AF3D
:209480001C00B3AF1800B2AF1400B1AF1000B0AF25A0A0002598C000153C400F0100052446
:2094A0002A004010FFFF1024258840000400528C25288002A440400F25204000252840001D
:2094C00019004010FEFF10240A0060520E00A2900E004390FCFF6324FF0063300300632C6F
:2094E000040060500E00A2900800428C000062AE0E00A290FFFF4324FF0063300400632CC8
:2095000009006014010010240700432C1800601005000324200043140600422C040002245A
:209520000E00A2A0258000000900401225100002C84F400F000000000000439201006324E1
:20954000000043A2CF4F400F25204000251000022400BF8F2000B48F1C00B38F1800B28F71
:209560001400B18F1000B08F0800E0032800BD273C80828FFEFF4014ECFF10240400268E5C
:20958000030007249C00C6241B32400F25204002E5FF001000000000E3FF40142580000025
:2095A000F7FF00100400268ED8FFBD272400BFAF2000B3AF1C00B2AF1800B1AF1400B0AFB6
:2095C00000A0023C0012508C2300001200A0023CFC11428C19004018240010262588000059
:2095E00000A0123CFC115326DCFF048E0F008050010031269545400F00000000893E400F14
:2096000025200002893E400FF0FF0426893E400FE0FF04260800648E0C00828C09F8400060
:20962000DCFF058EDCFF00AE01003126FC11428E2A102202ECFF40143C00102600A0103C03
:20964000FC1110260800048E0C00828C09F840000400058E040000AE00A0103CFC1110265A
:209660000800058E00A0043C964D400F1C128424080000AE1C00048E0600801000A0023C8F
:20968000264D400F0000000000A0023C181240AC00A0023C4012448C0A0080102400BF8F08
:2096A0002000828C080042300400401400A0023C4A3D400F0000000000A0023C401240ACDA
:2096C0002400BF8F2000B38F1C00B28F1800B18F1400B08F0800E0032800BD271400838C94
:2096E0004700601403000224D8FFBD272400BFAF2000B0AF310082900300032411004314E5
:20970000258080000C00828C1800A3271000A3AF2C00428C253800003600869432008594D4
:2097200009F840001000848C180040501800A48F140002AE02000324010002241E00001093
:20974000300003A2FFFF43240200632C17006010010003241C0043101800A3270C00828C24
:209760001400A3AF1000A0AF3000428C34008794360086943200859409F840001000848CDB
:20978000ECFF4054140002AE1800A48F0200032409008310030002243080828FFEFF40143B
:2097A000FEFF0224050000102400BF8F3480828FFEFF4014FFFF02242400BF8F2000B08FF4
:2097C0000800E0032800BD270C00828C1400A3AF010003241000A3AF3000428C340087943B
:2097E000360086943200859409F840001000848CE5FF401025180000D0FF001025100000E8
:209800000800E00300000000C00002242700A210C100A32823006010251000009100A328EE
:209820001D0060108000A3281E00601480FFA5241100A22C3C00401080280500019D023C82
:2098400054984224211045000000428C0800400000000000AC98009DAC98009D0499009D2E
:209860002899009DCC98009D2899009D2899009D2899009DE898009D2899009D2899009D96
:209880002899009D2899009D2899009D2899009D2899009D0499009DA00003240400A350FA
:2098A0000000E28C0800E003000000000000E28C040043240000E3AC0000428C000082ACEB
:2098C000000046AC0800E003010002240000E28C040043240000E3AC0000428C000082AC20
:2098E000F8FF0010000046A40000E28C040043240000E3AC0000428C000082ACF1FF001013
:20990000000046A00000E28C040043240000E3AC0000428C000082AC000046ACC33706000B
:20992000E8FF0010040046AC251000000800E00300000000C0FFBD273C00BFAF3800B7AF2F
:209940003400B6AF3000B5AF2C00B4AF2800B3AF2400B2AF2000B1AF1C00B0AF259080000C
:209960000700A0102580A0000000A0A00100A0A00200A0A00300A0A00400A0A00500A0A05C
:2099800029004012010002240000438226006010258800003A001724060016240000549282
:2099A0008A4E400F252080021F00401025100000010055928A4E400F2520A00225004010AA
:2099C0000438B37E047A937E6A3E400FFFFF64322118B103100062A00200428208004010E3
:2099E00000000000030057102D0003240E0043142510000001003126E8FF36160300522609
:209A0000070000121000A28F030002AA000002BA1400A293040002A21500A293050002A29D
:209A20000500223A0100422C3C00BF8F3800B78F3400B68F3000B58F2C00B48F2800B38F88
:209A40002400B28F2000B18F1C00B08F0800E0034000BD27F4FF001025100000D8FFBD27E4
:209A60002400BFAF2000B4AF1C00B3AF1800B2AF1400B1AF1000B0AF020002242500821018
:209A8000FFFF10242598A0002590C0002A00C0102588E0000000C28C270040102528000029
:209AA0009348400F2520C0001A00401025A04000253800002530600225282002F012400F34
:209AC0000100042425804000FFFF022411000212801810005880828F211043000000518C4D
:209AE00025304002252880024F41400F252020023C00228E0040423401000324C47B627CD3
:209B00003C0022AE3C00228E01000324448C627C3C0022AE251000022400BF8F2000B48F5F
:209B20001C00B38F1800B28F1400B18F1000B08F0800E0032800BD272538000025306002C0
:209B400025282002F012400F0100042425804000FFFF0224EFFF0212801810005880828F80
:209B6000211043000000518C25300000252800004F41400F25202002E3FF00103C00228ECE
:209B8000D8FFBD272400BFAF2000B4AF1C00B3AF1800B2AF1400B1AF1000B0AF2B00E01000
:209BA000258000002590A000020002243000C2142598E000D400918CD800948C0000828EE7
:209BC0000F0040143800A68F1800052409F86002010004241D004010258000000000838EC5
:209BE000000043AC0400632400E0637C140043AC000082AE0400838E01006050040082AEFF
:209C00001200401225804002258000003800A68F1800052409F86002010004240C0040507E
:209C200025100002000040AC140040AC0400238E15006054000062AC040022AE000022AED1
:209C400001001026F2FF50163800A68F251000022400BF8F2000B48F1C00B38F1800B28F46
:209C60001400B18F1000B08F0800E0032800BD2701000224F5FFC21425800000DC00918CBB
:209C8000CEFF0010E000948C0400248E0400432400E0637C140083ACE9FF0010040022AEF8
:209CA000E0FFBD271C00BFAF1800B1AF1400B0AF258880000E00A290030003241E00431064
:209CC0002580A0000400432C050060100100032408004310020003242C004310000000002C
:209CE0003C80828FFEFF4014070002240D0000100E0002A2974F400F1000848C0A00401497
:209D00001C00BF8F040006968019C57C4020C67C1000A534EF48400F1000248E0300022463
:209D20000E0002A21C00BF8F1800B18F1400B08F0800E0032000BD27974F400F1000848C18
:209D4000F9FF40141C00BF8F754D400F1000248E080002AE040005964020A67C8019A57CE7
:209D60000100C6341000A534EF48400F1000248E0D0003920100633006000224020004242B
:209D80000A108300E7FF00100E0002A2974F400F1000848CE4FF40141C00BF8F754D400F77
:209DA0001000248E001C02000800028E25104300080002AE06000224DAFF00100E0002A234
:209DC0000700A22C4400401080280500E8FFBD271400BFAF1000B0AF019D023CF09D4224E2
:209DE000211045000000428C0800400025808000C49E009D149E009D0C9E009D3C9E009DA6
:209E00008C9E009DB89E009D0C9E009D2E000010010002242C00801025100000C84F400F85
:209E20000000000001000324000003A2CF4F400F2520400024000010010002242200801056
:209E40002510000000000292FF004230FDFF40100000000000000392FF0063301A006010CB
:209E600025100000C84F400F0000000000000392FFFF6324FF006330000003A2CF4F400F89
:209E80002520400010000010010002240E00801025100000C84F400F000000000000039228
:209EA00001006324000003A2CF4F400F252040000500001001000224000080AC0200001009
:209EC00001000224251000001400BF8F1000B08F0800E0031800BD270800E003251000006E
:209EE00000E85D4100701A4000601B4088FFBD277400BAAF02601A407000BBAF6C00BAAFA4
:209F000044781B7C00047B3700609B405C00BFAF5800BEAF5400B9AF5000B8AF4C00AFAF51
:209F20004800AEAF4400ADAF4000ACAF3C00ABAF3800AAAF3400A9AF3000A8AF2C00A7AF85
:209F40002800A6AF2400A5AF2000A4AF1C00A3AF1800A2AF1400A1AF121000006400A2AF87
:209F6000101800006000A3AF25F0A0032549400F0000000025E8C0036400A28F13004000DA
:209F80006000A38F110060005C00BF8F5800BE8F5400B98F5000B88F4C00AF8F4800AE8F2D
:209FA0004400AD8F4000AC8F3C00AB8F3800AA8F3400A98F3000A88F2C00A78F2800A68F2D
:209FC0002400A58F2000A48F1C00A38F1800A28F1400A18F00606041C00000007400BA8F7D
:209FE0007000BB8F00709A406C00BA8F7800BD2702609A4000E8DD4100609B401800004275
:20A0000000E85D4100701A4000601B4088FFBD277400BAAF02601A407000BBAF6C00BAAF82
:20A0200044781B7C00047B3700609B405C00BFAF5800BEAF5400B9AF5000B8AF4C00AFAF30
:20A040004800AEAF4400ADAF4000ACAF3C00ABAF3800AAAF3400A9AF3000A8AF2C00A7AF64
:20A060002800A6AF2400A5AF2000A4AF1C00A3AF1800A2AF1400A1AF121000006400A2AF66
:20A08000101800006000A3AF25F0A003744F400F0000000025E8C0036400A28F1300400064
:20A0A0006000A38F110060005C00BF8F5800BE8F5400B98F5000B88F4C00AF8F4800AE8F0C
:20A0C0004400AD8F4000AC8F3C00AB8F3800AA8F3400A98F3000A88F2C00A78F2800A68F0C
:20A0E0002400A58F2000A48F1C00A38F1800A28F1400A18F00606041C00000007400BA8F5C
:20A100007000BB8F00709A406C00BA8F7800BD2702609A4000E8DD4100609B401800004253
:20A12000F80B019D0081009D90EA009D08FD009DD8FF009D58A3009D882A019D1C02019D8F
:20A140004C2A019D2CF9009DC4EF009DECDB009D502D019D9839019DF43A019D940B019DE2
:20A16000748A009D2C1B019D7C35019D5035019D2C23019D7423019D70A4009DD013019D99
:20A18000100F019DB00E019DF409019DD807019D500E019D8026019D5832019D24CE009D97
:20A1A000B8CB009D403E019D143B019D8832019DC42A019D20D7009D1CC4009D882D019D2E
:20A1C00080FD009D243E019DC02D019DD8BA009DC000019D1C21019DD020019D8420019DA2
:20A1E0003820019D086E009DF82D019D3401019DDCC5009D102A019DF4AE009DE4F0009DFA
:20A20000302E019D28EB009D5C0A019D0CB3009DC08B009D94C7009D6878009D4C11019DDA
:20A220002C45019DA811019D0412019D6012019DBC12019D1813019D7413019D44A2009D17
:20A24000000000003041019DC00C019D5C31019D6844019D00000000043F019D5040019D01
:20A260000500000003000000C8A2009D02000000E0A2009D09000000D8A2009D010000008D
:20A28000F40300A04010000038A3009D0100000040D0009D48D0009D0000000054D0009D3B
:20A2A00064D0009D54D0009D54D0009D74D0009DFCCF009D090000005CA8009D0000000058
:20A2C00000000000000000000A0000000000000000000000000000000A0000020000000068
:20A2E0000500000001000000B00400003C00000002000000320000004B00000001000000E8
:20A30000030000000100000000000000009088BF0000000040000000D83F019D000000006D
:20A320008814019D30A3009D000000000C0400A000000000009088BF0800000608000400D2
:20A34000000001000200F40137420000009088BF4CA1009D08A3009DE0FFBD271C00BFAF96
:20A360001800B1AF1400B0AF258080000800848C20001196080023322A0060101000828CD9
:20A380000100433027006010C21A11004019030001008290010045300200A014010464348D
:20A3A0000100643444000596220003240600A314FFFF863046000396201663302016052464
:20A3C0000500651004000524020042300100405400088634040005246A40400F252000029E
:20A3E00007004010010131320101022409002216040002241A0002A6060002241C0002A65C
:20A400001C00BF8F1800B18F1400B08F0800E0032000BD271A0002A608000224F8FF001041
:20A420001C0002A6006026320300C010005031320001467C40330600010020560001C6346C
:20A4400000014230010040540040C634252800006A40400F25200002E9FF401004000224CB
:20A460001A0002A60A000224E5FF00101C0002A642008010F5FF0224E0FFBD271C00BFAFF9
:20A480001800B2AF1400B1AF1000B0AF258080002588A0000800838C00A0023C90114224F2
:20A4A000080062102590C000F5FF02241C00BF8F1800B28F1400B18F1000B08F0800E00342
:20A4C0002000BD270200848402000324F7FF8314F6FF0224F5FF2012F7FF0224F4FF401216
:20A4E0001C00BF8F00A0023CA411438CEFFF6010F7FF02240000648CEEFF80501800B28F10
:20A500000400648CEBFF80501800B28F0800638CE8FF60501800B28F1000228E0400401039
:20A5200025280002019D043C09F840004CA1842400A0023C901142240000238E020043A499
:20A540000400238E100043AC0800238E0A0043A40C00238E010043A0280012AE01000224ED
:20A56000180002A61C0000A61A0000A6020002A61E0002A6CDFF0010010002240800E0033B
:20A5800000000000D8FFBD272400BFAF2000B4AF1C00B3AF1800B2AF1400B1AF1000B0AF11
:20A5A000258080000B51400F2588A00004004014259000006650400F2520000203001224EC
:20A5C0005E50400F252000020000338E0400348ED650400F25200002DA50400F2520000234
:20A5E000019D023C884342242528000008000624000043941B006302F401600012180000F9
:20A600002B188302050060100100A524F8FFA61402004224070005240100A524DE50400FA3
:20A62000252000020800228E010042301200401000000000AA50400F252000020800228EFE
:20A64000020042301000401000000000B250400F25200002251040022400BF8F2000B48F42
:20A660001C00B38F1800B28F1400B18F1000B08F0800E0032800BD27AE50400F25200002F5
:20A68000EFFF00100800228EB650400F25200002F1FF001025104002E0FFBD271C00BFAFA4
:20A6A0001800B1AF1400B0AF258880001800848C0300032407008310010002244C80828F92
:20A6C000090040102580A000010042244C8082AF010002241C00BF8F1800B18F1400B08F3C
:20A6E0000800E0032000BD270800238EF9FF601025100000F8FFA0101C00BF8FC84F400F9E
:20A700000000000001000324408083A3CF4F400F2520400025300000009D053CF033A5241A
:20A72000B142400F0900042425184000448082AFE8FF6010251000000800248E0800828CD8
:20A740000400062409F8400000000596050040540800238E264D400F4480848FDDFF001018
:20A7600025100000508083AF00000396548083AF02000396488083A7588082AF4C80828F90
:20A7800001004224C84F400F4C8082AF4080839301006324408083A3CF4F400F25204000B9
:20A7A000CCFF001001000224D81A019DF8E9009D70D6009DA4EE009DE8CA009D0100000027
:20A7C0000200000008000000040000001000000020000000400000008000000046524D5442
:20A7E000584F4B2000000000B43D019D46524D52584F4B2000000000983D019D52584255BB
:20A8000046434E54000000007C3D019D52584F56464C4F5700000000603D019D46435345D3
:20A8200052524F5200000000443D019D414C474E4552522000000000283D019D53434F4C55
:20A8400046524D20000000000C3D019D4D434F4C46524D2000000000F03C019D40100100C1
:20A86000C4CF009DA40E009DA01F019DA444019DF02F019D6482009DE422019DE02C019DE8
:20A8800010F3009DCC90009DAC44019D20F4009DF044009DA4BE009DF476009DB0F8009DC4
:20A8A00058CD009D88F2009D0871009D44C9009DD43C019DD8FFBD272400BFAF2000B1AF84
:20A8C0001C00B0AF258880001400A0AF2F00A0141000A0AF1000A527A438400F25202002BD
:20A8E000251000002400BF8F2000B18F1C00B08F0800E0032800BD27D036400F2520200243
:20A900000300038A0000039A23006010258060000B00058A0800059A1F00A0100000000062
:20A920000C0003920D000692003206002530C3001900C01000000000EFFF40101000A7277C
:20A940001000A38FE7FF60101400A78FD400248E25300000040067540000688CE1FF601037
:20A960002538C0002540C000000060AC140060AC0400858C0C00A0540000A3AC040083ACD2
:20A98000000083ACF3FF0010251800012580A000DFFF001025100000EAFF40141000A38F61
:20A9A000CDFF00101000A5270400898C0400652400E0A57C140025ADF2FF0010040083AC1E
:20A9C0004000A01001000224D8FFBD272400BFAF2000B2AF1C00B1AF1800B0AF258080007A
:20A9E00064008390310062142588A0001800A28C0C00438C1C0083AC3C00828C00014430C1
:20AA000005008050140003AE4000048E030080541800238E140003AE1800238E1000728C8E
:20AA20001000B2AF2000423014004014200012AE1000A5273246400F2800248E0F004014EB
:20AA4000F0005232E00002240C0042121000A28F1800038E060062503C00028E3C00038EE1
:20AA6000C439037C3C0003AE180002AE3C00028E010003248431627C3C0002AE2800228E5A
:20AA8000240002AE28000296060040501C00228E4400029601004230050040142400BF8FA6
:20AAA0001C00228E00004294280002A62400BF8F2000B28F1C00B18F1800B08F0800E003B3
:20AAC0002800BD270800E003000000004000A01025100000E0FFBD271C00BFAF1800B2AF94
:20AAE0001400B1AF1000B0AF2580A0000000A38C310060102588C000300080101C00BF8FC7
:20AB000042008394400063302D0060501800B28F00A0023C4750400F0012528C0019020004
:20AB2000231862008018030021904302252800023F31400F0000448E258040001E000012F2
:20AB40002510000000000396C00063301B0060101C00BF8F09002052000003961000028E2B
:20AB6000030022AA000022BA14000292040022A215000292050022A200000396800063309C
:20AB80000D006010010002241400522604001126252820027C37400F2520400200A0023C74
:20ABA0001012428C0C0002AE25282002093A400F25204002010002241C00BF8F1800B28F77
:20ABC0001400B18F1000B08F0800E0032000BD270800E00300000000D8FFBD272400BFAFAB
:20ABE0002000B4AF1C00B3AF1800B2AF1400B1AF1000B0AF259080002588A00025A0C000F1
:20AC00006243400F2598E00029004010FFFF102400A0023CA810438C0200022422006214D3
:20AC200000000000200020122B1032021E00401400A0033C25800000F00F632405000224AC
:20AC400000006490230080540100102601000224000062A0010060A0180060A0190060A077
:20AC60003800A28F040062AC080071AC100074AC140073AC238832020C0071AC248082970C
:20AC8000FFFF10320024020025800402200070AC01004224FFFF4230FFFF033401004350C7
:20ACA00001000224248082A7E449400F00000000251000022400BF8F2000B48F1C00B38FBA
:20ACC0001800B28F1400B18F1000B08F0800E0032800BD27DAFF021624006324F2FF0010E4
:20ACE000FFFF1024D8FFBD272400BFAF2000B3AF1C00B2AF1800B1AF1400B0AF00A0023C0D
:20AD0000FFFF0324981243AC00A0023CAC4F400F0413448C020003240900431000A0023C03
:20AD20009812428C2400BF8F2000B38F1C00B28F1800B18F1400B08F0800E0032800BD27C8
:20AD40001751400F0000000020004018259040001080912725800000A9001324D24B400F96
:20AD6000252000028B4D400F252040000000238E19004310FF00433017006010000022AEFA
:20AD800015007310019D043C053F400FBCCF842425300000FFFF4530A54F400F0100042443
:20ADA0002518400000A0023CA01243A4FFFF0424DCFF6410FFFF022400A0023C9812432417
:20ADC000010004240A0064A0981240AC00A0023CD4FF00109812428C01001026DFFF5016F2
:20ADE00004003126FAFF001000A0023CE0FFBD271C00BFAF1800B1AF1400B0AF25808000B4
:20AE00007446400F8800848C25280000CD3B400F252000022B4E400F8800048E2C80828F07
:20AE20000C0002560C00048E7446400F8800048E2B4E400F8800048E9C0000AE900000AE83
:20AE40008C0000AE980000AE940000AE2C8080AF0C00048EFFFF0224060082103800118E24
:20AE60001800228E09F8400000000000FFFF02240C0002AE0800048EFFFF02240700821092
:20AE8000253800020800228E09F8400000000000FFFF0224080002AE25380002019D063C3F
:20AEA0005C04C62402000524F03A400F2520000225300000FEFF05248632400F2520000294
:20AEC00025380002019D063C90FCC62401000524F03A400F25200002100000AE140000A65B
:20AEE0001C00BF8F1800B18F1400B08F0800E0032000BD27E0FFBD271C00BFAF1800B2AF88
:20AF00001400B1AF1000B0AF0800918C00A0023C901142240200221225808000258800003C
:20AF2000E046400F252000021D0040101C00BF8F34000296220002A6000242301D00401403
:20AF4000000000003749400F00000000259040002000228EF549400F0400518C02882272D1
:20AF6000E70331266210023CD34D4224190022021088000082891100211032022C0002AE28
:20AF8000010005241340400F2520000203004010050002241A0002A61C0000A61C00BF8F32
:20AFA0001800B28F1400B18F1000B08F0800E0032000BD273749400F000000002C00038E1A
:20AFC0002B10430005004010252800001340400F25200002F2FF00101C00BF8F1C0000A63B
:20AFE0001A0000A6180000A602000224020002A6F9FF0224E9FF00101E0002A6D8FFBD276A
:20B000002400BFAF2000B3AF1C00B2AF1800B1AF1400B0AF2080848FFFFF02240600821045
:20B0200000A0023CD83F400F00000000FFFF0224208082AF00A0023CCC0F42940E004010EA
:20B04000B080918F2580000000A0123CCC0F53260300072402000624252820022233400F4C
:20B060002520600201001026CC0F42962A100202F7FF40146C0031265551400F00000000FF
:20B0800000A0023CD40F448C0800801000A0033C0C00828C09F84000B080858F00A0023C2B
:20B0A000D54E400FD40F448C00A0033CCC0F6224080040AC0C0040ACB08080AFCC0F60A401
:20B0C000040040AC8C8080AF908080AF00A0023C900C40AC900C4224040040AC080040ACBA
:20B0E0000C0040AC100040AC2400BF8F2000B38F1C00B28F1800B18F1400B08F0800E00395
:20B100002800BD27E8FFBD271400BFAF1000B0AF00606241C0000000BA4F400F000000004C
:20B12000008002400300423400808240C000000088BF023C0040438C020004240410837C01
:20B14000004043AC0040438C030004240429837C004043AC88BF023C0020438C010004248E
:20B160008431837C002043AC81BF023C00F24390C418037C00F243A04943400F00000000BE
:20B18000802D400F0000000003004014019D043CDA45400F008084342751400F00A0103C25
:20B1A000814E400F00000000AC4D400F00000000019D023C8814428C019D053C30A3A52468
:20B1C00009F8400025200000FC1202AE019D053C3CA2A524E323400F25200000FC121026C7
:20B1E000A648400F040002AE2051400F080002AE0D4E400F00000000206062411400BF8FB7
:20B200001000B08F0800E0031800BD27E0FFBD271C00BFAF1800B1AF1400B0AF2588800093
:20B220000E00A290030003241F0043102580A0000400432C05006010010003240800431082
:20B24000020003242B004310000000003C80828FFEFF4014070002240E0000100E0002A22C
:20B26000974F400F1000848C0B0040141C00BF8F040006968019C57C080007964020C67CEF
:20B280001000A534F045400F1000248E030002240E0002A21C00BF8F1800B18F1400B08F8F
:20B2A0000800E0032000BD27974F400F1000848CF9FF40141C00BF8F040005964020A67C73
:20B2C0008019A57C0A0007960100C6341000A534F045400F1000248E0D00039201006330AD
:20B2E00006000224020004240A108300E9FF00100E0002A2974F400F1000848CE5FF401424
:20B3000006000224E3FF00100E0002A2D0FFBD272C00BFAF2800B3AF2400B2AF2000B1AF81
:20B320001C00B0AF258080000800938C0A0072961000A0AFC443400F1000A52740004232EF
:20B34000090040101000B18F0A0071A61000628E8001433010006010010043300400027CB9
:20B360000F000010444A027C25884002110052321000A28FF5FF5210020002241C0000A69D
:20B380001A0000A6180000A6020002A6FCFF0224EEFF00101E0002A601006050444A027CE4
:20B3A000080023320D0060100400233200204234100062AE010002241A0002A61C0000A6F9
:20B3C0002C00BF8F2800B38F2400B28F2000B18F1C00B08F0800E0033000BD2703006010F7
:20B3E00002002332F2FF0010001042340300601001003132EEFF001000804234808B110089
:20B40000EBFF001025102202010003243B00A31425100000E0FFBD271C00BFAF1800B1AFC5
:20B420001400B0AF258080002588C0005E0083945C0082942B1862002800601025100000AE
:20B440003C00828CC002477CC03D07000002423003004010480004240400E734600004243B
:20B460000200E734100006966242400F080005241A004010019D033C4C8E6324080043AC40
:20B480000C0050AC3C00038E0002633018006010480044241000438C000064AC01000324F3
:20B4A000580043A4251800000A0020525E000396000003AE1000049621206400040004AEE7
:20B4C000080003AE01000324640003A20C0002AE5E000396010063245E0003A61C00BF8FD6
:20B4E0001800B18F1400B08F0800E0032000BD271C00438CECFF0010080063240800E00352
:20B5000000000000E0FFBD271C00BFAF1800B1AF1400B0AF804D400F2588A00025804000A5
:20B520002E000012251000003C00028E00304230040040543C00028E1743400F25200002D4
:20B540003C00028E448C027C3C0002AE000B437C640003A225184000004042300100405052
:20B56000240000AE008062300700405444000296180000AE3C00028EC439027C8431027C30
:20B580003C0002AE440002960400423005004010000000003C00028E040042300100405441
:20B5A000280000A6120020522C00058EB149400F25200002B64B400F48000426252840009B
:20B5C000153B400F252000023C00028E01000324448C627C3C0002AE010002241C00BF8F66
:20B5E0001800B18F1400B08F0800E0032000BD27702A400F25200002F4FF00103C00028EB2
:20B60000E8FFBD271400BFAFD007022400000000FFFF4224FDFF401410000624019D053C13
:20B62000C843A524EE4B400F00A0043C0B00401400A0023C000040AC040040AC080040ACC1
:20B640000C0040AC01000224CC8082A3010002241400BF8F0800E0031800BD270000438C1B
:20B660004850023C4D4342241A00621488BF023C00A0023C0400438C4850023C4D4342246C
:20B680001400621488BF023C00A0023C0800438C4850023C4D4342240E00621488BF023C11
:20B6A00000A0023C0C00438C4850023C4D4342240800625488BF023C00A0023C000040ACF8
:20B6C000040040AC080040AC0C0040ACE0FF0010010002245060438C01006330DCFF601416
:20B6E00001000224019D023C008042340000428C01004224D6FF00100100422CC0FFBD2725
:20B700003000B4AF5000B48F3400B5AF010094322C00B3AF2800B2AF2400B1AF2000B0AF8A
:20B720003C00BFAF3800B6AF259080002598A0002580C0002588E000030080162BA8C7000B
:20B740001300A05623A8300225300002252860022444400F252040020D00A01623A83002DF
:20B76000258800023C00BF8F251020023800B68F3400B58F3000B48F2C00B38F2800B28FFA
:20B780002400B18F2000B08F0800E0034000BD271100A22E100006240B30A2022000052494
:20B7A0001000A4273F4E400F25B0A0021000C22E0B0040100F00A6321000A5272444400F86
:20B7C00025204002E7FF801625300002252860022444400F25204002E3FF00103C00BF8FA6
:20B7E000100006241000A5272444400F25204002EEFF0010F0FFD626E0FFBD271C00BFAFC0
:20B800001800B1AF1400B0AF258080004000918C6250400F252020026A50400F25202002E3
:20B820007250400F25202002F650400F25202002FDFF4014000000006650400F25202002D8
:20B840002F51400F2520200225004014B4000226B80000AEB40000AED40002AEC00000AEA3
:20B86000BC0000AEBC000226D80002AEC80000AEC40000AEC4000226DC0002AED00000AE14
:20B88000CC0000AECC000226E00002AEEF6305240851400F25202002252800003D50400FF7
:20B8A00025202002252800004250400F252020025A50400F252020025E50400F25202002C8
:20B8C000000605242D51400F252020021C00BF8F1800B18F1400B08F0800E0032000BD2701
:20B8E0005650400F25202002D5FF0010000000000000A28C390040102538000025180000B7
:20B900002540000001000B2400E08A7C0400498C2E00230525404000040080100000000044
:20B920000800498C29002A55254040000400438CC001637C1A006014010003240400438CE1
:20B94000C001637CFDFF6014000000000000438C000040AC140040AC0400C98C1500205539
:20B96000000022AD0400C2AC0000C2AC0400428C8007427CF1FF4050251060000200005199
:20B980000000A3AC000003AD120080140100E7242510600025186001DCFF40140000000094
:20B9A0000200E01425100000010062240800E003000000000400CC8C0400492400E0297D97
:20B9C000140089ADE9FF00100400C2ACF2FF00100000428CF2FF001001000324F2FF0010BA
:20B9E00025180000E0FFBD271C00BFAF1800B2AF1400B1AF1000B0AF2580A000C21805003D
:20BA0000100063300200A5300700A010010062340400C5300100A054090062340800C630D3
:20BA20000100C054040042344000918C89BF033C009262AC0291100004000332040042329F
:20BA40000100642C25104400B240423489BF043C109282AC15000224120005240A28430031
:20BA6000EA4F400F252020020C0005247B4F400F2520200212000524F04F400F25202002F2
:20BA8000370005247A50400F252020020F0005247E50400F2520200200401032090000126D
:20BAA0001C00BF8F8250400F252020028650400F25202002010045328A50400F2520200200
:20BAC0001C00BF8F1800B28F1400B18F1000B08F0800E0032000BD27E8FFBD271400BFAFC4
:20BAE0001000B0AFE046400F25808000130040101400BF8F34000296200043301200601493
:20BB0000040043302800028E0400401000100324000043AC040040AC080040AC1C0000A6D6
:20BB20001A0000A6180000A602000224020002A6F8FF02241E0002A61400BF8F1000B08F21
:20BB40000800E0031800BD270F006014000142302800028E050040501C0000A6000040AC0D
:20BB6000040040AC080040AC1C0000A61A0000A6180000A602000224020002A6F8FF0224B2
:20BB8000EDFF00101E0002A6080040100F0005241340400F25200002E7FF4010020002240C
:20BBA0001A0002A6E4FF00101C0000A6060005241340400F25200002DFFF4010050002249D
:20BBC0001A0002A6DCFF00101C0000A6E0FFBD271C00BFAF1800B2AF1400B1AF1000B0AF4D
:20BBE0002E008014FFFF11242590A00000A0043C9439400FE8108424280040102580400002
:20BC0000080045320500A05014000296040042941B00401400000000140002962600401099
:20BC2000140002262400029615004014FFFF11242400022601000424080040A0090040A02A
:20BC40000A0040A00B0040A001000324000043A4020044A4040050AC020003240400A01039
:20BC60000C0043AC0200039604006334020003A60400039601006324040003A62588400029
:20BC8000C84F400F000000000000039201006324000003A2CF4F400F252040002510200233
:20BCA0001C00BF8F1800B28F1400B18F1000B08F0800E0032000BD27DFFF001025200000FC
:20BCC0003A008014FFFF0224E0FFBD271C00BFAF1800B2AF1400B1AF1000B0AF00A0023CEB
:20BCE000F010438C020002240D0062142588A00000A0023CEA104294010042300800401004
:20BD000000A0023CE81042241C00BF8F1800B28F1400B18F1000B08F0800E0032000BD2792
:20BD2000A80006242528000000A0043C3F4E400FE8108424F4FF2012FFFF0224C84F400FD9
:20BD400000A0103C01000324E81003A2CF4F400F25204000E810022601000324020043A40F
:20BD600002000324080043AC0C0040A40400238E100043AC00A0103C1C1110260100122479
:20BD800000A0113C6C1131260F0012A225280002AE4C400F2520200214001026FAFF1116B6
:20BDA00000A0023CD8FF0010E81042240800E0030000000000A0023CA2124290370040108A
:20BDC00000A0023CE0FFBD271C00BFAF1800B1AF1400B0AF9C12438C02000224140062141E
:20BDE00000A0103C981210263A3B400F080004861800068E2B1046000D00401400A0113CA6
:20BE0000FFFFC6301400058E5137400F08000486330C400F08000486040000AE2000028E9C
:20BE20001800068E9812258E09F840002520000000A0023C9C12438C010002241200621469
:20BE400000A0023C5045400FA01244840E00401000A0113C981230265045400F08000486E5
:20BE6000253040000C00058E2719400F08000486040000AE2000038E253040009812258E18
:20BE800009F86000252000001C00BF8F1800B18F1400B08F0800E0032000BD270800E0030D
:20BEA00000000000D8FFBD272400BFAF2000B1AF1C00B0AF00A0023CE00242242F0044148D
:20BEC000FAFF102400A0103C25384000019D063CD01CC62425280000BE18400F25204000FF
:20BEE00025280000E017400FE0020426E00210262A0010962100001200A0023C1000A0AF4B
:20BF00004803428C040040100500052400A0043C09F84000C40384241000A52700A0113C2D
:20BF20007E49400FE0022426E00231266800228E040040100600052400A0043C09F84000CA
:20BF4000C40384241000A28F2A1802020A00601400A0033C0C0365940400A01404000624A0
:20BF600005000212232802020400062400A0043C5F1D400FE002842425800000251000021A
:20BF80002400BF8F2000B18F1C00B08F0800E0032800BD27D0FFBD272C00BFAF2800B5AFA4
:20BFA0002400B4AF2000B3AF1C00B2AF1800B1AF1400B0AF2580800025A0A0001400828C64
:20BFC00009F840001000958C259040000C00028E1200401025880000259800000800118EEB
:20BFE0000000028E0218517221886200000022960100423013004014253080022000028EB0
:20C000002528200209F8400025200002020033A62400028E01004224240002AE2510200208
:20C020002C00BF8F2800B58F2400B48F2000B38F1C00B28F1800B18F1400B08F0800E0035E
:20C040003000BD271C00028E2528200209F8400025200002F1FF4010219055020C00028E45
:20C060002B1842020100605023904202010073262B106202D9FF401425880000E8FF001088
:20C0800025102002D8FFBD272400BFAF2000B4AF1C00B3AF1800B2AF1400B1AF1000B0AF9F
:20C0A0002598A000251880003800842C020080102590C0003800032403006324FCFF7030F3
:20C0C00011006226FCFF5430B480848F26008526212805020400828C09F84000FEFFA530BB
:20C0E0001A0040102588400018000626252800003F4E400F25204000211830020E0074A466
:20C100000E008226120062A4230062240408027C040062ACF8FF51AC01000224100062A4DB
:20C12000100023AE0400628C02004424080064AC140024AE0400127C03006012200032AEBD
:20C1400010004224180022AE2F0020A2251020022400BF8F2000B48F1C00B38F1800B28FAD
:20C160001400B18F1000B08F0800E0032800BD272D0080102510000000A0023CDC10428C9B
:20C180000C00878C2A004010000000000C00438C2B18E3002B00601400A0033C254800001A
:20C1A00025280000254000000C00438C2118A3002B2865002150A8002528600025584000DB
:20C1C0001C00428C0C004010254040010C00468C2118C3002B3066002130CA002B5026011B
:20C1E000060040551C0082ACEFFFC9142B18E300EDFF6010000000001C0082AC1C0064AD96
:20C20000251000002338E5000C0087AC1C00838C05006010000000000C00858C0C00648CB1
:20C22000232085000C0064AC0800E003000000000C0087AC00A0023CDC1044AC0800E0034B
:20C2400001000224DC1064AC1C0082AC25280000ECFF00100100022480BF023C400003241E
:20C26000145C43AC80BF023C105C428C20004230080040140000000080BF073C80BF033CBA
:20C28000205CE28C105C628C20004230FCFF4010000000001800C01025100000FF000A2433
:20C2A00080BF083C80BF073C03008010254840012118820000006990105C038D08006330ED
:20C2C000FDFF601000000000205CE9AC105C038D20006330FDFF601400000000205CE98CD1
:20C2E0000200A0102118A200000069A001004224EDFFC2140000000080BF033C105C628CA7
:20C3000080004230FDFF401080BF023C105C428C200042300700401480BF043C80BF033C3E
:20C32000205C828C105C628C20004230FCFF4010000000000800E00301000224D8FFBD276F
:20C340002400BFAF2000B3AF1C00B2AF1800B1AF1400B0AF1000918C290020122580A00094
:20C360001400B39001007332259020020000318E1A006012000040AE6800028E0300401065
:20C380000500052409F84000E40004260800458ED31E400F252000026800028E0300401073
:20C3A0000600052409F84000E4000426180003860400428E211043000000448C100042965E
:20C3C000040042300A0040506000028E2000828CC418027C08000010200082AC18000386CE
:20C3E0000400428E211043000000448C6000028E09F8400000000000DCFF2016259020020C
:20C400002400BF8F2000B38F1C00B28F1800B18F1400B08F0800E0032800BD27E8FFBD277E
:20C420001400BFAF1000B0AF1C0082940B00401025808000010003241300431002000224A3
:20C440001C0080A41A0080A4180080A4020082A4F7FF0224080000101E0082A41340400FE0
:20C460002528000004004010020002241A0002A6010002241C0002A61400BF8F1000B08F95
:20C480000800E0031800BD27E046400F00000000FAFF40101400BF8F340002861100430481
:20C4A0001C0000A63749400F000000002C00038E2B10430004004010020002241A0002A672
:20C4C000EDFF00101C0000A61C0000A61A0000A6180000A6020002A6FFFF0224E6FF00109B
:20C4E0001E0002A61A0000A6180000A602000224020002A6E0FF00101E0000A6D0FFBD27C0
:20C500002C00BFAF2800B5AF2400B4AF2000B3AF1C00B2AF1800B1AF1400B0AF258080005F
:20C5200025A0A0001400828C09F840001000958C259040000C00028E130040102588000061
:20C54000259800000800118E0000028E021851722188620000002296010042301400401070
:20C56000253080021C00028E2528200209F84000252000020F00401421905502000022961E
:20C580004408027C000022A6251020022C00BF8F2800B58F2400B48F2000B38F1C00B28FA6
:20C5A0001800B18F1400B08F0800E0033000BD27219055020C00028E2B18420201006050F5
:20C5C00023904202010073262B106202DDFF401425880000EDFF001025102002E0FFBD2738
:20C5E0001C00BFAF1800B2AF1400B1AF1000B0AF0800918C00A0023C901142240200221215
:20C600002580800025880000E046400F252000020D0040101C00BF8F34000296220002A62F
:20C620002800028E0D004014010005241340400F2520000203004010030002241A0002A690
:20C640001C0000A61C00BF8F1800B28F1400B18F1000B08F0800E0032000BD273749400FF4
:20C6600000000000259040002000228EF549400F0800518C02882272E70331266210023C74
:20C68000D34D4224190022021088000082891100211032022C0002AE252800001340400FF3
:20C6A00025200002E7FF4010040002241A0002A6E4FF00101C0000A6A8FFBD270400A1AF7D
:20C6C0000800A2AF0C00A3AF1000A4AF1400A5AF1800A6AF1C00A7AF2000A8AF2400A9AF06
:20C6E0002800AAAF2C00ABAF3000ACAF3400ADAF3800AEAF3C00AFAF4000B8AF4400B9AF96
:20C700004800BFAF124000004C00A8AF104000005000A8AF019D1A3C68405A27000000005A
:20C72000006804400060054009F84003000000005000A88F110000014C00A88F1300000134
:20C740000400A18F0800A28F0C00A38F1000A48F1400A58F1800A68F1C00A78F2000A88FAD
:20C760002400A98F2800AA8F2C00AB8F3000AC8F3400AD8F3800AE8F3C00AF8F4000B88F45
:20C780004400B98F4800BF8F5800BD27C000000018000042E8FFBD271400BFAF1000B0AF65
:20C7A0001C008294020003241F004310258080000300432C260060501C0080A40C0040149F
:20C7C000000000001340400F0200052404004010020002241A0002A6010002241C0002A663
:20C7E0001400BF8F1000B08F0800E0031800BD27E046400F00000000FAFF40101400BF8F81
:20C8000034000296440002A6030005241340400F25200002F2FF4010020002241A0002A620
:20C82000EFFF00101C0002A6E046400F00000000ECFF40101400BF8F34000296460002A66A
:20C84000030002241A0002A6E5FF00101C0000A61A0080A4180080A402000224020082A46D
:20C86000FFFF0224DEFF00101E0082A4D8FFBD272400BFAF2000B3AF1C00B2AF1800B1AF9F
:20C880001400B0AF258880002580A0002520C0000F00A290040047102590E0003C80828FB0
:20C8A000FEFF4014000000001142400F2528000219000216140006240C00139225280000C9
:20C8C0003F4E400F2520000225280002AE4C400F84002426010002240F0002A203000224CC
:20C8E000120062120000000002000224040042162400BF8F5151400F1000248E2400BF8F97
:20C900002000B38F1C00B28F1800B18F1400B08F0800E0032800BD273C80828FFEFF401498
:20C9200002000224F1FF0010000000009E4F400F1000248E02002296C418027CEAFF0010C4
:20C94000020022A600A0033CE00263243000641425100000D8FFBD272400BFAF2000B4AF18
:20C960001C00B3AF1800B2AF1400B1AF1000B0AF2588A00000A0023C6C03438C1C006010E8
:20C980002510000000A0103CE00210264000148E4847400F2520A000259040007446400FBB
:20C9A0008800048E259840009000028E2788110024882202900011AE9800038E27101200EF
:20C9C00024104300980002AE25284002FF50400F25208002252840020251400F25208002AC
:20C9E00025286002B74D400F8800048E010002242400BF8F2000B48F1C00B38F1800B28F68
:20CA00001400B18F1000B08F0800E0032800BD270800E00300000000C8FFBD273400BFAF44
:20CA20003000B3AF2C00B2AF2800B1AF2400B0AF258080002590A0002588C0001400A0AF82
:20CA40001000A0AF0700C0101800A0AF6800828C05004010440013260500052409F8400082
:20CA6000E800842444001326464B400F2520600213004014252840000600201200000000F6
:20CA80006800028E030040100600052409F84000E8000426464B400F1000A4270C004014AE
:20CAA000252040003400BF8F3000B38F2C00B28F2800B18F2400B08F0800E0033800BD27BE
:20CAC0008A4C400F1000A427E7FF0010000000006400028E4010062409F840002528400222
:20CAE000ECFF001000000000D8FFBD272400BFAF2000B1AF1C00B0AF258080001000A0AF6F
:20CB00003800918C1C00228E09F840000C00848C01000324090043102400BF8F2000228ED1
:20CB200009F840000C00048E080040507800028E664A400F252000022400BF8F2000B18F5E
:20CB40001C00B08F0800E0032800BD2701004230150040101000A5273400228E09F84000AA
:20CB60000C00048E1000A28F0100423000800534004003240B2862007C00028E2528A200B3
:20CB80007C0005AE8000068E792E400F2520000214000292010003240421627C140002A28A
:20CBA000E5FF0010840000AE664A400F25200002E2FF00102400BF8F31008010F5FF0224CB
:20CBC000E0FFBD271C00BFAF1800B1AF1400B0AF258080000800838C00A0023C90114224FC
:20CBE000070062102588A000F5FF02241C00BF8F1800B18F1400B08F0800E0032000BD2751
:20CC00000200848401000324F8FF8314F6FF02241800049601000324F5FF83141C00BF8F6A
:20CC20001A000396010002240300621004000424EEFF6414F6FF022430000492020003240A
:20CC4000EAFF8314F7FF02241535400F2520000225184000E5FF6004F7FF0224020004244D
:20CC6000E2FF641001000224E0FF20122510000034000296000022A6DCFF0010251000003E
:20CC80000800E00300000000D8FFBD272400BFAF2000B3AF1C00B2AF1800B1AF1400B0AF72
:20CCA000258880002580A000100085AC5800A294140082AC180086AC1C0087AC019D123C6C
:20CCC00044195226019D133C20197326F4FF52260800428E09F8400025202002FBFF531672
:20CCE000252800028634400F010004245000048E060080504C00048E4400028E2000428C5B
:20CD000009F84000000000004C00048E06008050500000AE4400028E0C00428C09F8400031
:20CD200000000000500000AE4C0000AE420002968473027C8431027C420002A62400BF8F1D
:20CD40002000B38F1C00B28F1800B18F1400B08F0800E0032800BD2700A0033CE00263242A
:20CD60002E006414FAFF0224D8FFBD272400BFAF2000B4AF1C00B3AF1800B2AF1400B1AFB3
:20CD80001000B0AF2590A0000300E0102580C000080002240000E2AC18004012251000001C
:20CDA0000900032A080002240A804300130000122510000025A00000019D113CDCA731265E
:20CDC00000A0133CE00273262400062425282002494E400F252040020C00228E09F84000C2
:20CDE0004000648E240042AE0100942628005226F5FF141610003126251000002400BF8F66
:20CE00002000B48F1C00B38F1800B28F1400B18F1000B08F0800E0032800BD270800E00373
:20CE20000000000030008010F5FF0224E8FFBD271400BFAF1000B0AF0800838C00A0023C67
:20CE4000901142240600621025808000F5FF02241400BF8F1000B08F0800E0031800BD277C
:20CE60000200848401000324F9FF8314F6FF02241800049601000324F6FF83141400BF8F0E
:20CE80001A000396010002240300621004000424EFFF6414F6FF022430000392ECFF601472
:20CEA000F7FF022401000224300002A2320005A603000224310002A2360006A6B725400F73
:20CEC0002520000225184000E1FF6004F7FF022403000424DEFF641425100000300000A2A7
:20CEE000DBFF0010010002240800E00300000000E0FFBD271C00BFAF1800B1AF1400B0AFFE
:20CF000025808000E52F400F2588A0001B004054000043942400048E0C00038E1F008314AD
:20CF20001C00BF8F1800038E1D0060501800B18F09F8600025200002180040101C00BF8F3F
:20CF400000004394010063300700601025282002000043940400037C000043A42400028E8B
:20CF6000FFFF4224240002AEE52F400F252000020A0040101C00BF8F0000439401006330A0
:20CF80000A00601401000424000043940400837C4408837C000043A41C00BF8F1800B18F1C
:20CFA0001400B08F0800E0032000BD27000043944408037CF8FF0010000043A436323334D0
:20CFC000000000005049433332494E540000000025642E25642E25642E256400252E32787A
:20CFE0003A252E32783A252E32783A252E32783A252E32783A252E327800000066756C6C6B
:20D00000000000006C6F7700646F776E000000002573256400000000382E3130202D204869
:20D0200033000000756E6B0065746800776C616E000000007070700067336164700000005D
:20D040004554484D41430000494E5354454F4E5F485542003139322E3136382E312E313168
:20D06000000000003235352E3235352E3235352E30000000302E302E302E3000286E696C6D
:06D080002900000025005C
:20D08800D8FFBD272400BFAF2000B4AF1C00B3AF1800B2AF1400B1AF1000B0AF25908000A9
:20D0A8002580A0002598C00000A0023C4750400F0012518C000005964000A33010006014C1
:20D0C800030014240019020023106200801002008000A5301700A0142188220204000526AF
:20D0E8007C37400F2400242601001424140027262530600280000524C140400F2520000227
:20D108002538800210000626080005264235400F252040022400BF8F2000B48F1C00B38F39
:20D128001800B28F1400B18F1000B08F0800E0032800BD27040005267C37400F1400242665
:20D14800EAFF00100200142400A0093CEC0F2A8D2B00401125100000251840012530000079
:20D16800253800000000658C0800A4141000688C0200C050EC0F28AD1000C8AC0800E00344
:20D1880010006224F7FF0010251800012B58850007006011000000001B0040502538C00065
:20D1A80000004B8C2B28AB000B38C5000B106500F4FF0015253060001100401000000000EC
:20D1C8000000438C1000458C231864001100682C0700001510004624000044ACF0FF632457
:20D1E8002120C400100085AC000083AC25288000020042551000E5ACEC0F25AD2510C000E9
:20D208000800E00300000000E9FF001025106000C8FFBD273400BFAF3000B1AF2C00B0AF26
:20D228002588A0001000A0AF1400A0AF1800A0AF1C00A0AF2000A0AF2400A0AF40100400CF
:20D24800211044008010020000A0103CA40C102621800202B64B400F252000020F00401052
:20D26800252840002800428C0500511400000000024D400F1000A427F6FF0010000000003B
:20D28800024D400F1C00A427F2FF00100000000001000624E04B400FF5FF0524B64B400FEE
:20D2A8001000A427FAFF4014252040001C00A28F030040101C00A5278048400F25200002D3
:20D2C8003400BF8F3000B18F2C00B08F0800E0033800BD272B008010F5FF02240800838CF6
:20D2E80000A0023C9011422423006250020088840800E003F5FF02241800889401000324FD
:20D3080022000315000000001A0083940100022403006210040008241A006814F6FF02241D
:20D328003000839017006014F7FF0224E8FFBD271400BFAF01000224300082A0320085A4DA
:20D348002800A29301004224310082A0340086A4B725400F360087A42518400003006004E0
:20D36800F7FF0224030063380100622C1400BF8F0800E0031800BD2701000324DEFF0311FA
:20D38800F6FF02240800E003000000000800E00300000000E0FFBD271C00BFAF1800B1AFCF
:20D3A8001400B0AF258880000E00A29001000324090043102580A000020003241900431027
:20D3C800000000003C80828FFEFF4014070002240F0000100E0002A2974F400F1000848CD4
:20D3E8000C0040141C00BF8F0400069606000596EF48400F1000248E0D000392010063309C
:20D4080006000224020004240A1083000E0002A21C00BF8F1800B18F1400B08F0800E0035F
:20D428002000BD27974F400F1000848CF9FF40141C00BF8F754D400F1000248E080002AE4A
:20D4480006000224F2FF00100E0002A2E0FFBD271C00BFAF1800B0AF3000839002000224B6
:20D4680008006210258080003080828FFEFF4014000000001C00BF8F1800B08F0800E00347
:20D488002000BD271000848C060080540C00028E3480828FFEFF4014FFFF0224F6FF0010AB
:20D4A8001C00BF8F3800428C1000A62709F840001400058E2518400001000424EDFF641029
:20D4C8000200022407006304310004923080828FFEFF4014FEFF0224140000AEE5FF0010FC
:20D4E800300000A203000324FBFF8314251000001000A28F340002A6F7FF0010251000000A
:20D50800D0FFBD272C00BFAF2800B4AF2400B3AF2000B2AF1C00B1AF1800B0AF2588800004
:20D5280025A0A0002598C0002590E00000A0043C2C42400F1C12842400A0023C1C12508C11
:20D548001200005200A0043C0C00028E040040500800028E0A0051540000108E0800028ED2
:20D568001000A2AF0400028E25384002253060022528800209F84000252020020000108E43
:20D58800F2FF00560C00028E00A0043C7047400F1C1284242C00BF8F2800B48F2400B38F99
:20D5A8002000B28F1C00B18F1800B08F0800E0033000BD27F0FFBD270C00BFAF0060624100
:20D5C800C00000000000A2AF00E0847C81BF023C20F444AC81BF023C0040032404F443AC04
:20D5E8000F00042404F444AC0F00A53081BF023C08F445AC08F443AC0048034000480240B5
:20D6080023104300F000422C0700401081BF023C400000000048024023104300F000422CBB
:20D62800FBFF401481BF023C10F440AC99AA033C5566632410F443AC6655033CAA9963349B
:20D6480010F443AC81BF023C0080033408F443AC0000A28F00608240C00000000C00BF8F42
:20D668000800E0031000BD27E8FFBD271400BFAF1000B0AF14008290200042300C004014EF
:20D68800258080003749400F000000007000038E231043007400038E2B1043000C00401434
:20D6A80001000324140002924429627C140002A214000292080042300900401401000324E8
:20D6C800140002920421627C140002A2840000AE1400BF8F1000B08F0800E0031800BD2715
:20D6E8003800028E3800428C253000002528000009F840000C00048E050041040300022460
:20D70800664A400F25200002F2FF00101400BF8FEFFF0010840002AEE0FFBD271C00BFAFD9
:20D728001800B2AF1400B1AF1000B0AF0800918C00A0023C90114224020022122580800020
:20D74800258800002800028E0C004014020002241C0000A61A0000A6180000A6020002A6EA
:20D768001E0000A61C00BF8F1800B28F1400B18F1000B08F0800E0032000BD273749400FB9
:20D7880000000000259040002000228EF549400F0000518C02882272E70331266210023C43
:20D7A800D34D4224190022021088000082891100211032022C0002AE020002241A0002A6BF
:20D7C800E8FF00101C0000A6E0FFBD271C00BFAF1800B2AF1400B1AF1000B0AF2590A0008A
:20D7E800153C400F010005241A004010FFFF1124252040000400508CA440400F2528400293
:20D80800252840000A004010FEFF11240E0042900600422C16004014900006269C000626A5
:20D82800030007241B32400F25200002258800000900001225102002C84F400F000000004A
:20D848000000039201006324000003A2CF4F400F25204000251020021C00BF8F1800B28FF2
:20D868001400B18F1000B08F0800E0032000BD27ECFF001002000724E0FFBD271C00BFAF99
:20D888001800B1AF1400B0AF25808000200080102588000048000292FF004230FDFF40107A
:20D8A8000000000048000292FF0042300A0040502400028EC84F400F000000004800039282
:20D8C800FFFF6324FF006330480003A2CF4F400F252040002400028E060040102588000093
:20D8E8000400438C2B2023020000428CFCFF40140B886400C84F400F000000004800039286
:20D9080001006324480003A2CF4F400F25204000C01011001C00BF8F1800B18F1400B08FA2
:20D928000800E0032000BD27E8FFBD271400BFAFB080828F060040102520A00000A0023C49
:20D94800CC0F42241400BF8F0800E0031800BD27FCFFA010FFFF0224A88080AFA08080AFC0
:20D968009C8080AFA48080AF948080AF988080AF00A0023CCC0F40ACCC0F4224040040ACA1
:20D98800080040AC0C0040AC100040AC140040AC180040AC1C0040AC010002248C8082AF27
:20D9A8001400A28C09004014888082AFD305400F0000000025184000E2FF6010FFFF02246E
:20D9C80000A0023CDFFF0010CC0F422400A0023CDCFF0010CC0F4224E0FFBD271C00BFAFDB
:20D9E8001800B1AF1400B0AF258080002588C0002000A38C080063342000A3AC1000A48C05
:20DA08000C008394F2FF63240C0083A42800B0AC00A0043C024D400FB00C84241600201282
:20DA28001C00BF8FC84F400F000000005A000396100063345A0003A6A880838F01006324AF
:20DA4800A88083AF00A0033C340D6324180065940100A534180065A4CF4F400F25204000BF
:20DA6800253000000100052400A0043C374A400F440D84241C00BF8F1800B18F1400B08F61
:20DA88000800E0032000BD27E0FFBD271C00BFAF1800B2AF1400B1AF1000B0AF00A0113CF9
:20DAA800A81031260400228E1800428C09F8400025908000140022AE1400308E1000228EC9
:20DAC80023800202BF41400F25200002C84F400F000000002800288E2C00298E2128080287
:20DAE8002B80B00021380902280025AE2C0027AECF4F400F252040005C30400F252040020F
:20DB0800080040101C00BF8FC84F400F000000008B1F400F25804000CF4F400F2520000243
:20DB28001C00BF8F1800B28F1400B18F1000B08F0800E0032000BD272800A104FEFF022498
:20DB4800D400838C0000628C0400648C060044540000448C040060AC04004014000060AC16
:20DB68000800E00303000224000064AC00E0A37C080043AC003406008001C634040046ACD8
:20DB8800422F0500040003240600A354000040AC0400438C010004248452837C040043AC2F
:20DBA800000040AC140040AC0400E38C05006054000062AC0400E2AC0000E2AC0800E0032C
:20DBC800251000000400E48C0400432400E0637C140083AC0400E2AC251000000800E00375
:20DBE8000000000028008014FFFF022400A0023C9011439001000224040062541800A38CC3
:20DC080000A0023C0800E0039011422400A0023CAC1143AC1C006010FFFF022400A0033C13
:20DC2800901162242000A494060044A401000424901164A002000324040043A4080040A4A1
:20DC48000400A38C0C0043AC1000A38C140043AC019D043C4CA18424180044AC2400A48C7D
:20DC6800200044AC240040A014006494010080500041042400A0023C901142245C0044A419
:20DC8800160063945E0043A40800E00300000000E0FFBD271C00BFAF1800B1AF1400B0AF07
:20DCA800258880000E00A29001000324090043102580A000020003241A0043100000000090
:20DCC8003C80828FFEFF401407000224100000100E0002A2974F400F1000848C0D00401469
:20DCE8001C00BF8F080007960400069606000596F045400F1000248E0D0003920100633050
:20DD080006000224020004240A1083000E0002A21C00BF8F1800B18F1400B08F0800E00356
:20DD28002000BD27974F400F1000848CF8FF401406000224F6FF00100E0002A2E0FFBD2791
:20DD48001C00BFAF1800B2AF1400B1AF1000B0AF1C00A010258000002590A0001900C01026
:20DD68002580C000804D400F000000001C004010258840003D4C400F2520400011004050C3
:20DD8800258000000800248E0400228E2310440025184000FFFF42302B1002020100405430
:20DDA80025180002FFFF70300600001225300002CD4D400F252840020800228E21105000DE
:20DDC800080022AE251000021C00BF8F1800B28F1400B18F1000B08F0800E0032000BD27D7
:20DDE800F8FF001025800000E0FFBD271C00BFAF1800B2AF1400B1AF1000B0AF25808000A1
:20DE08002590A0000D0082901B004010258800000C000292FF004230FDFF40100000000011
:20DE28000C000292FF0042300A00401025284002C84F400F000000000C000392FFFF632454
:20DE4800FF0063300C0003A2CF4F400F25204000252840028741400F25200002C84F400F32
:20DE6800258840000C000392010063240C0003A2CF4F400F25204000251020021C00BF8F20
:20DE88001800B28F1400B18F1000B08F0800E0032000BD27E0FFBD271C00BFAF1800B1AFCA
:20DEA8001400B0AF6243400F258080001A004010010011246B3D400F25200002140040108C
:20DEC800258040000100429011004014258800000C00028E0400401400A0023C0800028E06
:20DEE8000C0002AE00A0023CD81042901000401400000000A436400F25200002180000A238
:20DF0800190000A201000224010002A225880000E449400F00000000251020021C00BF8F88
:20DF28001800B18F1400B08F0800E0032000BD275C30400F25200002F0FF0010000000001E
:20DF4800D0FFBD272C00BFAF2800B3AF2400B2AF2000B1AF1C00B0AF258880002598A000D8
:20DF68002510C0000300E0142590E00017008010FFFF102415004010FFFF102400A0033CC9
:20DF8800B410638CE8030624253800001900620012200000BF08400F102800001000B2AFE8
:20DFA800253860022530200225284000F62A400F2520000025804000FFFF022404000212C1
:20DFC80025100002A737400F25200002251000022C00BF8F2800B38F2400B28F2000B18FAE
:20DFE8001C00B08F0800E0033000BD272700801025108000E0FFBD271C00BFAF1800B2AF8D
:20E008001400B1AF1000B0AF258080000000838C18006010251000001751400F000000006D
:20E0280025904000020042281000401425880000D24B400F252020021A4D400F2520400058
:20E0480008004010010031260000038E0400448C261864000800448C241864000600601013
:20E068001C00BF8FF2FF511600000000A341400F010004241C00BF8F1800B28F1400B18F63
:20E088001000B08F0800E0032000BD270800E00300000000E0FFBD271C00BFAF1800B2AF89
:20E0A8001400B1AF1000B0AF2590A0000F0080102588C00042008294400042301B0040149B
:20E0C800258080000B00E01425282002FD37400F252040020E00401025804000FD4E400FBE
:20E0E800252000020A000010000022AEF7FFE01025282002CC3D400F25200000040040149D
:20E1080025804000FD37400F2520400225804000251000021C00BF8F1800B28F1400B18FD5
:20E128001000B08F0800E0032000BD27EBFFE01025100002F8FF00101C00BF8FE0FFBD2754
:20E148001800B1AF00A0113CDC12228E1400B0AF1C00BFAF1C004010258080000D00000613
:20E1680000A0033CBC12638C231862002B18700010006054FFFF02241C00BF8F2180500068
:20E18800DC1230AE1800B18F1400B08F0800E0032000BD2700A0033CC012638C232010001E
:20E1A800231843002B186400F4FF60101C00BF8FFFFF02241C00BF8F1800B18F1400B08F2C
:20E1C8000800E0032000BD27F319400F00000000DC12228EE1FF401400000000F5FF001017
:20E1E800FFFF0224756C023CC8FFBD27286E42242000B0AF1800A2AF2580C0006C29022425
:20E208002400B1AF3400BFAF3000B4AF2C00B3AF2800B2AF258880002530E0001C00A2A75F
:20E22800020000161E00A0A31800B0270400B28C0800B38C0400C0140000B48CD84D400F59
:20E248002520000225304000020040062B1046020B3042021000B4AF25386002252800020F
:20E26800BF2D400F252020023400BF8F3000B48F2C00B38F2800B28F2400B18F2000B08F65
:20E288000800E0033800BD270000A28C240040102530A000E0FFBD271C00BFAF1800B1AF13
:20E2A8001400B0AF258080004000918C0400438C01000424C4FF837C040043AC0400A28C7E
:20E2C8000400438C84F7837C040043AC25380000D800058E8E19400F252000023151400F20
:20E2E800252020020700401400000000D800028E0000458C0400A52400E0A57C3D50400F71
:20E30800252020026E50400F252020021C00BF8F1800B18F1400B08F0800E0032000BD2716
:20E328000800E00300000000E0FFBD271C00BFAF1800B1AF1400B0AF258880000E00A29045
:20E34800010003240F0043102580A000FCFF4224FF0042300200422C160040100800A5246D
:20E368003945400F1000848C10004014050002241C00BF8F1800B18F1400B08F0800E00319
:20E388002000BD27974F400F1000848CF9FF40141C00BF8F0400069606000596F546400F9B
:20E3A8001000248EF2FF00100E0002A2F0FF00100E0002A23C80828FFEFF401407000224E4
:20E3C800EBFF00100E0002A2D8FFBD272400BFAF2000B3AF1C00B2AF1800B1AF1400B0AF52
:20E3E800258080000F0080A025908000258800000F001324DD4F400F00004492FF004230D7
:20E4080013004014000042A22118110201001026218011020E00022423105100FF00423049
:20E428002180020220000224000062A001006324FDFF70142400BF8F2000B38F1C00B28FAE
:20E448001800B18F1400B08F0800E0032800BD2701003126FF003132E6FF331601005226B1
:20E46800F5FF00102400BF8F2500C01025100000E0FFBD271C00BFAF1800B1AF1400B0AFBC
:20E48800258880002520E0000900A0101400308E0300A2880000A298030002AA000002BAC5
:20E4A8000400A290040002A20500A290050002A20300C2880000C298090002AA060002BA78
:20E4C8000400C2900A0002A20500C290A810400F0B0002A20C0002A61000238E0C006294AC
:20E4E8000E0042240C0062A4010002241C00BF8F1800B18F1400B08F0800E0032000BD2763
:20E508000800E003000000001300C0101000828C23004010000000001C00848C0800438C91
:20E528002B3083001C00C0540000428C0E004694211866002B3064001700C0540000428CB8
:20E548002B20A400030080142B18650014006010000000000000428C1100401000000000D2
:20E568000800438C2B20A300070080540000428C0E004494211864002B1865000800601082
:20E58800000000000000428CF6FF40540800438C0800E00300000000E1FF40540800438C0F
:20E5A8000800E00300000000D8FFBD271C00B0AF00A0103C1804028E2000B1AF2400BFAF88
:20E5C8000D00401025888000C345400F000000001000A4271A4B400F1000A2AF0F004424EB
:20E5E8001000A58F534E400F0418047C0B00401025100000180400AE010010240B803102F6
:20E608000F0010260418107C0900001600A0023C0C0003240C1343AC251000002400BF8F20
:20E628002000B18F1C00B08F0800E0032800BD275434400F25200002F8FF4054FCFF50AC80
:20E64800F7FF00102400BF8FE0FFBD271C00BFAF1800B1AF1400B0AF1A00801025880000AB
:20E66800258080000800838C020002241B0062142588800002008294010042301100405044
:20E688002588000000002292FF004230FDFF40100000000000000292FF0042300A004010F5
:20E6A80025102002C84F400F0000000000000392FFFF6324FF006330000003A2CF4F400FD7
:20E6C80025204000251020021C00BF8F1800B18F1400B08F0800E0032000BD27F9FF00104A
:20E6E80025880000E0FFBD271C00BFAF1800B2AF1400B1AF1000B0AF1900A0102580C0008E
:20E708002588A000153C400F0100052415004050FFFF022418000016080051AC0400528CFC
:20E728000800401225802002C84F400F000000000000439201006324000043A2CF4F400F9B
:20E7480025204000251000021C00BF8F1800B28F1400B18F1000B08F0800E0032000BD27A0
:20E76800FDFF0224F8FF005225100002000002AEF4FF001025800000E8FF0010000000AEF2
:20E7880000A0023C0812428C2200401800000000E8FFBD271400BFAF1000B0AF1800858C4C
:20E7A800040003241400A314FFFF422400A0023C0C1242900C00401000A0023C0012508C01
:20E7C8004750400F1000848C00190200231862008018030021200302040080101400BF8F9C
:20E7E8005A48400F000000001400BF8F1000B08F0800E0031800BD2700A0033CFAFF40145C
:20E80800081262AC6A25400F00000000F7FF00101400BF8F0800E00300000000E0FFBD27D4
:20E828001C00BFAF1800B1AF1400B0AF258080000D0082901B0040102588A0000C000292BF
:20E84800FF004230FDFF4010000000000C000292FF0042300A00401025282002C84F400FB3
:20E86800000000000C000392FFFF6324FF0063300C0003A2CF4F400F2520400025282002C6
:20E88800024D400F25200002C84F400F000000000C000392010063240C0003A2CF4F400FDE
:20E8A800252040001C00BF8F1800B18F1400B08F0800E0032000BD27E0FFBD271C00BFAF7A
:20E8C8001800B1AF1400B0AF258080000D0082901A004010258800000C000292FF004230D9
:20E8E800FDFF4010000000000C000292FF0042300900401000000000C84F400F00000000F4
:20E908000C000392FFFF6324FF0063300C0003A2CF4F400F25204000B64B400F25200002FD
:20E92800C84F400F258840000C000392010063240C0003A2CF4F400F252040002510200259
:20E948001C00BF8F1800B18F1400B08F0800E0032000BD2700A0023CDC10438C2200601080
:20E96800251000000F0064501C00828C252860001C00638C0900601000000000FCFF83546A
:20E98800252860001C00828C09004014000000001C00A2AC12000010251000000800E0038F
:20E9A800251000000900405000A0023C252800000C00868C0C00438C211866000C0043ACC3
:20E9C800F3FFA0541C00828C00A0023CA81042243400438C1C00638C340043AC01000224CB
:20E9E8000800E0031C0080AC0800E00300000000E0FFBD271C00BFAF1800B1AF1400B0AFB9
:20EA0800258080003800918C1C00228E09F840000C00848C01000324090043101C00BF8F5D
:20EA28002000228E09F840000C00048E080040507800028E664A400F252000021C00BF8FCF
:20EA48001800B18F1400B08F0800E0032000BD2701004230050040541400028E664A400F65
:20EA680025200002F6FF00101C00BF8F0001427C0300401002000224F0FF0010840000AE6D
:20EA8800EEFF0010840002AEE8FFBD271400BFAF1000B0AFE046400F258080001600401081
:20EAA8001400BF8F0800028E1000438C010062301400401008006430060080102510000017
:20EAC8004000627C040063300200601040130200001042343400039624104300220002A61E
:20EAE8003C0000AE040002241A0002A6030002241C0002A61400BF8F1000B08F0800E003AF
:20EB08001800BD27F3FF801025100000020063300010022400200424EEFF00100B1083008C
:20EB2800E8FFBD271400BFAF1000B0AFE046400F25808000160040101400BF8F34000296E3
:20EB480004004330050060542800048E2000039612006014010005242800048E050080100B
:20EB68008000437C100042300100405404006334000083AC1C0000A61A0000A6180000A62D
:20EB880002000224020002A61E0000A61400BF8F1000B08F0800E0031800BD271340400F9D
:20EBA80025200002F9FF4010020002241A0002A6F6FF00101C0000A6D8FFBD272400BFAFC0
:20EBC8002000B3AF1C00B2AF1800B1AF1400B0AF258080002598A0002588C0000200A23080
:20EBE800090040102590E0002530E000252820023341400FD400848C2530400225282002CE
:20EC08003341400FD800048E010073320800601225304002252820023341400FDC00048E68
:20EC280025304002252820023341400FE000048E2400BF8F2000B38F1C00B28F1800B18F08
:20EC48001400B08F0800E0032800BD27E0FFBD271C00BFAF1800B1AF1400B0AF2580800005
:20EC68002C00848C040080102588A00009000624E04B400F02000524140020122C0011AE66
:20EC88001C00238E1000228E300002AE0C004294F8FF4224340002A604006294360002A60C
:20ECA8001C00228E08004224380002AE25282002702A400F252000021C00BF8F1800B18FC9
:20ECC8001400B08F0800E0032000BD27300000AE340000A6360000A6F3FF001025102002FD
:20ECE800E8FFBD271400BFAF804D400F1000B0AF258040001B0000122510000064000492F3
:20ED080001000324180083141400BF8F0C00028E06004010010006242000428C080042302D
:20ED2800090040503C00038E0C0000AE01000524022D400F252000022518400009006010C6
:20ED4800251000003C00038E0002633005006014C00502240400028E0800038E231043000D
:20ED6800FFFF42301400BF8F1000B08F0800E0031800BD27E8FFBD271400BFAF1000B0AFC7
:20ED88000D0082901C004010258080000C000292FF004230FDFF4010000000000C000292BE
:20EDA800FF0042300900401000000000C84F400F000000000C000392FFFF6324FF00633063
:20EDC8000C0003A2CF4F400F25204000B64B400F25200002FDFF401400000000C84F400F3B
:20EDE800000000000C000392010063240C0003A2CF4F400F252040001400BF8F1000B08F8E
:20EE08000800E0031800BD272200E01000000000D8FFBD272400BFAF2000B2AF1C00B1AFA7
:20EE28001800B0AF258080002590C0002588E000030002241000A2A3021405001100A2A33D
:20EE4800021205001200A2A3C047400F1300A5A304000624252800009630400F1000A4271E
:20EE680025302002252840029630400F25200000D447400F25200002010002242400BF8FE0
:20EE88002000B28F1C00B18F1800B08F0800E0032800BD270800E00301000224E0FFBD278A
:20EEA8001C00BFAF1800B1AF1400B0AF258080003800918C1C00228E09F840000C00848C32
:20EEC80001000324090043101C00BF8F2000228E09F840000C00048E080040503C00228E09
:20EEE800664A400F252000021C00BF8F1800B18F1400B08F0800E0032000BD27780006261C
:20EF08002528000009F840000C00048E0500410404000224664A400F25200002F3FF001001
:20EF28001C00BF8FF0FF0010840002AEE8FFBD271400BFAF1000B0AF0100A5300B00A010DF
:20EF48004000908C6A50400F25200002F950400F25200002FDFF401400000000FC50400F33
:20EF680025200002FDFF4014000000006A50400F252000027250400F252000025A50400F51
:20EF8800252000025E50400F252000026250400F25200002F650400F25200002FDFF40146A
:20EFA800EF6305240851400F252000021400BF8F1000B08F0800E0031800BD272000839410
:20EFC8000800878C080065300200A0141000E28C0400027C220085940030A6300100C05069
:20EFE800C418027C006066300100C0500421027C001866300100C0504429027C0050663075
:20F008000001A8302530C8000100C0504408027C002863308000A5302518650001006050B4
:20F028008410027C1000E2AC2800838C000062AC1C0080A41A0080A4180080A402000224F1
:20F04800020082A40800E0031E0080A4E8FFBD271400BFAF1000B0AF0D0080102580000055
:20F068000000829419004010258080000C00838C0200022406006254258000000900A05047
:20F088000400828C9439400F0400848C0A800200251000021400BF8F1000B08F0800E003C7
:20F0A8001800BD27FAFF4050258040000800448C02000324F6FF8354258000000200429494
:20F0C80001004230F2FF00100A800200F0FF001025800000EEFF001025804000E8FFBD27D7
:20F0E8001400BFAF1000B0AFE046400F258080000E0040101400BF8F340006962000C230DB
:20F1080015004054220005963749400F000000002C00038E2B1043000700401001000524F6
:20F128001340400F252000021400BF8F1000B08F0800E0031800BD271C0000A61A0000A6C4
:20F14800180000A602000224020002A6F8FF0224F5FF00101E0002A6174A400F2520000239
:20F16800F2FF00101400BF8FE0FFBD271C00BFAF1800B2AF1400B1AF1000B0AF1600A010B5
:20F18800F9FF11242590A000153C400F0100052411004010FFFF11240400508C2528400218
:20F1A8006129400F1000048E25884000020002960200423408000012020002A6C84F400FA3
:20F1C800000000000000039201006324000003A2CF4F400F25204000251020021C00BF8FB2
:20F1E8001800B28F1400B18F1000B08F0800E0032000BD2788BF023C00010524741045ACF8
:20F2080000020424741044AC00040324741043AC80BF023C005C40AC80BF023C205C428C1E
:20F2280088BF023C441045AC441044AC441043AC80BF023C01000324305C43AC80BF023CD8
:20F2480040000324145C43AC80BF033C0100023C20014224085C62AC05000224085C62AC8D
:20F2680000A0023C701242241C0040A0200040AC00800234085C62AC0800E00300000000A5
:20F2880000A0033CE00263241D006414251000000300E01000000000200002240000E2AC8D
:20F2A8001700A010251000002000C62C1400C0140000000000A0023CE002422420004A8C34
:20F2C8002400498C2800488C2C00478C3000468C3400448C3800438C3C00428C0000AAACC5
:20F2E8000400A9AC0800A8AC0C00A7AC1000A6AC1400A4AC1800A3AC1C00A2AC2000022415
:20F308000800E0030000000000A0033CE00263241D0064142510000000A0023CF402439041
:20F32800040063301800601025100000E8FFBD271400BFAF1000B0AF00A0103CE0021026B1
:20F348003800028E1000428C09F840000800048E8400028E80100200019D033CA8A76324CB
:20F36800211043000000428C09F8400025200002140002920001427C1400BF8F1000B08FA3
:20F388000800E0031800BD270800E003000000001F00A010FBFF02240000A38C1C006010E9
:20F3A800000000001A008010FAFF022442008394400068301600001100000000E0FFBD2761
:20F3C8000B00E0101C00BFAF0010633005006014F8FF02241000A6AF01000724BC1A400FB1
:20F3E800040086241C00BF8F0800E0032000BD27B32A400F0000000025284000FFFF032420
:20F408000200042425108000F6FF00100A1065000800E0030000000000A0033CE00263244E
:20F428001C006414FAFF0224E8FFBD271400BFAF1000B0AF2580A00025386000019D063C73
:20F44800D01CC62425280000BE18400F2520600007000012251000021000438C09006050CF
:20F46800F5FF02240000428CFCFF40541000438C2528000200A0043CE017400FE00284242F
:20F48800010002241400BF8F1000B08F0800E0031800BD270800E00300000000E8FFBD27EF
:20F4A8001400BFAF6880848F050080107480858F274A400F00000000688080AF7480858F4B
:20F4C80000A0043C964D400F44128424608080AF00A0043C893E400F601284247080848FF2
:20F4E800050080106C80858F264D400F00000000708080AF6C80858F0500A0107480848FD2
:20F508000C00828C09F84000000000006C8080AF748080AF1400BF8F0800E0031800BD2701
:20F528002000828C010042301C00401400000000E0FFBD271C00BFAF1800B1AF1400B0AF7A
:20F548001000918C0C00201225808000252820021000A29401004230050040140000318ED3
:20F56800B480848F0C00828C09F8400000000000F7FF201625282002B480848F0C00828CE5
:20F5880009F84000252800021C00BF8F1800B18F1400B08F0800E0032000BD270800E003E4
:20F5A80000000000FFFF8324FEFF632C1C00601025100000FFFF83300500652C1800A01042
:20F5C80000A0053CC01003002110430080100200F00FA524211045002000458C1000A41472
:20F5E80025100000C0100300211043008010020000A0043CF00F8424211044000000449025
:20F608000700801025100000C0100300211843008018030000A0023CF00F42242110430075
:20F628000800E00300000000D8FFBD272400BFAF2000B3AF1C00B2AF1800B1AF934E400FE3
:20F648001400B0AFFFFF503000C0103600401124FFFF133400C012340149400F252000020B
:20F668000A00405425100002030013522580400201001026FFFF1032FFFF3126F6FF201667
:20F688000000000025800000251000022400BF8F2000B38F1C00B28F1800B18F1400B08FAA
:20F6A8000800E0032800BD271D00801025100000E0FFBD271C00BFAF1800B2AF1400B1AF2F
:20F6C8001000B0AF25888000019D103C102F1026019D123C302F52260400058E0C00A050D1
:20F6E80008001026E34D400F2520200208004054080010260000028E1C00BF8F1800B28FB1
:20F708001400B18F1000B08F0800E0032000BD27F2FF12560400058EF7FF00102510000024
:20F728000800E003000000001D00A0102510A0000000A78C1A00E0102510000000A0023CE4
:20F74800CC0F43941600601025100000B080828F2528600025300000040080504200439404
:20F768000C0082540100C6244200439440006330080060500100C6240400438C2618E30031
:20F788000800488C2418680005006010000000000100C624F0FFC5146C00422425100000B2
:20F7A8000800E00300000000D8FFBD272400BFAF2000B3AF1C00B2AF1800B1AF1400B0AF1F
:20F7C800259880001450400F2580A00025904000409C113402881172254F400F252060025F
:20F7E80008004014010002242400BF8F2000B38F1C00B28F1800B18F1400B08F0800E003B7
:20F808002800BD271450400F00000000F2FF0012231852002B187100EFFF60142510000046
:20F82800F2FF00102400BF8FC8FFBD27FFFF03241000A3AF020103242510A0003400BFAF7A
:20F848002528C0001400A3AF020080142530E0002C00A4271800A4AF1C00A2AF0200401041
:20F8680025180000FFFF4324080041042000A3AF00A0023C4F0003240C1343ACFFFF022499
:20F888003400BF8F0800E0033800BD272800A4AF2400A4AF000080A0294B400F1000A42727
:20F8A800F8FF00103400BF8F00A0033CE00263241A006414FAFF0224E8FFBD271400BFAF71
:20F8C8001000B0AF2580A00000A0023CF002448C020003240D008314FEFF02240B00A01021
:20F8E8002510000000A0023C234C400F2003448C03000224080002AE010002240C0002AE78
:20F90800DC050224100002AE251000001400BF8F1000B08F0800E0031800BD270800E00360
:20F9280000000000E8FFBD271400BFAF1000B0AFE046400F258080000E0040101400BF8FA9
:20F9480034000296080042300D00401000120624252800006A40400F2520000204004010DF
:20F96800040002241A0002A60A0002241C0002A61400BF8F1000B08F0800E0031800BD2707
:20F988001C0000A61A0000A6180000A602000224020002A6FAFF0224F5FF00101E0002A664
:20F9A800251080000047852C0300A014021A0400E0FF6324047A627CFF0084304700832C50
:20F9C80002006014E0FF84240438827C003A437C3A00642C0D008054D0FF6324C9FF63249F
:20F9E800FF006330FF0042303A00442C09008054D0FF4224C9FF4224FF0042300019030085
:20FA0800251043000800E003FF004230F5FF0010FF006330F9FF0010FF004230E8FFBD2730
:20FA28001400BFAF1000B0AF0D00829016004010258080000C000292FF004230FDFF4010C6
:20FA4800000000000C000292FF0042300900401000000000C84F400F000000000C0003922D
:20FA6800FFFF6324FF0063300C0003A2CF4F400F25204000B64B400F25200002FDFF4014DD
:20FA8800000000000D0000A21400BF8F1000B08F0800E0031800BD27E8FFBD271600823084
:20FAA8000A0040141400BFAF5A00A294252082005A00A4A4A880828F01004224A88082AF6C
:20FAC8001400BF8F0800E0031800BD275A00A294252082005A00A4A4A880828F010042243C
:20FAE800A88082AF00A0023C340D42241800439401006334180043A425300000010005241B
:20FB080000A0043C374A400F440D8424EDFF00101400BF8FD8FFBD272400BFAF2000B3AF07
:20FB28001C00B2AF1800B1AF1400B0AF259880002520A0002588C0002590E0000400A28CFF
:20FB480009F840002528E0000900401025804000040020122530400225282002CD4D400F4C
:20FB68002520400025280002093A400F25206002251000022400BF8F2000B38F1C00B28F08
:20FB88001800B18F1400B08F0800E0032800BD270800E003000000002518E003009D043CD3
:20FBA800083A842416008010000000000000858C1300A010040084240000868C040084246F
:20FBC80000008B8404008424019D0C3C44418C2580580B0021606C0100008C8D09F88001DA
:20FBE800000000002520400003008424FCFF06242420C4000000858CECFFA01400000000F0
:20FC080025F860000800E0030000000020000524000082800A004510F7FF43240500632CD9
:20FC2800070060142B000324070043102D0003240700431425280000040000100100052458
:20FC4800F3FF001001008424252800000100842425100000030000100A00072401008424D5
:20FC68002310430000008380D0FF63240A00662CFAFFC054021047700100A0502310020015
:20FC88000800E00300000000E0FFBD271C00BFAF1800B1AF1400B0AF258880002580A000C7
:20FCA80025288000094C400F252000020C0040505800028E1C00038E24104300180003863B
:20FCC800211043000000448C1000828C000040AC6000028E09F84000000000005800028EB5
:20FCE8002528200209F840005000048E1C00BF8F1800B18F1400B08F0800E0032000BD2766
:20FD0800E8FFBD271400BFAF1000B0AF258080000800828C1400438C0000638C0A0046942E
:20FD280025288000019D043C09F860004CA1842409004014010003243C0000AE0400022481
:20FD48001A0002A61C0002A61400BF8F1000B08F0800E0031800BD27FBFF43100200032407
:20FD68001C0000A61A0000A6180000A6020003A6F5FF00101E0002A6E8FFBD271400BFAF79
:20FD88001000B0AFE046400F258080000C0040101400BF8F34000296080042300B004014EF
:20FDA800020002241C0000A61A0000A6180000A6020002A6FAFF02241E0002A61400BF8FE2
:20FDC8001000B08F0800E0031800BD2700120624252800006A40400F25200002F7FF4010D6
:20FDE800020002241A0002A6F4FF00101C0000A6E0FFBD271C00BFAF1800B1AF1400B0AF14
:20FE08002588A000153C400F0100052410004010FFFF10240800438C03007114FDFF1024A2
:20FE2800080040AC258000000400518C0900201225100002C84F400F0000000000002392B3
:20FE480001006324000023A2CF4F400F25204000251000021C00BF8F1800B18F1400B08F0F
:20FE68000800E0032000BD27E0FFBD271C00BFAF1800B1AF1400B0AF258080002588C000C1
:20FE880040100400211044008010020000A0043CA40C8424024D400F212082000A0020122A
:20FEA8000081100000A0043C340D8424212090000800829401004234080082A425300000F7
:20FEC800374A400F01000524010002241C00BF8F1800B18F1400B08F0800E0032000BD27F5
:20FEE800E0FFBD271C00BFAF1800B2AF1400B1AFC84F400F1000B0AF2588400000A0103C12
:20FF0800A81010260400028E1800428C09F84000000000001000038E231843002800048E57
:20FF28002C00058E219064002B18430221806500CF4F400F252020022510400225180002CD
:20FF48001C00BF8F1800B28F1400B18F1000B08F0800E0032000BD27E0FFBD271C00BFAFF7
:20FF68001800B1AF1400B0AF6243400F2580800011004010010011246B3D400F25200002A0
:20FF88000B00401025804000010042900400401000000000573A400F25200002010000A228
:20FFA800180000A2190000A2000000A225880000E449400F00000000251020021C00BF8F38
:20FFC8001800B18F1400B08F0800E0032000BD27E8FFBD271400BFAF1000B0AF258080009E
:20FFE8000800828C1400438C0400638C1000468C25288000019D043C09F860004CA184248A
:020000041D01DC
:200008000A004104020003241C0000A61A0000A6180000A6020003A61E0002A61400BF8F4D
:200028001000B08F0800E0031800BD27FBFF4014040002241A0002A605000224F7FF001017
:200048001C0002A6E8FFBD271400BFAF1000B0AF2580800001000224300082A0320085A41F
:2000680003000224310082A00800828C02004294B725400F360082A40D00410403004238B8
:200088001C0000A61A0000A6180000A602000224020002A6F7FF02241E0002A6251000002F
:2000A8001400BF8F1000B08F0800E0031800BD27FBFF00102B100200E8FFBD271400BFAF0C
:2000C8001000B0AFE046400F258080000C0040101400BF8F340002960010422C0B004014A8
:2000E800090005241340400F2520000203004010030002241A0002A61C0000A61400BF8F7B
:200108001000B08F0800E0031800BD27060005241340400F25200002F8FF40100500022417
:200128001A0002A6F5FF00101C0000A6E8FFBD271400BFAF1000B0AFE046400F25808000D9
:200148000C0040101400BF8F34000296001042300B004014020002241C0000A61A0000A682
:20016800180000A6020002A6FBFF02241E0002A61400BF8F1000B08F0800E0031800BD2791
:20018800252800001340400F25200002F8FF4010020002241A0002A6F5FF00101C0000A62A
:2001A800E8FFBD271400BFAF1000B0AF2580800001000224300082A0320085A4310082A02F
:2001C800340086A40800828C02004294B725400F360082A40D004104030042381C0000A6B3
:2001E8001A0000A6180000A602000224020002A6F7FF02241E0002A6251000001400BF8F2E
:200208001000B08F0800E0031800BD27FBFF00102B100200E8FFBD271400BFAF1000B0AF9D
:20022800E046400F25808000140040101400BF8F3400049622000296002045300200A01087
:20024800FFFD8330000283340010423002004010FFFE663000016634090005246A40400F01
:200268002520000204004010040002241A0002A6080002241C0002A61400BF8F1000B08F4C
:200288000800E0031800BD271000A0102510A0000F00A490FEFF8324FF0063300200632CD0
:2002A8000A006050251000000E00A3900600632C08006010020003240E008310000000002F
:2002C8003C80838FFEFF6014000000000800E0030000000003000324060083100000000029
:2002E8003C80838FFEFF6014000000000800E003000000000800E00300000000251080002C
:200308002520E000000043948439037C251865000800C010000043A40300C3880000C39893
:20032800100043AC0400C390140043A00500C390150043A000A0033C1012638C0C0043AC2D
:200348000100032408008010160043A4E8FFBD271400BFAF093A400F040045241400BF8F2A
:200368000800E0031800BD270800E003000000001A008010F7FF0224E8FFBD271400BFAF90
:200388001000B0AF2400828C11004010258080003000828C0700401024000624F9FF02242D
:2003A800380082AC1400BF8F1000B08F0800E0031800BD273F4E400F252800004400028E3A
:2003C80009F840004000048EF6FF001025100000F9FF0224F3FF0010380082AC0800E00357
:2003E800000000001900A0102510000021288500019D063CD43AC62400008790021B02001B
:20040800024107002618680040180300211866000000639400110200FFFF423026186200D0
:2004280002130300261047000F00423040100200211046000000429400190300FFFF633052
:2004480001008424ECFFA414261043000800E00300000000E0FFBD271C00BFAF1800B1AF1F
:200468001400B0AF258880002580A00025288000094C400F25200002090040104010062404
:200488001C00038E2410430018000386211043006400038EFEFF052409F860000000448CCF
:2004A8005800028E2528200209F840005000048E1C00BF8F1800B18F1400B08F0800E003BA
:2004C8002000BD27E0FFBD271C00BFAF1800B2AF1400B1AF1000B0AF258080002588A000F5
:2004E8002590C0000000048E0400028E0A0082540000828C040000AE08008014000000AE6F
:200508001C00BF8F1800B28F1400B18F1000B08F0800E0032000BD27000002AEF2FF20526B
:200528000000048E09F8200225284002EEFF00100000048E0C00A010240085AC4400829475
:20054800000442300800401400000000650082900200423004004014000000003C00828C34
:20056800C418027C3C0082AC0C00C0102510000064008590010003240800A314000000003E
:200588000000C28C180082AC3C00828C60004234C439027C3C0082AC010002240800E003A8
:2005A80000000000E8FFBD271400BFAF1000B0AF1743400F258080003C00028E448C027C8F
:2005C8003C0002AEB149400F252000022C00048E0300801009000624E04B400FEFFF052482
:2005E80012000386801803005880828F21104300000040AC5080848F0C00828C09F8400036
:20060800252800021400BF8F1000B08F0800E0031800BD27E8FFBD271400BFAF1000B0AF2F
:200628000000828C080045142580A000B64B400F00000000251000021400BF8F1000B08FC6
:200648000800E0031800BD27FCFF40101400BF8F0000438CFCFF7054251060000000038E4A
:20066800000043AC0400838C01007050040082AC0800828CFFFF4224080082ACEEFF0010D0
:2006880025100002E8FFBD27050080101400BFAF1A4D400FAC80848F140040141400BF8F7A
:2006A80000A0023CCC0F43940F00601025100000B080828F25200000420045944000A53038
:2006C8000600A05001008424620045900100A5300600A0141400BF8F01008424F6FF831415
:2006E8006C004224251000001400BF8F0800E0031800BD2700A0023CDC10428C0B0040506F
:2007080000A0023C0900805000A0023C0C00438C2B1864000A006014000000000C00438C61
:20072800231864000C0043AC00A0023CA81042241400438C100043AC0800E003000000004E
:200748000C00438C0C0040AC1C00428CF6FF401023208300EDFF801400000000F3FF001047
:2007680000A0023CE0FFBD271C00BFAF1800B1AF1400B0AF00A0023CDC00428C0C00401077
:200788002580800000A0023CD00043240C0060AC00A0113CE00025267E4C400FD000448C2E
:2007A80000020624FF0005243F4E400FE00024260440107C00A0023CD00050AC1C00BF8FF3
:2007C8001800B18F1400B08F0800E0032000BD2718008010F5FF02240800838C00A0023CC0
:2007E8009011422410006250020085840800E003F5FF02240F00C010F7FF0224280086ACC3
:20080800200087A402000224180082A41C0080A41A0080A401000224020082A41E0082A40E
:200828000800E0030100022402000324F1FFA310F6FF02240800E003000000000000828CBE
:200848000800451400000000E8FFBD271400BFAF9A4B400F000000001400BF8F0800E00361
:200868001800BD270E004010000000000000438CFCFF6554251060000000A38C000043ACE0
:200888000400838C01006550040082AC0800828CFFFF4224080082AC0800E0032510A000E5
:2008A8000800E00300000000E8FFBD271400BFAF1000B0AF0D0082901200401025808000E3
:2008C8000C000292FF004230FDFF4010000000000C000392FF0063300A00601025100000D1
:2008E800C84F400F000000000C000392FFFF6324FF0063300C0003A2CF4F400F252040002F
:20090800010002241400BF8F1000B08F0800E0031800BD27AC80828F0400401000A0033CA0
:200928001500441400000000AC8080AFCC0F639403006014B080828F0D000010251000000B
:2009480025200000420045944000A5300600A054AC80838F01008424FAFF83146C004224D7
:2009680025100000AC80838F03006014000000000800E003AC8082AF0800E0030000000052
:20098800E0FFBD271C00BFAF1800B1AF1400B0AF2588A0002510C0002530E0004004E57CFB
:2009A80014001024280003240B80650021102202211002022130400FFFFF453007004010B4
:2009C8001C00BF8F060020121800B18F1800438C211870001C0043AC1C00BF8F1800B18FB8
:2009E8001400B08F0800E0032000BD2717008010F5FF02240800838C00A0023C90114224F0
:200A08000F006250020085840800E003F5FF02240E00C010F7FF0224280086AC040002247F
:200A2800180082A41C0080A41A0080A401000224020082A41E0082A40800E003010002244D
:200A480002000324F2FFA310F6FF02240800E00300000000E8FFBD271400BFAF1000B0AFFF
:200A6800E046400F25808000110040101400BF8F2800048E080080501C0000A634000296F1
:200A88008000437C100042300100405404006334000083AC1C0000A61A0000A6180000A6EE
:200AA80002000224020002A61E0000A61400BF8F1000B08F0800E0031800BD271700A01039
:200AC80025100000FEFF83242600632C13006010000000000021040000A0023C340D422453
:200AE800211044000000438C03006010000000000A006554251000000500C010000045AC79
:200B08009880838F2B20C300010080542036037C0C0046A40800E0030A0046A40800E0032B
:200B28000000000025108000257000002A20C60103008054000044900800E00300000000BC
:200B480009008050252000000000A4A0010042240100CE25F5FF00100100A5240000A0A0C2
:200B6800010084240100A524010047902A388700FAFFE01421788E0002004224EBFF0010C3
:200B88002570E001F8FF00102520000000A0023C901142241100445000A0023C0800E00338
:200BA80000000000E8FFBD271400BFAFCC11429480100200019D033C20A263242110430001
:200BC8000000428C00A0043C09F84000B41184241400BF8F0800E0031800BD27B4114290D1
:200BE800F0FF405400A0023C0800E00300000000E8FFBD271400BFAF1000B0AF25808000C0
:200C08000800838C1000628C060044300100805004004234380044300100805020004234DF
:200C2800100062AC010005241340400F2520000204004010040002241A0002A60100022414
:200C48001C0002A61400BF8F1000B08F0800E0031800BD27E8FFBD271400BFAF1000B0AF74
:200C6800640083900100022408006214258080000C00848C060080500C0000AE2000828C51
:200C88000800423006004010000000000C0000AE1400BF8F1000B08F0800E0031800BD272A
:200CA8004A3D400F000000005E000296FFFF4224F6FF00105E0002A6F8FFBD270400BFAFA4
:200CC800006802400008033C2510430000688240C00000000100032488BF023C641043ACA9
:200CE8002510000000488240C0000000FFFF022400588240C000000000680240C4DE027C25
:200D080000688240C000000088BF023C681043AC0400BF8F0800E0030800BD2781BF023C4E
:200D280001C70334689043AC0007022488BF033C786062AC88BF033C606062AC88BF033C52
:200D4800446062AC88BF023C10000324F86043AC8000022488BF033C386162AC88BF033C7D
:200D6800206162AC88BF033C046162AC88BF023C00200324E86143AC0800E00300000000F4
:200D880000A0023CD8104390140060140100022400A0023CE0104490010003240F00831493
:200DA80025100000E8FFBD271400BFAF1000B0AF00A0103CA8101026380000A27446400F7D
:200DC8000800048E310002A2010002241400BF8F1000B08F0800E0031800BD270800E003F2
:200DE80000000000080000100100A524FFFFA280FFFFC72409004010FFFF62A02530E00072
:200E0800252060000100A524F8FFC01401008324251080000800E003000000000800E01050
:200E28002110860001006324FEFF6214FFFF60A0F8FF8010000000000800E00325108000D3
:200E4800FBFF00102510600015008010F5FF02240800838C00A0023C901142240D00625071
:200E6800020086840800E003F5FF0224280085AC06000224180082A41C0080A41A0080A418
:200E880001000224020082A41E0082A40800E0030100022402000324F4FFC310F6FF02249B
:200EA8000800E0030000000015008010F5FF02240800838C00A0023C901142240D006250C5
:200EC800020085840800E003F5FF0224280086AC03000224180082A41C0080A41A0080A4BB
:200EE80001000224020082A41E0082A40800E0030100022402000324F4FFA310F6FF02245B
:200F08000800E0030000000015008010F5FF02240800838C00A0023C901142240A00625067
:200F2800C0BF023C0800E003F5FF0224010042380011020001006324251043000000A2AC0B
:200F48000800E00325100000F02F438C0006637CF02F428CF5FFA0144006427C25100000C8
:200F68000800E00300000000E8FFBD271400BFAF9439400F1000B0AF0F0040102580400062
:200F88001400429404004050240002964F18400F140004262400029604004010A800062439
:200FA8004F18400F24000426A8000624252800003F4E400F252000021400BF8F1000B08F32
:200FC8000800E0031800BD27E8FFBD271400BFAF0400848C2400858C1100A01000A0033CEC
:200FE800FC1163241400628C0800A58C231045003400638C2B1043000200405414008424AF
:2010080024008424303A400F0000000001004054FCFF42241400BF8F0800E0031800BD2704
:20102800F8FF0010140084240E00801000A0063CEC0FC28C12004010F0FF8724F0FF838C22
:201048000000458C21408300080048141000A5241000428C21186500000082ACF0FF83ACCE
:20106800EC0FC7AC0800E00300000000214045000300E814211865000800E003000043ACF2
:20108800F7FF0010000082ACE0FFBD271800B1AF1000918C1C00BFAF2B10D1000B88C200C1
:2010A8000C0020121400B0AF258080001400848CCD4D400F253020021400028E1000038E09
:2010C8002110510023187100140002AE100003AE000040A01C00BF8F1800B18F1400B08F60
:2010E8000800E0032000BD27E0FFBD271C00BFAF1800B1AF1400B0AF258080002B108500DC
:201108000B0040102588A0000D4F400F25200002EE50400F00000000FDFF40140000000050
:20112800001010262B101102F7FF4014000000001C00BF8F1800B18F1400B08F0800E003C9
:201148002000BD271C0082940B00432C0C006010019D033CE8FFBD271400BFAF801002009F
:2011680020A16324211043000000428C09F84000000000001400BF8F0800E0031800BD2753
:201188001C0080A41A0080A4180080A402000224020082A4F7FF02240800E0031E0082A4F2
:2011A8001A0082940500432C09006014801002001C0080A41A0080A4180080A40200022492
:2011C800020082A4F7FF02240800E0031E0082A4E8FFBD271400BFAF019D033C0CA2632435
:2011E800211043000000428C09F84000000000001400BF8F0800E0031800BD271A008294EB
:201208000300432C0C006010019D033CE8FFBD271400BFAF8010020000A26324211043007F
:201228000000428C09F84000000000001400BF8F0800E0031800BD271C0080A41A0080A4D0
:20124800180080A402000224020082A4F7FF02240800E0031E0082A41A0082940600432C0A
:201268000C006010019D033CE8FFBD271400BFAF80100200E8A16324211043000000428CDC
:2012880009F84000000000001400BF8F0800E0031800BD271C0080A41A0080A4180080A402
:2012A80002000224020082A4F7FF02240800E0031E0082A41A0082940800432C0C00601068
:2012C800019D033CE8FFBD271400BFAF80100200C8A16324211043000000428C09F84000D7
:2012E800000000001400BF8F0800E0031800BD271C0080A41A0080A4180080A402000224BB
:20130800020082A4F7FF02240800E0031E0082A41A0082940300432C0C006010019D033C57
:20132800E8FFBD271400BFAF80100200BCA16324211043000000428C09F84000000000005F
:201348001400BF8F0800E0031800BD271C0080A41A0080A4180080A402000224020082A432
:20136800F7FF02240800E0031E0082A41A0082940300432C0C006010019D033CE8FFBD2754
:201388001400BFAF80100200B0A16324211043000000428C09F84000000000001400BF8F74
:2013A8000800E0031800BD271C0080A41A0080A4180080A402000224020082A4F7FF022418
:2013C8000800E0031E0082A414008010F5FF02240800838C00A0023C901142240C0062505E
:2013E800020085840800E003F5FF022405000224180082A41C0080A41A0080A401000224C7
:20140800020082A41E0082A40800E0030100022402000324F5FFA310F6FF02240800E00370
:2014280000000000E8FFBD271400BFAF1000B0AF153C400F010005240D00401025804000DC
:201448004F18400F252040000400108E090000121400BF8FC84F400F00000000000003922F
:2014680001006324000003A2CF4F400F252040001400BF8F1000B08F0800E0031800BD27AD
:20148800C0BC009D3445019D700F019DC030019D4847009DCCBB009D70F1009D2C14019D3D
:2014A800A835019DECE6009DF8FD009DE832019D1833019D4833019D7494009DD0D7009D05
:2014C800A833019D7833019D9CD3009D98DC009D30E3009DA09C009D0CB2009DE0FFBD277E
:2014E8001C00BFAF1800B1AF1400B0AF258080001151400F2588A000251840000900601452
:20150800251000000400201200000000754D400F25200002000022AEC250400F2520000288
:20152800010002241C00BF8F1800B18F1400B08F0800E0032000BD27E8FFBD271400BFAF2B
:20154800804D400F1000B0AF258040000D000012251000003000028E0400401000000000AB
:2015680036000296080040141400BF8F4A4C400F252000023000038E020060102510000043
:20158800360002961400BF8F1000B08F0800E0031800BD27E0FFBD271C00BFAF1800B1AF18
:2015A8001400B0AF0000B18C0C002016251000001A4D400F2580A000090040101C00BF8F3E
:2015C8004200439400106330060060501800B18F2000038EC005637C0A1023021C00BF8F3B
:2015E8001800B18F1400B08F0800E0032000BD271300A010212885001C81023CC59D423405
:20160800003E0200C0190200C03002002130C20040300600211866002118620000120200DE
:20162800211862002138E30001008424FFFF8290F3FFA414261047000800E0030000000000
:201648001C81023C0800E003C59D42340C00828C13004010251800000000828C0000459443
:201668000100A5300800A0500800858C000045940400057C000045A42400858CFFFFA52438
:20168800240085AC0800858C21104500010063240C00858C2B286500F1FFA0540000459444
:2016A8000800E00300000000E0FFBD271C00BFAF1800B0AF25808000050002241000A2A3CE
:2016C800C047400F1100A0A301000624252800009630400F1000A427010006241100A527E8
:2016E8009630400F25200000D447400F252000021100A2931C00BF8F1800B08F0800E003E5
:201708002000BD27E8FFBD271000B0AF00A0103CDC12028E080040101400BFAF00A0033C60
:20172800BC12638C1400BF8F1000B08F231062000800E0031800BD27F319400F000000005C
:2017480000A0033CDC12028EBC12638C1400BF8F1000B08F231062000800E0031800BD273A
:20176800251080000408027C0000438CFFFF02240F00621000000000E8FFBD271400BFAF61
:201788001000B0AF258080002351400F2520000000606241C000000009F8000200000000DF
:2017A8001400BF8F1000B08F0800E0031800BD270800E00300000000E0FFBD271C00BFAF51
:2017C8001800B2AF1400B1AF1000B0AF258080002590C0002588E000BA50400FFF00A53051
:2017E800FF004532BE50400F2520000225282002CE50400F252000021C00BF8F1800B28FE1
:201808001400B18F1000B08F0800E0032000BD27E8FFBD271400BFAF804D400F1000B0AF56
:20182800258040000C000012251000003000028E04004054640004924A4C400F25200002EA
:20184800640004920100032403008314251000001400028E2B1002001400BF8F1000B08FFD
:201868000800E0031800BD271300A0102510000000A0023C0412428C0F0040101000072425
:20188800D8FFBD272400BFAF1000A0AF1400A5AF1800A6AF1C00A4AF1000A62725284000E6
:2018A80000A0043CC73E400F1C1284242400BF8F0800E0032800BD270800E00300000000C2
:2018C800130080102510000042008394400063300F006010000000000000A68CFFFF032426
:2018E8000900C31001000224E8FFBD271400BFAFED4A400F00000000010042301400BF8F35
:201908000800E0031800BD270800E003010042300800E0030000000002000000A026009D2A
:2019280088E7009D030000000074009D2085009D0900000098A6009D185A009D060802003A
:20194800000001000008030000000000FFFF040000000000FFFF05000000000024D0009DDD
:2019680028D0009D2CD0009D34D0009D38D0009DE0FFBD271C00BFAF1800B1AF1400B0AFB3
:20198800258880002520A0002580C0007C37400F252820022518400006006010251000002F
:2019A8000C00028E2528200209F8400025200002010002241C00BF8F1800B18F1400B08F50
:2019C8000800E0032000BD27E0FFBD271C00BFAF1800B2AF1400B1AF1000B0AF258880003A
:2019E80000607241C0000000784E400F0000000025804000214E400F25202002354E400F1B
:201A080001004432251000021C00BF8F1800B28F1400B18F1000B08F0800E0032000BD27BB
:201A2800019D063C25100000C840C6244018020021186600000067800300E0540000858C6F
:201A48000800E00301006290010042240000A88004000715FF0042300100A52401006290C3
:201A6800000085AC0B00432CF1FF6014401802000800E003000000008200A2280600401068
:201A8800830003248000A5280600A0500000C28C0800E003251000000B00A31425100000EC
:201AA8000000C28C070042240410027C080043240000C3AC0400438C0000428C040083AC1F
:201AC800000082AC010002240800E00300000000E8FFBD271400BFAF1000B0AF25808000DD
:201AE8003800828C4000428C25380000780086242528000009F840000C00848C0700410415
:201B080001000224664A400F252000021400BF8F1000B08F0800E0031800BD27FBFF0010AE
:201B2800840002AE1200801000A0023CE8FFBD271400BFAF1000B0AF0800838C901142240F
:201B480007006214258080000C00828C1C00428C09F840001000848C000000A2020000A62C
:201B68001400BF8F1000B08F0800E0031800BD270800E00300000000E8FFBD271400BFAF8D
:201B88001000B0AF1535400F258080000D004104020042381C0000A61A0000A6180000A602
:201BA80002000224020002A6F7FF02241E0002A6251000001400BF8F1000B08F0800E00398
:201BC8001800BD27FBFF00102B100200E0FFBD271C00BFAF1800B1AF1400B0AF258080005D
:201BE8002588C000BA50400FFF00A530FF002532BE50400F25200002C250400F25200002A1
:201C0800C650400F25200002040002241C00BF8F1800B18F1400B08F0800E0032000BD27E2
:201C2800E8FFBD271400BFAF1000B0AF0B008010B48080AF258080000400828C09F840006A
:201C48003800052405004010252840000C00028E09F8400025200002B48090AFB480828F5D
:201C68002B1002001400BF8F1000B08F0800E0031800BD270000043CE8FFBD2700008424D4
:201C8800030080101400BFAF09F8800000000000000084300000A530019D083C743C08255E
:201CA80009F80001000000000000023C00004224030040100000000009F8400000000000E2
:201CC800F9FF001000000000E8FFBD271400BFAF1000B0AF2580A0001C00A28C24208200E3
:201CE8001800A284212082006400A28C401006240100052409F840000000848C0401028EBF
:201D080001004224040102AE1400BF8F1000B08F0800E0031800BD27001904000040633017
:201D2800C211040004004230251043004219040008006330251862008011040040204230D6
:201D480025104300C018040080036330251862008010040020004230251043004008847C8C
:201D68000800E00325108200E0FFBD271C00BFAF1800B1AF1400B0AF25808000040080AC2C
:201D8800000080ACC84F400F080080AC010011240C0011A2CF4F400F252040000D0011A2CE
:201DA800010002241C00BF8F1800B18F1400B08F0800E0032000BD27E0FFBD271C00BFAFA3
:201DC8001800B1AF1400B0AF0D0091900900201225102002C84F400F258080000C00039224
:201DE800010063240C0003A2CF4F400F25204000251020021C00BF8F1800B18F1400B08F44
:201E08000800E0032000BD2700A0023CCC0F43940F00601025100000B080828F25280000F9
:201E2800420046944000C6300600C0500100A5240400478C0000868C0500E6100000000084
:201E48000100A524F6FFA3146C004224251000000800E003000000000000A58C0001033CA1
:201E68007F0063240E00A3102510800000A0023CCC0F43940A00601025100000B080828F5E
:201E8800252000000400468C0500A6100000000001008424FBFF83146C0042242510000023
:201EA8000800E00300000000E0FFBD271C00BFAF1800B1AF1400B0AF258880002580A00085
:201EC800303A400F2520200206004014252840001C00BF8F1800B18F1400B08F0800E003F3
:201EE8002000BD270C00028E09F8400025200002F3FF001000000000020002240D008210E9
:201F08000300822C0E004010000000000500801488BF023C00010324646043AC0800E003C6
:201F28000000000000020324646043AC0800E0030000000088BF023C00040324646043AC6F
:201F48000800E00300000000020002240D0082100300822C0E00401000000000050080141F
:201F680088BF023C00010324686043AC0800E0030000000000020324686043AC0800E0033F
:201F88000000000088BF023C00040324686043AC0800E0030000000000A0023CE0024224C1
:201FA8000E0044140000000000A0023CF4024290010042300900401000000000E8FFBD2776
:201FC8001400BFAF00A0043C7B2B400FE00284241400BF8F0800E0031800BD270800E003E4
:201FE80000000000E0FFBD271C00BFAF1800B1AF1400B0AF258880002580A000464B400F4F
:202008002520000206004014252840001C00BF8F1800B18F1400B08F0800E0032000BD2786
:202028008A4C400F25202002F4FF001000000000E8FFBD271400BFAF1000B0AFE046400FD8
:2020480025808000090040100400052434000296220002A61340400F2520000203004010FB
:20206800070002241A0002A61C0000A61400BF8F1000B08F0800E0031800BD27E8FFBD2744
:202088001400BFAF1000B0AFE046400F25808000090040100500052434000296200002A692
:2020A8001340400F2520000203004010060002241A0002A61C0000A61400BF8F1000B08F7B
:2020C8000800E0031800BD27E8FFBD271400BFAF1000B0AFE046400F258080000900401062
:2020E8000600052434000296260002A61340400F2520000203004010050002241A0002A6E6
:202108001C0000A61400BF8F1000B08F0800E0031800BD27E8FFBD271400BFAF1000B0AFA1
:20212800E046400F25808000090040100A00052434000296240002A61340400F25200002F0
:2021480003004010040002241A0002A61C0000A61400BF8F1000B08F0800E0031800BD27DE
:20216800E8FFBD271400BFAF1000B0AF258080000000848C0A0080101400BF8F9545400F41
:20218800000000005F3B400F240004265F3B400F140004265F3B400F040004261400BF8F60
:2021A8001000B08F0800E0031800BD27E0FFBD271C00BFAF1800B1AF1400B0AF0288A67009
:2021C8002F1F400F25282002050040102580400025302002252800003F4E400F252040008C
:2021E800251000021C00BF8F1800B18F1400B08F0800E0032000BD27E0FFBD271C00BFAF4F
:202208001800B1AF1400B0AF258880002580A000B64B400F252000020600401425284000DB
:202228001C00BF8F1800B18F1400B08F0800E0032000BD27024D400F25202002F4FF00108A
:2022480000000000E8FFBD271400BFAF1000B0AF080080102580A0000000828C050040107A
:20226800000000008447400F00000000050040141400BF8F0200001225100000AC80828FFB
:202288001400BF8F1000B08F0800E0031800BD27D0FFBD272C00BFAF019D023C90A24224DD
:2022A8001400A2AF010002241800A2AF019D023C64A242241C00A2AF050002242000A2AFD0
:2022C8002400A0AF1000A5274C36400F252000002C00BF8F0800E0033000BD2740100324A1
:2022E8000E008314FFFF022400A0023CF40243900100643009008010FFFF0224020063307F
:20230800060060140100042400A0023CE0024224140043904408837C140043A00800E003D8
:20232800000000000F008010F5FF02240800838C00A0023C90114224030062501C0080A4EB
:202348000800E003F5FF02241A0080A4180080A402000224020082A4F4FF02241E0082A449
:20236800251000000800E0030000000006008010F5FF02240800838C00A0023C9011422489
:2023880007006210F5FF02240800E00300000000921142940000C2AC0800E00325100000B0
:2023A800FBFFC05400A0023C251000000800E00300000000E0FFBD271C00BFAF1800B1AF44
:2023C8001400B0AF258080002588C000BA50400FFF00A530FF002532BE50400F25200002C9
:2023E800824F400F252000021C00BF8F1800B18F1400B08F0800E0032000BD275480858F82
:202408000E00A018010002245880838F251000000000668C0500C050010042242A00C694B6
:202428000600C4502510000001004224F8FF4514040063240800E003010002240800E00306
:2024480000000000E8FFBD271400BFAFA480828F01004224A48082AF00A0023C340D4224B1
:202468000800439402006334080043A4253000000200052400A0043C374A400F440D8424C4
:202488001400BF8F0800E0031800BD27E8FFBD271400BFAF88BF023C3010448C88BF023C84
:2024A80001000324341043ACB880828F0600401001008430B88082270400458C0000428CE1
:2024C80009F84000000000001400BF8F0800E0031800BD27E8FFBD271400BFAFC080828FCC
:2024E8000400401400000000714C400F01000424C08082AFBA3F400F00000000C080868F39
:202508002538000025204000BF08400F252860001400BF8F0800E0031800BD27E8FFBD27FA
:202528001400BFAF1000B0AF00A0103C019D023C9814428C09F84000FC12048ECF06400F5B
:20254800FC1210260000400F0800048E0614400F000000001400BF8F1000B08F0800E00341
:202568001800BD270000023C00004224070040100000023C0000422405004050019D023C47
:202588003F0000700800E00300000000019D023C1828422403004014000000000800E003D5
:2025A8000000000009F84000000000000E00A01000000000E8FFBD271400BFAF1000B0AF58
:2025C8002580A00025280000754A400FE000848C000002AE251000001400BF8F1000B08FCD
:2025E8000800E0031800BD270800E003251000000E00A01000000000E8FFBD271400BFAFC1
:202608001000B0AF2580A00001000524754A400FE000848C000002AE251000001400BF8F8F
:202628001000B08F0800E0031800BD270800E003251000000E00A01000000000E8FFBD27B3
:202648001400BFAF1000B0AF2580A00025280000754A400FD800848C000002AE2510000014
:202668001400BF8F1000B08F0800E0031800BD270800E0032510000006008010F5FF0224EA
:202688000800838C00A0023C9011422406006210F5FF02240800E003000000000000A2AC6B
:2026A8000800E00325100000FCFFA0543C00828C251000000800E00300000000E8FFBD27CE
:2026C8001400BFAF1000B0AF48009024B64B400F2520000205004014252040001400BF8F2E
:2026E8001000B08F0800E0031800BD2709000624E04B400FEFFF0524F4FF001000000000D5
:20270800E8FFBD271400BFAF1000B0AF25808000A810400F00008494000002A6A810400F02
:2027280002000496020002A6A810400F06000496060002A61400BF8F1000B08F0800E0035A
:202748001800BD270E008010251080000000848C010003240800831400000000E8FFBD2780
:202768001400BFAFE21B400F252040001400BF8F0800E0031800BD270800E0032510000095
:202788000800E00300000000E8FFBD271400BFAF1000B0AF00A0103CA810102631000592E8
:2027A800B74D400F0800048E300002920300401400A0023C01000324E01043A01400BF8FCE
:2027C8001000B08F0800E0031800BD27E8FFBD271400BFAFC080828F0400401400000000C5
:2027E800714C400F01000424C08082AF1D51400F00000000C080838F1B004300F401600069
:20280800121000001400BF8F0800E0031800BD2700606041C000000099AA033C81BF023C84
:202828005566632430F240AC30F243AC6655033CAA99633430F243AC81BF023C01000324A4
:2028480018F643AC81BF023C10F6428C084A400B000000000010A33007006010FBFF02240A
:202868000002A5300400A014F9FF02242000C630F8FF02240B1006001C0080A41A0080A4D1
:20288800180080A402000324020083A40800E0031E0082A40D0080102510000000A0023CC3
:2028A8000412468C0900C01025100000E8FFBD271400BFAF00A0053C5E46400F1C12A52402
:2028C8001400BF8F0800E0031800BD270800E003000000000400838C0C0060102538C00010
:2028E800E8FFBD271400BFAF00A0023C340D4224231082002530A00009F8600003290200C5
:202908001400BF8F0800E0031800BD270800E003000000000D00A010251000000000A38C5A
:202928000A006010000000000600C0500C00A6A49880828F2B18C200010060542036027CF2
:202948000C00A6A40A00A6A4010002240800E0030000000081BF023C30F240AC99AA033CA5
:202968005566632430F243AC6655033CAA99633430F243AC81BF023C0100032418F643AC74
:2029880081BF023C10F6428C0800E00300000000E8FFBD271400BFAF1000B0AF2580800011
:2029A800140082900421027C4429027C3749400F140082A0700002AE840000AE1400BF8FA2
:2029C8001000B08F0800E0031800BD270000838C08006014251000000800E003000000000E
:2029E8000400638CC001637C0100655001004224251880000000648CF9FF801400000000E6
:202A08000800E00300000000E8FFBD271400BFAF1000B0AFE046400F258080000600401017
:202A28001400BF8F3400069622000596174A400F252000021400BF8F1000B08F0800E0030C
:202A48001800BD27E8FFBD271400BFAF1000B0AF258080001340400F010005240400401071
:202A6800040002241A0002A6090002241C0002A61400BF8F1000B08F0800E0031800BD27D7
:202A8800E8FFBD271400BFAF1000B0AF258080001340400F090005240400401004000224FB
:202AA8001A0002A6070002241C0002A61400BF8F1000B08F0800E0031800BD27E8FFBD27F8
:202AC8001400BFAF1000B0AF25808000008006346A40400F2528000003004010010002245E
:202AE8001A0002A61C0000A61400BF8F1000B08F0800E0031800BD27E8FFBD271400BFAF65
:202B08000100063C0200C6241C0005242130400F3800042404004010019D033CA02E6324B3
:202B2800080043AC0C0040AC1400BF8F0800E0031800BD27E8FFBD271400BFAF1000B0AF99
:202B4800258080002520A0007E45400F040005240C00038E1B004300F401600010100000B4
:202B68001400BF8F1000B08F0800E0031800BD27240080AC0C00828C0A00401025100000BC
:202B88000000838C000060A40800858C21186500010042240C00858C2B284500FAFFA0545A
:202BA800000060A40800E003000000000C00801025100000420083944000633008006010A9
:202BC800000000000800828C271002000400838C251043000000A38C261043000100422CFC
:202BE8000800E003000000000021040000A0033C340D63242118640008006294272005002F
:202C0800242044000001A5300400A010080064A49080838FFFFF6324908083AF0800E003B6
:202C280000000000251880005000848C0A008010F2FF0224E8FFBD271400BFAF4400628C3F
:202C48003000428C09F84000000000001400BF8F0800E0031800BD270800E00300000000F9
:202C68000000848C03008104251000000800E00300000000E8FFBD271400BFAF5138400F6F
:202C880000000000FFFF032401004350251000001400BF8F0800E0031800BD27E0FFBD2732
:202CA8001800B0AF1000A6AF258080001C00BFAF2F02400F1000A6270400038E1C00BF8F25
:202CC80010006330FFFF04241800B08F0B1083000800E0032000BD2700A0023CE002422419
:202CE8000900441400A0023CF4024290010042300500401000A0023CE002422414004390F0
:202D08004408037C140043A00800E003000000000000828C0A004010000000000400838C83
:202D2800030062540000438C040080AC25180000000083AC0800838CFFFF6324080083AC94
:202D48000800E0030000000000A0023C901142240900441400A0023C90114224020003242C
:202D6800040043A40400A38C0C0043AC1000A38C140043AC240040A00800E0030000000001
:202D8800E8FFBD271400BFAF1000B0AF258080001340400F01000524030040100100022404
:202DA8001A0002A61C0000A61400BF8F1000B08F0800E0031800BD27E8FFBD271400BFAFA2
:202DC8001000B0AF258080001340400F0100052403004010010002241A0002A61C0000A68D
:202DE8001400BF8F1000B08F0800E0031800BD27E8FFBD271400BFAF1000B0AF2580800052
:202E08001340400F2528000003004010010002241A0002A61C0000A61400BF8F1000B08F0C
:202E28000800E0031800BD27E8FFBD271400BFAF1000B0AF258080001340400F01000524F6
:202E480003004010010002241A0002A61C0000A61400BF8F1000B08F0800E0031800BD27D4
:202E68000000828C0A004010000000000400838C030062540000438C040080AC25180000DA
:202E8800000083AC0800838CFFFF6324080083AC0800E0030000000000A0023C4012428C3F
:202EA800080044502000828CE8FFBD271400BFAF4A3D400F000000001400BF8F0800E003D0
:202EC8001800BD27C418027C0800E003200082AC0000828C0A004010000000000400838CE0
:202EE800030062540000438C040080AC25180000000083AC0800838CFFFF6324080083ACD3
:202F08000800E00300000000000000000000000001000000FCCF009D0200000004D0009DE2
:202F28000300000008D0009DFF0000000A000000FFF00000AC100000FFFF0000C0A80000F7
:202F480000A0023CCC0F43942B1883000800601025100000C0180400231864008018030050
:202F68002318640080180300B080828F211043000800E003000000000100A0542E0085A027
:202F88000800828C0800401000000000E8FFBD271400BFAF09F840000C00858C1400BF8FAE
:202FA8000800E0031800BD270800E003000000000B00C01000000000000082900000A39017
:202FC80003004310231043000800E00300000000FFFFC62401008424F5FF00100100A524D3
:202FE8000800E0032510000000A0033CE002632408006414FFFF022400A0023CF402439016
:203008000100633003006010FFFF022400A0023CF002428C0800E003000000000800A28CBE
:2030280009004010000000000400A38C8002637C030060100080033C0800E0032510430006
:2030480000A0033C251043000800E003000000000000A290200382A00100A290210382A036
:203068000200A290100382A00300A290110382A00400A290000382A00500A2900800E003F7
:20308800010382A0200382900000A2A0210382900100A2A0100382900200A2A01103829083
:2030A8000300A2A0000382900400A2A0010382900800E0030500A2A00A008010FFFF022462
:2030C8000800828C0200032406004354FFFF02240200839401006330FFFF04240800E0032A
:2030E8000A1083000800E0030000000064008590010003240800A314251000000C00828C91
:20310800050040502B1002002000438C080063300B1003002B1002000800E0030000000005
:20312800E8FFBD271400BFAF1000B0AF25808000B64B400F4800842425284000153B400F3A
:20314800252000021400BF8F1000B08F0800E0031800BD27F8FFBD270400BFAF0068024091
:203168000008033C2510430000688240C000000088BF023C01000324641043AC0400BF8F3C
:203188000800E0030800BD27E8FFBD271400BFAF251080002520A00000E0427C81BF033C4C
:2031A80040F462AC6F35400F03000524010002241400BF8F0800E0031800BD27E8FFBD276B
:2031C8001400BFAF00A0023CB410428CE8030624253800001900440012200000BF08400FDE
:2031E800102800001400BF8F0800E0031800BD27E8FFBD271400BFAF2510A0002528800057
:20320800644C400F25204000EE50400F00000000FDFF40141400BF8F0800E0031800BD27FC
:203228000000A0AC0400828C07004054000045AC040085AC000085AC0800828C01004224B9
:203248000800E003080082ACFBFF0010040085AC09008010F5FF02240800838C00A0023C5E
:2032680090114224030062503C0085AC0800E003F5FF0224251000000800E00300000000F8
:20328800E8FFBD271400BFAF1535400F000000002518400003006004F7FF022402006338A3
:2032A8000100622C1400BF8F0800E0031800BD270000A0AC0400828C07004054000045AC44
:2032C800040085AC000085AC0800828C010042240800E003080082ACFBFF0010040085ACA3
:2032E800D8FFBD272400BFAF010002241800A2AF3800A28F1400A2AF1000A7AF581A400FF4
:20330800253800002400BF8F0800E0032800BD27D8FFBD272400BFAF020002241800A2AF01
:203328003C00A28F1400A2AF3800A28F581A400F1000A2AF2400BF8F0800E0032800BD27BF
:20334800D8FFBD272400BFAF030002241800A2AF3800A28F1400A2AF1000A7AF581A400F91
:20336800253800002400BF8F0800E0032800BD27D8FFBD272400BFAF040002241800A2AF9F
:203388003800A28F1400A2AF1000A7AF581A400F253800002400BF8F0800E0032800BD276A
:2033A800D8FFBD272400BFAF050002241800A2AF3C00A28F1400A2AF3800A28F581A400F28
:2033C8001000A2AF2400BF8F0800E0032800BD270000A2940100423007004010000000001B
:2033E8000000A2940400027C0000A2A42400828CFFFF4224240082AC0800E00300000000F4
:203408000000A0AC0400828C07004054000045AC040085AC000085AC0800828C01004224D7
:203428000800E003080082ACFBFF0010040085AC090080102510000042008394400063302A
:2034480005006010000000000800828C271002000400838C251043000800E003000000002A
:203468000900801025108000420083944000633005006050251000006200839001006330D7
:203488000800E0030A1003000800E003000000000900801000000000E8FFBD271400BFAF4B
:2034A800100006243F4E400F252800001400BF8F0800E0031800BD270800E003000000006D
:2034C800E8FFBD271400BFAF40100400211044008010020000A0043CA40C8424B64B400FB4
:2034E800212082001400BF8F0800E0031800BD27E8FFBD271400BFAF2510C0005400C38CD3
:203508002530A0002528800009F860005000448C1400BF8F0800E0031800BD2703190500F6
:2035280007006010FFFF0224F0070224140082AC2510A0000418027CF007A530180085AC05
:203548000800E0030000000008008010F5FF02240800838C00A0023C901142240300625015
:203568001E0082840800E003F5FF02240800E0030000000008008010FFFF02240800838C5C
:2035880000A0023C9011422403006250020082840800E003FFFF02240800E0030000000087
:2035A800E8FFBD271400BFAF153C400F252800002518400002006010FFFF02240C00628CBC
:2035C8001400BF8F0800E0031800BD27E8FFBD271400BFAF1000B0AFD250400F2580800048
:2035E8004951400F252000021400BF8F1000B08F0800E0031800BD2708008004251000003A
:203608005480838F2A18830004006010802004005880828F211044000000428C0800E003C8
:2036280000000000E8FFBD27040080101400BFAF42008294400042300A200200FD4E400FD1
:20364800000000001400BF8F0800E0031800BD27E8FFBD271400BFAF1000B0AFAC47400F1B
:2036680025808000893E400F252000021400BF8F1000B08F0800E0031800BD270800801090
:20368800251000001000838C05006010000000000C0064940000638CFDFF60142110440081
:2036A8000800E003FFFF4230F8FFBD270400BFAF006802400008033C2510430000688240C7
:2036C800C0000000B88080AF0400BF8F0800E0030800BD270800A01000000000E8FFBD270F
:2036E8001400BFAF174E400F000000001400BF8F0800E0031800BD270800E0030000000058
:20370800E8FFBD271400BFAFC48086AF0100072425308000019D043CD237400F543C84246C
:203728001400BF8F0800E0031800BD270800C0102510800021308600251880000000A790E0
:20374800010063240100A524FCFFC314FFFF67A00800E003000000000000828007004010F4
:20376800000000002510800001004380FEFF6014010042240800E003231044000800E003A3
:2037880025100000000082800000A38003004314FF0063300400405401008424FF00423029
:2037A8000800E00323104300F6FF00100100A52400A0043CC412822401000324080043AC56
:2037C80000A0033C18136324C41283AC0100033CC8AF63240800E003040043AC1800828C09
:2037E800040082AC1C00828C080082AC2000828C0C0082AC420082940463027C0800E0039F
:20380800420082A40700801025108000420083944000633003006050251000000800E003ED
:203828003C0082240800E0030000000088BF023C00100324081043AC0400022488BF033C40
:20384800981062AC88BF033C581162AC0800E00300000000421904000019030088BF023CC2
:2038680060104224211043000100032404188300080043AC0800E0030000000042190400EE
:203888000019030088BF023C60104224211043000100032404188300040043AC0800E00390
:2038A80000000000421904000019030088BF023C301042242110430001000324041883001F
:2038C800040043AC0800E003000000000700801000000000F8FFBD270400BFAF20606241FB
:2038E8000400BF8F0800E0030800BD270800E003000000000700C01025108000202C057C53
:20390800213086002518800001006324FEFFC314FFFF65A00800E00300000000E8FFBD27F6
:203928001000B0AF1400BFAF7B43400F258080001400BF8F251000021000B08F0800E00389
:203948001800BD2700A0033CEC0F668C0500C01425100000EC0F64AC100080AC000085AC11
:20396800010002240800E00300000000E8FFBD271400BFAF00A0023C0646400FA0124484ED
:20398800010042241400BF8F0800E0031800BD2700A0023C901142240400441400A0033C4F
:2039A800040040A4901160A0140040AC0800E003000000007803019DBC7C009DB421019D2A
:2039C8003452009D0840019D80D8009DD43B019D2040019D3840019D4211040000110200B6
:2039E80088BF033C60106324211862000000628C061082000800E00301004230E8FFBD27F8
:203A08001400BFAF81BF023C20F4448C6F35400F252800001400BF8F0800E0031800BD2731
:203A2800D0FF83240A00632C0400601401000224200084349FFF84240600822C0800E00313
:203A48000000000000A0043C0813828C954C033C2D7F63240210437001004224081382AC8D
:203A68000800E00342140200E0FFBD272C00A7AF2C00A7271C00BFAF0C3E400F1000A7AF33
:203A88001C00BF8F0800E0032000BD2700A0023C981242240C0045AC100046AC01000324B0
:203AA800040043AC0800E0032510000000A0023C98124224140045AC180046AC02000324C5
:203AC800040043AC0800E0032510000000002110422063308440A550C660E770088129912C
:203AE8004AA16BB18CC1ADD1CEE1EFF100A0023C901142240300445000A0023C0800E00318
:203B0800FFFF02240800E00394114284E0FFBD271C00BFAF01000224B734400F1000A2AF14
:203B28001C00BF8F0800E0032000BD27E8FFBD271400BFAF25288000420F400F010006243F
:203B48001400BF8F0800E0031800BD27E8FFBD271400BFAF0000828C09F840000000000078
:203B68001400BF8F0800E0031800BD27E8FFBD271400BFAF0400828C09F840000000000054
:203B88001400BF8F0800E0031800BD27E8FFBD271400BFAF0800828C09F840000000000030
:203BA8001400BF8F0800E0031800BD27E8FFBD271400BFAF0C00828C09F84000000000000C
:203BC8001400BF8F0800E0031800BD2705008010251000002C00828C3000838C23104300DB
:203BE800C01002000800E00300000000050080102510000042008394400063300100605455
:203C08000400828C0800E00300000000F8FFBD270400BFAF00606241C0000000010042301C
:203C28000400BF8F0800E0030800BD27E8FFBD271400BFAF6F35400F0400052401000224BF
:203C48001400BF8F0800E0031800BD27E8FFBD271400BFAFC480828F09F8400025280000E3
:203C68001400BF8F0800E0031800BD27E8FFBD271400BFAF412C400F252000004949400FC4
:203C880000000000FDFF001000000000E8FFBD271400BFAFAC45400F000000000100423010
:203CA8001400BF8F0800E0031800BD2700008C90FFFFC624010084240000ACA0FBFFC014EC
:203CC8000100A5240800E0032510800000A0033CE002632402006414251000009000628CFD
:203CE8000800E00300000000E8FFBD271400BFAF4551400F000000001400BF8F0800E00352
:203D08001800BD27E8FFBD271400BFAF4351400F000000001400BF8F0800E0031800BD2726
:203D2800E8FFBD271400BFAF4151400F000000001400BF8F0800E0031800BD27E8FFBD2739
:203D48001400BFAF3F51400F000000001400BF8F0800E0031800BD27E8FFBD271400BFAF64
:203D68003D51400F000000001400BF8F0800E0031800BD27E8FFBD271400BFAF2F51400FF9
:203D8800000000001400BF8F0800E0031800BD27E8FFBD271400BFAF3B51400F00000000AA
:203DA8001400BF8F0800E0031800BD27E8FFBD271400BFAF3951400F000000001400BF8F2A
:203DC8000800E0031800BD27E8FFBD271400BFAF4922400F252000001400BF8F0800E0035B
:203DE8001800BD27007F0224340282AC002A0500007FA530380285AC0800E00300000000DD
:203E080001000224980282AC0000000000000000000000000800E003000000001C0080A480
:203E28001A0080A4180080A402000224020082A40800E0031E0080A4E0FFBD271C00BFAF36
:203E4800B734400F1000A0AF1C00BF8F0800E0032000BD27E8FFBD271400BFAF0E51400F6D
:203E6800000000001400BF8F0800E0031800BD27E8FFBD271400BFAFCA50400F000000003B
:203E88001400BF8F0800E0031800BD27E8FFBD271400BFAF9726400F010007241400BF8FEA
:203EA8000800E0031800BD2700A0033CCC0F632402006414FFFF02248C80828F0800E0032C
:203EC80000000000E8FFBD271400BFAF5C47400F000000001400BF8F0800E0031800BD2752
:203EE80081BF033C00F0628C4001427CFDFF4010000000000800E00300000000F8FFBD274C
:203F08000400BFAF00588440C00000000400BF8F0800E0030800BD27E8FFBD271400BFAFD5
:203F2800054F400F000000001400BF8F0800E0031800BD27E8FFBD271400BFAF354E400F6E
:203F4800000000001400BF8F0800E0031800BD27BFFF83241A00632C0200601025108000DB
:203F6800200082340800E003000000009FFF83241A00632C02006010251080005F00823052
:203F88000800E003000000000000200201000003000000000B0000000100000000000000FC
:203FA8007F000224240282AC7F00A530280285AC0800E003000000007F000224340282AC5D
:203FC8007F00A530380285AC0800E00300000000088D009DD087009D5044019D00000000D7
:203FE80000000000000000000300C3880000C3980800A28C261043000800E0032B10020039
:2040080003008010251000002C00828CC01002000800E00300000000030080102510000011
:204028003400828CC01002000800E0030000000003008010F7FF02243800828C380080AC20
:204048000800E00300000000F8FFBD270400BFAF004802400400BF8F0800E0030800BD276D
:20406800F8FFBD270400BFAF0068024000700240FFFF001000000000F8FFBD270400BFAF34
:204088000068024000700240FFFF00100000000000601A40BFFF1B3CFFFF7B3724D05B03DD
:2040A80000609A4018000042FFFFC6240000A0A0FDFFC0140100A5240800E0032510800002
:1640C80068076C094C836A9074A07AC00080688800846C82008184
:2040E00000A0023C98124224200045AC0800E0031C0046AC822805002000828C84F8A27C51
:204100000800E003200082AC822805003000828C84F8A27C0800E003300082AC0200801004
:20412000FFFF0224580082940800E00300000000B8808227000044AC040045AC0800E00351
:2041400000000000B040019DB43C019D98FB009D98FB009D2C0B019D01000224080082ACB1
:204160000800E0030000000000800234080282AC0800E0030000000000800234040282AC91
:204180000800E0030000000000800234040082AC0800E0030000000000800234080082AC75
:2041A0000800E0030000000000020224040082AC0800E0030000000000020224080082AC71
:2041C0000800E0030000000000010224040082AC0800E0030000000000010224080082AC53
:2041E0000800E0030000000040028294046AA27C0800E003400282A4400282940418A27C0B
:204200000800E003400282A400080224680282AC0800E0030000000060028294C45A027C86
:204220000800E003600282A4600282940442A27C0800E003600282A4FFC0A530A40085AC53
:204240000800E00300000000FFC0A530A80085AC0800E00300000000002C0500080085ACB1
:204260000800E0030000000008000224080282AC0800E0030000000004000224080282ACA0
:204280000800E0030000000080000224080082AC0800E00300000000480086AC580087AC67
:2042A0000800E0030000000002000224880282AC0800E0030000000002000224840282AC6C
:2042C0000800E0030000000001000224880282AC0800E0030000000001000224840282AC4E
:2042E0000800E00300000000A00282940462A27C0800E003A00282A4A00282940420A27CEA
:204300000800E003A00282A404000224D80282AC0800E0030000000002000224980282ACDD
:204320000800E0030000000002000224940282AC0800E00300000000B00285A400000000E0
:204340000800E0030000000001000224940282AC0800E0030000000000800234880282AC2E
:204360000800E0030000000000800234840282AC0800E00300000000800282948428A27C9B
:204380000800E003800282A40400060008000A000E0014001C0028000300C2880000C29861
:2043A0000800E0030800A2AC040080AC000080AC0800E003080080AC81BF023C00F4428C01
:2043C0000800E003C003427C4657555049485542275CDCAA88AF803CE000828C0800E00332
:2043E000C001427CE000828C0800E0038001427CE000828C0800E0034001427CD40085AC49
:204400000800E00300000000C80085AC0800E00300000000C40085AC0800E00300000000ED
:20442000D40085AC0800E003000000000000828C0800E003C003427CD00282900800E00343
:2044400001004230D00282900800E0038000427C2600023C0800E003A025422400A0023C84
:204460000800E003CC0F42946202023C0800E003005A422400A0023C0800E003B410428CF8
:20448000CC8082930800E003C88082AF0800E003000000000800E003070302240800E00366
:2044A000000000000800E003000000000800E003010002240800E003500285A40800E003AE
:2044C000E20082900800E0032000828C0800E0033000828C0800E003B20085A00800E003F9
:2044E000B00085A00800E003100182940800E003400182940800E003000182940800E003A6
:20450000500182940800E003600182940800E003200182940800E003300182940800E00393
:20452000D000828C0800E003C00282940800E003000000000800E003000000000800E00319
:20454000000000000800E003000000000800E003251080000800E003B48080AF0800E00397
:20456000F8FF02240800E003080002240800E003000000000800E003000000000800E00344
:0C458000251000000800E00325100000DA
:208000000260400F0000000000601A40C0045A7F0500401300000000029D1A3C48945A27AE
:20802000080040030000000002A01D3CF8FFBD2701A01C3C00809C2702600940205820019F
:20804000801E2A7D8449497D02608940C000000000E0DC4102608B40C0000000049D083C8E
:208060009C06082509F8000100000000049D083C289A082509F80001000000000000093C14
:208080000000292510002011000000000200093CF0FF292588BF0A3C10204A25000049ADAB
:2080A0000200093CF0FF292588BF0A3C20204A25000049AD0200093CF0FF292588BF0A3CF9
:2080C00030204A25000049AD00488040FFFF0A2400588A404000083C00600A4025500A01E7
:2080E00000608A40029D093C00902925C0000000017889400000093C0100292500000A24D0
:2081000044492A7D01608A408000093C00688940008008408005097D404C090000600840FA
:208120005800013C244001012540280100608840C0000000049D083CA406082509F8000110
:208140000000000000600840BFFF013CFFFF21342440010100608840000084300000A53012
:10816000049D083C68CA08250800000100000000C2
:20900000D8FFBD272400BFAF2000B3AF1C00B2AF1800B1AF1400B0AF00A0023CB401422420
:2090200023004414258000002598A0002580C00000A0023C2600C010F801528C00A0023CC5
:209040004C02428C0300401000A0023C03F1400F4802448CC3F2400F2520600200A0033CDC
:20906000B40163249800648C25206402980064ACA000658C2528A2000D008010A00065AC0B
:2090800025986000A400718C2788110024882202252820022B01410F2520400225282002A1
:2090A0002E01410F2520400211FE400F9400648E251000022400BF8F2000B38F1C00B28F5E
:2090C0001800B18F1400B08F0800E0032800BD2700A0023C4C02518C0400201200A0023CD1
:2090E00003F1400F4802448C2580400024883302C3F2400F25202002259840002718110095
:2091000000A0113CB40131269800228E24104300980022AE27101300A000248E24208200CD
:20912000A00024AE9C00248E241864009C0023AEA400238E24104300A40022AE2528600273
:209140003101410F25204002252860022B01410F252040029800228E060040102528000267
:2091600000A0023C7DFD400F4802448CD0FF001001001024CEFF001001001024638253636D
:20918000039D1A3C48435A270800400300000000E0FFBD271C00BFAF1800B1AF1400B0AF4A
:2091A000258880002580A0002528800031FB400F252000020900401025284000020006249C
:2091C0000BF5400F252000026800038E40100624FEFF052409F86000252040005C00028E8E
:2091E0002528200209F840005400048E1C00BF8F1800B18F1400B08F0800E0032000BD27D5
:20920000039D1A3C70A85A27080040030000000001000224080082AC0800E003000000002C
:20922000B187400B000000000000200201000003000000000B000000010000000000000079
:20924000CDF6400B000000007F000224240282AC7F00A530280285AC0800E003000000006D
:20926000CDF6400B000000007F000224340282AC7F00A530380285AC0800E003000000002D
:209280001487400B0000000048E9039DA8A0039DD83F039DB8E3039D3820039D1486039D0B
:2092A000CDF6400B00000000B803049D90EE029D2405049D0000000000000000000000005D
:2092C000CDF6400B000000000300C3880000C3980800A28C261043000800E0032B10020000
:2092E000CDF6400B0000000003008010251000002C00828CC01002000800E00300000000A1
:20930000CDF6400B0000000003008010251000003400828CC01002000800E0030000000078
:20932000CDF6400B0000000003008010F7FF02243800828C380080AC0800E00300000000DB
:20934000CDF6400B0000000054435049505F444E535F436C69656E7450726F63657373009E
:20936000CDF6400B0000000003008010000000000000A28C0C0082AC0800E00300000000F9
:20938000CDF6400B0000000003008010000000000000A28C100082AC0800E00300000000D5
:2093A000CDF6400B0000000003008010000000000000A28C140082AC0800E00300000000B1
:2093C000CDF6400B00000000F8FFBD270400BFAF004802400400BF8F0800E0030800BD277F
:2093E000CDF6400B00000000F8FFBD270400BFAF0068024000700240FFFF001000000000A8
:20940000CDF6400B00000000F8FFBD270400BFAF0068024000700240FFFF00100000000087
:20942000CDF6400B00000000E8FFBD271400BFAF0E77400F00000000FDFF001000000000F1
:20944000CDF6400B0000000000601A40BFFF1B3CFFFF7B3724D05B0300609A401800004299
:20946000CDF6400B00000000FFFFC6240000A0A0FDFFC0140100A5240800E003251080007C
:1F948000CDF6400B00000000465F444E53436F6D706C65746548617368456E7472790066
:1E94A000CDF6400B00000000465F4448435052784D736754797065324576656E740015
:1E94C000CDF6400B00000000465F444E535F436C65616E4361636865456E74727900CE
:1E94E000CDF6400B0000000068076C094C836A9074A07AC00080688800846C82008102
:20950000039D1A3C24AA5A27080040030000000000800234080282AC0800E00300000000E2
:20952000CDF6400B00000000CCC6039D3C7C039D205F039DB482039D5048039D0400000062
:1C954000CDF6400B00000000822805002000828C84F8A27C0800E003200082AC51
:1C956000CDF6400B00000000822805003000828C84F8A27C0800E003300082AC11
:1C958000CDF6400B00000000F434039DD0F3029D2444039D4CD4029D24BA039D52
:1C95A000CDF6400B00000000DC5A039DA064039D1C71039D3012039D6C27039DE5
:1C95C000CDF6400B00000000465F444843504E6F74696679436C69656E74730072
:1C95E000CDF6400B0000000002008010FFFF0224580082940800E0030000000052
:20960000039D1A3CD8AB5A27080040030000000000800234040282AC0800E0030000000030
:1C962000CDF6400B000000004C3D029D503D029D543D029D5C3D029D603D029D28
:1C964000CDF6400B0000000034818227000044AC040045AC0800E00300000000D2
:1C966000CDF6400B000000000100000005000000000000000500010001000000D3
:1C968000CDF6400B000000005481828F01004224548182AF0800E0030000000082
:1C96A000CDF6400B000000006481828F000082AC7881828F0800E003040082AC55
:1C96C000CDF6400B000000006894019D6CFE039D209A039D209A039D209A039DCE
:1B96E000CDF6400B0000000054435049505F444843505F50726F636573730025
:1A970000CDF6400B00000000465F444843504576656E74536F75726365000A
:1A972000CDF6400B0000000046435F553850747244696666325549313600C6
:19974000CDF6400B00000000465F444E535F56616C696461746549660040
:19976000CDF6400B00000000465F444E535F53656E645F517565727900FA
:20978000CDF6400B0000000000800234080082AC0800E003000000000800E00300000000F9
:2097A000CDF6400B0000000000020224040082AC0800E003000000000800E0030100022444
:2097C000CDF6400B0000000000020224080082AC0800E003000000000800E003500285A4CC
:2097E000CDF6400B0000000000010224040082AC0800E003000000000800E003E200829038
:20980000039D1A3C8CAD5A27080040030000000000800234040082AC0800E003000000007A
:20982000CDF6400B0000000000010224080082AC0800E003000000000800E0032000828CB9
:20984000CDF6400B0000000040028294046AA27C0800E003400282A40800E0033000828C9A
:20986000CDF6400B0000000098FFBD276400BFAF6000BEAF5C00B7AF5800B6AF5400B5AF89
:209880005000B4AF4C00B3AF4800B2AF4400B1AF4000B0AF0F0005248EE5400F0A0004244F
:2098A0003400A2AF01004230060040103400A28FBCEC400F0A0004245000401425A0400023
:2098C0003400A28F02004230410040106400BF8F7C80828F3E0040102590000025100000E7
:2098E000029D143C6210133CD34D7326801002008C80838F211062000000508C2E00005260
:2099000001005226700003920B0002242A006250010052268400028EC00043300A0460107E
:2099200025880000C001567C1000112404004230080040508400028E73F6400F00000000C8
:209940002800038E2A104300100003240A8862008400028E0800423007004050700003927C
:2099600073F6400F000000002C00038E2A1043000A0540107000039205000224F4036214F9
:209980000000000073F6400F000000003000038E2A104300EE034014010006241400052424
:2099A000466E400F2520000225280000C4B1400F25200002010052262096127C7C80838F3A
:2099C0002B184302C9FF6014251040026400BF8F6000BE8F5C00B78F5800B68F5400B58F16
:2099E0005000B48F4C00B38F4800B28F4400B18F4000B08F0800E0036800BD272C0092962F
:209A00001400422EC7044014F2FF05241C00958E0C00A28E0019427C0500432CC10460148A
:209A2000801002002A104202BE0440140200023C20009E8E24F0C203BA04C017F1FF0524ED
:209A40004F01410F25208002259840004C01410F2520800225B040002000828E0002423085
:209A60001B004014000000000000628E1800A2AF0000C28E1C00A2AF2000A0A306000224D2
:209A80002100A2A3C69C400F252040022200A2A7253000000C000524CE9C400F1800A42797
:209AA000273002002000828E0400423062004010FFFFC6302538C000253040022528A0025E
:209AC000B2C0400F2520800296044014F6FF0524D8E8400F2520A0021C00978E0200E6963D
:209AE0009004C010F1FF05247C80878F8D04E0100B000B240C00A28E0019427C2C00A2AF8C
:209B00002800848E0000E5960200629600006396211043002110A2002610C200FFFF4230EE
:209B20002800A2AF8C808C8F2518C003251000002580000000400A3C01000924801803005C
:209B4000211883010000718C23002052010042247000239220006B500100422471002892BD
:209B600002000D2D1C00A0510100422444002D8E0300A0110000000017008D540100422423
:209B8000320060146E002396130066540100422411000056010042248400238E0500630455
:209BA00024186A005C002D960B00A5550100422424186A00070060502580200206000955EC
:209BC000010042243C00238E0000688E261868000A802302010042242016027C2B40470019
:209BE000D6FF0015251840004E040012F1FF05240000628E3C0002AE01000224710002A269
:209C0000440004AE2530C0020100052477F5400F252000022800A28F6E0002A60000E29624
:209C20005C0002A60200E2965E0002A60000028E19000010100002AE25284002CE9C400FDF
:209C40002520A002A0FF0010000000002800A88FE1FF6814010042240000E88E5C00238EC9
:209C6000DDFF0315000000003C00288E0000638EDAFF03152016027C01000224710022A20C
:209C8000440024AE2530C0020100052477F5400F25202002258020022C00A28F809802000D
:209CA0001000838E0C006294231053000C0062A40D00B1920800B78E0400A28E2C00A2AF9B
:209CC0008400028E004043300F006010020042300D004014730000A273F6400F000000009C
:209CE0006C0003966C80848F021864706210043CD34D8424190064001018000082190300B5
:209D000021186200240003AE8400028E84B5027C840002AE700003922E00601404002232D5
:209D20000B0040101000223225280000C4B1400F252000022BF6400F2520000025284000CA
:209D4000ACF7400F25200000F6030010020005240A00401025300000500017AE04000524A7
:209D6000466E400F2520000225280000C4B1400F25200002EFFF00100000000002003132DE
:209D80000F0020122C00A28F01004224540002AE92C8400F2520A002660002A6D7F2400F04
:209DA000252000020100062412000524466E400F2520000202000224DEFF0010700002A283
:209DC00025280000C4B1400F25200002D9FF001000000000010002240E0062140400223240
:209DE000D4FF401410002232D3034050020031325000128E9303F21201000624500017AE43
:209E000004000524466E400F25200002C9FF0010500012AE1400422623105300FFFF423071
:209E2000ECFF5224FFFF5232010024323800A4AF040080102800B2AFEDFF4224FFFF42307E
:209E40002800A2AF02002232040040102800A28F01004224FFFF42302800A2AF1C00028E8A
:209E60002000168E2B2056001500805423B0C2021800048E1400058E23208500231056005B
:209E800023108200FFFF56305400138E2C00A28F239853002800A28F270040100000000059
:209EA0002A00C05204003132080060062B107602120040142800A28F0A0000102A20760243
:209EC000FFFFD626F0FF0010FFFFD6322800A48F25108000212064020600805825100000B9
:209EE0002A207602050080142310C2022A10530001004238150040500400313206002232A2
:209F000019004010100022320400313205002012010003248400028E444A627C840002AEFA
:209F200000081E2425280000C4B1400F252000026B03001000000000F0FF60122B107602ED
:209F4000EFFF4014060022320400313279FF20160100062410000524466E400F25200002A2
:209F600074FF00100000000072FF401009000224B50162100A00622C050040100700622CC4
:209F80008700401408000224950062501000038E20003132520320160000000070000392BD
:209FA000F8FF6224FF0042300200422C4C034014060002244A03621000000000470040121C
:209FC0002800A28FC301601E211053020C00A28E0019427C80100200231053002110A20260
:209FE0002190530225884002FFFF52322B90D202020040122400A2AF2588C002FFFF3132C2
:20A000001C00128E1800038E211051022B1062009601401001000224010075242310B2022B
:20A02000FFFF5630010013241000B3AF2538C0022400A62725284002F9BB400F2520800289
:20A040003000A2AF233836021400058E1000B3AFFFFFE7302400A627F9BB400F2520800203
:20A060003000A38F21106200FFFF423023A8550221A8B1021400038E21187500170022163B
:20A080002800A28F5400048E21202402540004AE1C0003AE70000292FDFF4224FF00423070
:20A0A0000300422C010040540002DE375800028EFFFF05240800451023105100580002AE8B
:20A0C000640005962128A2007101A10400000000FFFF0224580002AE2800A28F1100401099
:20A0E0003800A28F70000292FDFF4224FF0042300300422C040040548400028E1C00028E57
:20A10000200002AE8400028E10004230CF0140100100062410000524466E400F252000020B
:20A120003800A28FEE0240102800A38F5400028E010042242C00A48F21186400E802431494
:20A1400001000324540002AE8400028E8452627C840002AE7000029205000324F101431062
:20A160000004DE370600432C0700601004000324DE01431002000324CD0143100300032409
:20A18000D3014310080002240100062410000524466E400F25200002D102001000000000D9
:20A1A000020002240E0062541000038E50001E8E0700FE1201000624500017AE0400052492
:20A1C000466E400F25200002DAFE001050001EAE03000224700002A200011E241000038E10
:20A1E0000800028E23104300060043045000048E0000048E231044000400048E21108200D0
:20A200005000048E2328E4022310A200130040188400063C8400058E2428A6000400063CD6
:20A220000400A6142530000001000524060045100100842410000524466E400F252000025A
:20A24000A702001000000000500004AE8400028E01000424C4BD827C840002AE0C00058EB4
:20A260005000048E2B106500160040102120A4000400028E21104300211057000000038EF0
:20A280002310430023104400CF02401C3000A2AF8300029201004224FF004230830002A20D
:20A2A0000300422CAA0040543800028E0C00038E5000028E211062001000048EC5000010A0
:20A2C0002310440021107700233044009600C0183000A6AF0400028E0000048E2310440038
:20A2E0002B10460090004014DC05022473F6400F340002AE3400038E6C80848F02186470A4
:20A300006210043CD34D842419006400101800008219030021186200380003AE830000A2D7
:20A320008400028E4429027C840002AE0C00048E3000A28F211082000C0002AE1000038EDB
:20A340002B2064005B0080142B206200660080500400038E5000048E2318830021184300CB
:20A36000500003AE100002AE0400038E2B204300610080500000048E700002920300032408
:20A380000300431008000324030043540C00038E0400DE370C00038E0800028E18006254E5
:20A3A0000E00A3968400028E00014330940060545000038E004042300E0040508400028E41
:20A3C00073F6400F000000006C0003966C80848F021864706210043CD34D842419006400DC
:20A3E000101800008219030021186200240003AE8400028E4408027C840002AE0E00A396CE
:20A400006A0002962B104300010040546A0003A65000038E0E00A2962110E2022310430062
:20A420006000049606008014FFFF423004004010010005248400048E8431A47C840004AE79
:20A44000600002A6700002920400042475004454060004241300E316200031328400028EE6
:20A460008004427C0F0040100000000073F6400F000000006C80838F8813042402186470D4
:20A480006210043CD34D842419006400101800008219030021186200300003AE0500022458
:20A4A000700002A20E02201600000000C3FE0010000000000400048E0000058E2320850080
:20A4C000211864002B206200070080500400038E5000048E2318830021184300500003AEA9
:20A4E000100002AE0400038E2B204300060080541000028E0000048E23206400231044004F
:20A500000C0002AE1000028E2B2043009BFF8054700002920000048E231864002310430038
:20A5200095FF0010100002AE9BFF65500C00038E8300029201004224FF004230830002A2B5
:20A540000300422C1C0040500C00038E3800028E91FF40500C00038E73F6400F0000000004
:20A560003800038E2A1043008AFF401401FA03343400028E401002002B18430000FA0434B8
:20A580000A10830073F6400F340002AE3400038E6C80848F021864706210043CD34D842456
:20A5A00019006400101800008219030021186200380003AE0C00038E1000048E5000028EB5
:20A5C00021106200231044002B20830006008010500002AE0000048E0400058E232085001C
:20A5E00021108200500002AE100003AE8400028E01000324C439627C66FF0010840002AE27
:20A600007EFFE3168004427C7DFF40500E00A3968400028E4408027C0442027C77FF001007
:20A62000840002AE5BFE441420003132AC01E3160000000025280000C4B1400F25200002B4
:20A64000A7010010000000005000028E01004224B8FDE2160000000025280000C4B1400F3D
:20A6600025200002B3FD0010000000001000A2AF253820022400A62725284002F9BB400F70
:20A68000252080021C00038E7CFE00102118710091FE401C2110650021208500540004AEC5
:20A6A0001C0002AE1800038E2B20620007008050FFFF02241400048E2318640027180300F6
:20A6C000211043001C0002AEFFFF022482FE0010580002AE2A10C202030040100C00A28EF1
:20A6E0002390D302FFFF52320019427C801002002110A2022400A2AF1C00058E21885302F0
:20A700001800028E2118B1002B1843002D0060100100432423186500231873001C0060044E
:20A72000FFFF7630010015241000B5AF2538C0022400A6272128B300F9BB400F25208002F1
:20A740003000A2AF233856021400058E1000B5AFFFFFE7302400A627F9BB400F25208002DA
:20A760003000A38F21106200FFFF42305BFE42162800A28F5800028EFFFF03241A004354AC
:20A780002B186202580013AE53FE0010640012A61400038E2310430023106202FFFF422466
:20A7A000010003241000A3AF253840022400A6272128A200F9BB400F25208002EBFF0010D0
:20A7C00000000000010002241000A2AF253840022400A6272128B300F9BB400F252080029B
:20A7E000E2FF0010000000000E00601064000396212062002B20910008008054640012A676
:20A800002B88220205002056640012A62118620023187300FFFF7230640012A62EFE001089
:20A82000580013AE211862002B8871002BFE20522800A28F2B18730027FE60142310620266
:20A840002110420224FE0010640002A68400028E010003240421627C840002AE0800423058
:20A8600030FE40143800A28F8400028EC418627C73F6400F840002AE6C80848F40180400D8
:20A8800021186400C018030021186400801803006210043CD34D84241900640010180000E9
:20A8A00082190300211862001DFE00102C0003AE09000224700002A20100062411000524AF
:20A8C000466E400F252000020501001000000000700002A28400028E8005427C0001401458
:20A8E000010006242AFE0010100005245000028E0900E2162530000010000524466E400F4A
:20A900002520000225280000C4B1400F25200002F300001000000000060002241AFE001041
:20A92000700002A22530000010000524466E400F2520000225280000C4B1400F25200002D3
:20A94000E700001000000000F8FB001025B00000060020528400028E0100C63A1000052462
:20A96000466E400F252000028400028E0200433034006014004042300FFC40500100522696
:20A9800070000392030002240BFC62540100522673F6400F000000002400038E2A10430069
:20A9A00005FC405401005226730003928000029215006214010005248400118E0100313231
:20A9C0003DB8400F252000028400028E010003240400627C840002AE001006242528000013
:20A9E00079D4400F25200002F3FB2056010052268400028E0400027C840002AE0A0002249D
:20AA0000ECFB0010700002A20200062410000524466E400F2520000273F6400F010052264B
:20AA20006C0003966C80848F0218647019007300101800008219030021186200DEFB00104E
:20AA4000240003AE73F6400F000000002400038E2A104300D8FB4054010052267000029253
:20AA60000A00432C4C0060108020020080AA8326211864000000638C080060000000000038
:20AA800098AB019DA8AA019DF4AA019D20AB019D44AB019D98AB019D60AB019D98AB019D48
:20AAA00098AB019D7CAB019D720002920400422C0E0040140200112404000224720002A29F
:20AAC0006C80838F40110300231043008010020021104300C010020019005300101000004A
:20AAE00082110200001102004C0002AE2E00001025A80000720003920300632CA1006014F9
:20AB0000140004248400038E01006330010015240AA803000B1083002100001025884000A5
:20AB2000720002920500422CF0FF40541000112404000224700002A211000224F6FF00105A
:20AB400025A80000720002920500422CE7FF40541100112414000224EFFF0010010015247D
:20AB6000720002920500422CE0FF40541000112414000224E8FF0010010015247200029233
:20AB80000500422CD9FF40541100112414000224E1FF00100100152486FB201225A80000AC
:20ABA0002300C012010006247200029201004224720002A24C00028E401002004C0002AEC8
:20ABC0001000038E0C00048E231064002B18640006006010FFFF42300400038E0000058EEA
:20ABE0002318650021104300FFFF42305000038E23186200500003AE6000039621104300E5
:20AC0000600002A6100004AE2530000025282002466E400F2520000266FBA01225280000FC
:20AC2000C4B1400F2520000263FB00100100522625282002466E400F25200002F6FF001064
:20AC400000000000020031323AFC20122C00A28F01004224540002AE0E00A2966A0002A607
:20AC6000600002A692C8400F2520A002660002A6D7F2400F2520000201000624100005246B
:20AC8000466E400F2520000203000224700002A28400028E004042300E0040508400028EB5
:20ACA00073F6400F000000006C0003966C80848F021864706210043CD34D842419006400F3
:20ACC000101800008219030021186200240003AE8400028E4408027C840002AE00011E24E9
:20ACE0002BF6400F252000007800128E7C00138E7600119625284000ACF7400F2520000089
:20AD000024303E020700C0100200052405004012253860022800858E09F84002740004860B
:20AD2000020005240A000624C2FA400F25208002DFFA001000000000FEFB20122C00A28F71
:20AD400001004224540002AE0E00A2966A0002A6600002A692C8400F2520A002660002A68A
:20AD6000D7F2400F252000020100062412000524466E400F2520000202000224EDFB0010A4
:20AD8000700002A259FF00101200112457FF00101100112455FF001011001124050002246F
:20ADA000EDFE62141000112473F6400F000000003000038E2A104300E7FE40140100062493
:20ADC000F7FA0010140005240400028E0000038E231043003000A38F2B10430043FD4050EA
:20ADE000DC050224D3FD001083000292B0FDBD274C02BFAF4802B7AF4402B6AF4002B5AF07
:20AE00003C02B4AF3802B3AF3402B2AF3002B1AF2C02B0AF029D053C983EA52400A0043CE0
:20AE2000BFFD400F88788424590040100100122425900000029D103C003E1026029D053C8B
:20AE4000B03EA52400A0133CBFFD400F8878642625884000029D053CC43EA524BFFD400F14
:20AE6000887864264D0040100E00062455022012000000005D0240160B000624029D053C20
:20AE8000E03EA52400A0043CDFF6400F887884246400401400A0033C887863240B00629004
:20AEA000001402000C00649000220400251044000D006490251044000E0070900F00659051
:20AEC00010006490110066900800033C2B1843005002601000861000001C05002580030277
:20AEE00025800602001A040025800302211850000800043C010084242B1864004502601005
:20AF0000029D033CE03E658CE03E63240400648C1000A5AF1400A4AF080064941800A4A77D
:20AF20000A0063901A00A3A30100032E401803001B00A3A3080000120C000624253000021F
:20AF4000009D053C21284500A9FD400F1C00A4270C001026FFFF06321000A527F19A400F7B
:20AF6000928184874C02BF8F4802B78F4402B68F4002B58F3C02B48F3802B38F3402B28F02
:20AF80003002B18F2C02B08F0800E0035002BD27029D103CA9FF0010183E1026029D053CA2
:20AFA000D03EA524F19A400F928184874DF4400F928184870700201600A0033C4850023C22
:20AFC0004D434224000062AC040062AC080062AC0C0062AC0D00401200A0023C5550033C0A
:20AFE00046576324000043AC5542033C49486324040043ACDCAA033C275C6324080043AC97
:20B00000803C033C88AF63340C0043ACD7FC400F0A000424F0F7400F00000000FFFF0010D4
:20B020000000000004000624029D053CEC3EA52400A0043CDFF6400F887884249501401479
:20B0400004000624029D053CF83EA52400A0043CDFF6400F8C7884244700401400A0023CBA
:20B060008878422408005190090050900A0056900B0055900C0042901F02A2A3FFFF022450
:20B080001C02A2A34DE4400F2520200225A040000300222EED0140100000000057E2400F48
:20B0A0002520200225B840004DE4400F25202002259840001800E012010012240084100053
:20B0C00000B216002580160225801502010007241F02A627252800020B9F400F2520200266
:20B0E0000D00401002001224010007241C02A62725280002B0D3400F2520200203001224E3
:20B100000B9002001C02A2931F02A39326104300040003240B9062004DE4400F2520200260
:20B12000029D033CF43E648CF43E63240400638C1000A4AF1400A3AF1800B1A31900B2A3C0
:20B140001F02A3931A00A3A31C02A3931B00A3A31C00B4A31D00B3A31E00A2A31F00A0A3D8
:20B16000100006241000A527F19A400F928184877DFF00104C02BF8F05000624029D053C8A
:20B18000043FA52400A0043CDFF6400F8C7884241B00401400A0023C917844900300822C18
:20B1A00015004010251000004DE4400F0000000025200000029D033C003F668C003F63245B
:20B1C0000400658C1000A6AF1400A5AF080063901800A3A31900A4A31A00A2A31B00A0A337
:20B1E0000C0006241000A527F19A400F928184875DFF00104C02BF8FEEFF00100100042417
:20B2000005000624029D053C103FA52400A0043CDFF6400F8C7884241A00401400A0023C0B
:20B22000917844900300832C060060100100022400A0023C5FDD400F92784590010042381F
:20B24000FF004230029D033C0C3F658C0C3F63240400648C1000A5AF1400A4AF08006390D7
:20B260001800A3A31900A2A31A00A0A30B0006241000A527F19A400F928184873AFF001063
:20B280004C02BF8F05000624029D053CA03FA52400A0043CDFF6400F8C7884243100401426
:20B2A00000A0023C88784224090044900A0045900B0047900C0049900D0050900E004690F6
:20B2C0000F004390100048900300822C7C014010002C0500001207002528A2002528A900F7
:20B2E0002000023C2B10A2007701401000861000001406002580020225800802001203002E
:20B3000025800202FFFF02260002422C700140102000033C2110B000010063242B104300E7
:20B320006D01401025380002B0D3400F1A00A6274B01401405000224029D033C9C3F658CC2
:20B340009C3F63240400648C1000A5AF1400A4AF080063901800A3A31900A2A353010010B1
:20B360000A00062407000624029D053C1C3FA52400A0043CDFF6400F8C788424240040143C
:20B3800000A0023C937850900300022E540140101C02A5279ADE400F252000021F02A62726
:20B3A0002002A5277DD3400F25200002029D023C183F448C183F42240400438C1000A4AFC2
:20B3C0001400A3AF080043941800A3A70A0042901A00A2A31B00A0A31C02A2971C00A2A771
:20B3E0001E02A2931E00A2A32002A2931F00A2A31F02A2932000A2A3110006241000A52708
:20B40000F19A400F92818487D7FE00104C02BF8F06000624029D053C283FA52400A0043C93
:20B42000DFF6400F8C7884245C00401400A0023C927852900300422E49004010010003248E
:20B4400000A0023C887842240B005190008C11000C004390001A0300258823020D00429072
:20B46000258822022000023C2B1022023C0040100200032400A0033C887863240E00629023
:20B48000001602000F0064900024040025104400110064902510440010006390001A030052
:20B4A00025984300FFFF62260002422C2C00401003000324211033022000033C01006324A3
:20B4C0002B104300260040100400032400A0043C9A7884242110930000005090008210007D
:20B4E00000A0023C9B784224211062020000429025800202FFFF1032F8F4400F25286002BB
:20B5000025A0400016000216060003242538600200A0063C9A78C624252820020B9F400FC6
:20B52000252040020E00401005000324253860021000A62725282002B0D3400F2520400296
:20B54000070040100500032425286002F8F4400F1000A42726A08202070003240A181400F5
:20B56000029D023C243F458C243F42240400448C1000A5AF1400A4AF080042941800A2A713
:20B580001A00A3A30B0006241000A527F19A400F9281848774FE00104C02BF8F0B000624EF
:20B5A000029D053C303FA52400A0043CDFF6400F8C7884241800401400A0023C9778449096
:20B5C0000300822C0500401001000324C1DE400F0000000001004338FF006330029D023C64
:20B5E0004C3F458C4C3F42240400448C1000A5AF1400A4AF080042941800A2A71A00A3A3C0
:20B600000B0006241000A527F19A400F9281848755FE00104C02BF8F0D000624029D053C0B
:20B620003C3FA52400A0043CDFF6400F8C788424EAFF40140200032400A0023C99784490ED
:20B640000300822CE5FF40100100032400A0023C8878422412004590002C0500130043909B
:20B66000001A03002528A300140042902528A2002000023C2B10A200D8FF4010020003245D
:20B68000D0D8400F0000000001004338D3FF0010FF006330029D053C583FA52400A0043CA3
:20B6A000BFFD400F887884240F00401401A0023CBFF5400F128D44843A004010029D103CB6
:20B6C000029D103C903E1026B4FD400F25200002FFFF463025280002F19A400F9281848779
:20B6E00021FE00104C02BF8F029D053C683FA52400A0043CBFFD400F887884242B00401021
:20B70000029D053C703FA52400A0043CBFFD400F887884240A0040148000102488BF023CA7
:20B72000246150ACD7FC400F0A00042488BF023C286150AC029D103CE3FF0010503E102689
:20B74000029D053C7C3FA52400A0043CBFFD400F887884241800401410000624029D053C6C
:20B76000883FA524F19A400F928184874DF4400F92818487D7FC400F0A00042410001024FB
:20B7800088BF023CE46050ACD7FC400F0100042488BF023CE86050AC029D103CCAFF00100C
:20B7A000643E1026C8FF0010343E1026029D103CC5FF0010403E1026029D103CC2FF001003
:20B7C000783E1026B4FD400F25200002FFFF463025280002F19A400F928184874DF4400FEB
:20B7E00092818487F5FD001000A0033CB4FD400F25200002FFFF463025280002F19A400F66
:20B80000928184874DF4400F92818487F3FD001000A0023C029D023CE03E448CE03E42242F
:20B820000400438C1000A4AF1400A3AF080043941800A3A70A0042901A00A2A301000224C9
:20B840001B00A2A3C4FD00100C0006244DE4400F25202002259840002FFE00100100122429
:20B86000029D023C9C3F448C9C3F42240400438C1000A4AF1400A3AF080042901800A2A32C
:20B880001900A0A325280002F8F4400F1A00A4271000A32721187000022202000A0064A026
:20B8A0000B0062A00C000626FFFFC6301000A527F19A400F92818487ABFD00104C02BF8F27
:20B8C0009DFE0010010002249BFE00100200022499FE00100300022497FE00100400022426
:20B8E000029D023C183F448C183F42240400438C1000A4AF1400A3AF080043941800A3A7AA
:20B900000A0042901A00A2A3010002241B00A2A3BAFE00100C000624A8FFBD275400BFAF1A
:20B920005000BEAF4C00B7AF4800B6AF4400B5AF4000B4AF3C00B3AF3800B2AF3400B1AFD5
:20B940003000B0AF71008390010002241A026214FEFF1224258080002598A00025A0C000E1
:20B960002BF6400F252000004800038E28026010252840002000628C0800443024028014CE
:20B9800008004234200062ACACF7400F4800118E830020162000073C0600E72404000624C7
:20B9A00014000524B4EA400F780004242588400001024010FDFF1224039D023CB8A64224A9
:20B9C000080022AE0C0030AE01000224700022A6580022A62000228E08004234200022AEE8
:20B9E0002BF6400F25200000252840004800028E01004050480011AEACF7400F252000005E
:20BA00000100623205004010010003248400028E0442627C840002AEFE0073328400028EF1
:20BA200023FF0324241043004429027C840002AE71000392010002240200621425900000CD
:20BA40001C00328E0C0042920439027C0C0042A2060062325D0040100200623298014010B9
:20BA6000020002241000A2A3040002241100A2A371000392010002240C00621425100000E5
:20BA80004400028E0500401400000000BBE8400F25200002C1014050FCFF122451FD400F20
:20BAA0004400048EECFF4224FFFF4230A018027C1200A3A7680002A60C00428E0019427C9A
:20BAC000010042240C0043920439437C0C0043A27100039201000224030062141000A28F4A
:20BAE000170042AA140042BA5000028E1F00401425B000007AE7400F0000000025F0400006
:20BB00005B01410F25B86000DAFE400F25B04000DAFE400F25A840002800A2AF0F00043C04
:20BB2000404284241900C40312400000104800000218E472214869008026090082110800C5
:20BB40002530C00225380000252082002A8E400F8229090000AC15002800A39725A8A3025A
:20BB600021A8A202500015AE25B0000003006232A50140546000029602008232520140104E
:20BB8000010015247300029201004224730002A25000028EFFFF422469000010500002AE29
:20BBA000560020A6540020A6480020AE6E0020A66C0020A6600020AE1000228E000040ACF9
:20BBC0001000228E8EFF00100C0040A40800038E1000028EA90162106600169660000296B9
:20BBE0003800401025A80000710003920100022406006254680002967F01410F0000000037
:20BC0000080040540800158E68000296FFFF43302B18C302010060542510C002FFFF563034
:20BC20000800158E1000038E2B107500DF0040500400028E6000029623A8A3022B20A202AE
:20BC40000AA844002B10D50205004010010004248400028EC439827C840002AE25A8C0028C
:20BC600071000492010002240B0082541000028ECB006010480020AEFFFFA232560022A6D4
:20BC8000540022A6500023AE1000228E48002326000043AC1000028E21105500100002AE41
:20BCA0008400028E0001423006004010000000006000029603005510000000000100D5561B
:20BCC00001007336A9FFA012FFFFB6326000029623105600FFFF4230080073360100943211
:20BCE0000E008012600002A6720000A26C80838F40110300231043008010020021104300BA
:20BD0000C01002006210033CD34D63241900430010100000821102004C0002AE73F6400F34
:20BD2000000000004C00038E21186200240003AE8400028E010003244408627C840002AE1C
:20BD40005E000296000042A65C000296020042A65000028E040042AE5400028E080042AE77
:20BD60000C0042920418027C0C0042A20D0053A2120040A6100040A65000028E2110550003
:20BD8000500002AE020062320E00401025A000001000623202004010251800000800438EDE
:20BDA000080043AE8400028EC004427CDA0040505000028E0400428EFFFF4224040042AE7E
:20BDC000040014240100623204004010010003248400028E8494627C840002AE1000623234
:20BDE00004004010010003248400028E84B5627C840002AE1C00038E2000028E2B2062005E
:20BE0000CD008054231043001800048E1400058E232085002318620023108300FFFF42302F
:20BE20000E0042A6620002A6D8E8400F252040020C00428E0019427C050042240C0043926D
:20BE40000439437C0C0043A27100039201000224E6006214000000003C00028E4C00401004
:20BE600000000000BBE8400F252000024800401000000000140092264000028E380022AE4D
:20BE80003C00028E3C0022AE4400028E400022AE1000238E0C006294211042020C0062A49C
:20BEA0001C00348E100080A64400028E600042900100423023004014212056023800228EFD
:20BEC0001400A2AF3C00228E1800A2AF1C00A0A3060002241D00A2A3C69C400FFFFF843058
:20BEE0001E00A2A7253000000C000524CE9C400F1400A42727300200FFFFC63025284002DD
:20BF0000CE9C400F25208002273802008D00C012FFFFE7301000238E100062940800423487
:20BF2000100062A42530C0025000258EB2C0400F2520200227380200FFFFE73027380700CD
:20BF4000100087A6810002922100A2A3820002922000A2A32200A0A3213056022000A727B2
:20BF6000FFFFC630060005242A9C400F25202002000020AE0BFF400F25202002A800401498
:20BF80000A000624ECFF0524C2FA400F252020028200C012FFFF1224700000103800028E17
:20BFA0001000228E3BFF0010000040AC231043000000048E2328440021A8A5026000059689
:20BFC0002B30B5000BA8A6002B28D5020500A010010006248400058EC439C57C840005AE62
:20BFE00025A8C0022B2855000A10A5022300A2122328A20271000792010006241100E65403
:20C000001000028E05008010FFFFA5306E0025A66C0025A6680024AE600024261400601040
:20C02000480024AEFFFF4230560022A6540022A6500023AE1000228E48002326000043ACDB
:20C040001000028E21105500100002AE0400038E2B20430013FF80548400028E0000048E4B
:20C0600023186400231043000DFF0010100002AE1000228EF2FF0010000040AC710005921A
:20C0800001000424EFFFA4541000028E09006010480020AEFFFF4230560022A6540022A6B8
:20C0A000500023AE1000228E48002326E4FF0010000043AC1000228EE1FF0010000040AC90
:20C0C000ADFE001025B000008400158E0200B5321CFFA0525E000296010094320800801658
:20C0E000000000007200029205004010FFFF4224720002A24C00028E421002004C0002AE3F
:20C1000073F6400F25A800004C00038E211862000BFF0010240003AE01004224500002AECC
:20C120008400028E01000324C49C627C840002AE24FF001004001424FFFF422438FF001037
:20C14000FFFF42301000238E10006294C418027C7AFF0010100062A43800028E0D00401486
:20C16000DC05022473F6400F340002AE3400038E6C80848F021864706210043CD34D8424F0
:20C1800019006400101800008219030021186200380003AE250040120400733271000392B2
:20C1A0000100022405006214251040022000228EC418027C200022AE251040025400BF8F33
:20C1C0005000BE8F4C00B78F4800B68F4400B58F4000B48F3C00B38F3800B28F3400B18F2D
:20C1E0003000B08F0800E0035800BD27F2FFC012FFFF12243800028EE8FF4014DC050224A8
:20C20000D8FF001000000000B4FE001025A80000ACF7400F25200000DFFD00102000073C22
:20C22000CDFFC0562590000004007332E2FF6012259000002BF6400F252000007800138EE8
:20C240007C00148E7600119625284000ACF7400F25200000D8FF601208003132D6FF201224
:20C2600025388002080006244400058E09F8600274000486D1FF0010251040028400028E0A
:20C28000000142308AFE401425A8000037FE001025B0000001A0023CE48D42243A0244141E
:20C2A00000000000B0FFBD274C00BFAF4800B6AF4400B5AF4000B4AF3C00B3AF3800B2AF02
:20C2C0003400B1AF3000B0AF0481838FFFFF62240200422C0D0040102C81828F170040142A
:20C2E0000081828F09F840001000A4270800401C4C00BF8F0F0040141000A48F0300805019
:20C30000048180AF498B400F000000004C00BF8F4800B68F4400B58F4000B48F3C00B38F96
:20C320003800B28F3400B18F3000B08F0800E0035000BD27F5FF0010048180AF01000224A3
:20C34000380062141880838FFFFF022435006214049D063C64D8C6242528000088FD400F8C
:20C3600005000424FFFF032484004310188082AFDFF7400F00000000802002002120820041
:20C38000E70384246210033CD34D6324190083001020000082210400401904002318640044
:20C3A0008018030021186400C01803001B006200F401400012100000FF7F432C6F006010CA
:20C3C000108182AF4C0143241B006200F401400012180000021062700C8182AF0200122431
:20C3E00000A0103C287B102600A0113C787D31260000028E09004050100010260A0006863A
:20C400000500C01025280002D2F4400F252040025A0040100000000010001026F4FF111652
:20C420000100522601A0023CE48D4294300140102C81908F2588000001A0123CE48D53268A
:20C440004C00048E18008050010031264400028E1800428C09F840000000000042000296E9
:20C460000040423010004050010031264400028E1400428C09F840004C00048E44004104B4
:20C48000030007240400062425280002B0D2400F252060024200029601000324C47B627C5A
:20C4A000420002A601003126E48D45962B102502E3FF4014700010260481838F01000224F2
:20C4C00011016214000000000D01A0102C81908F2530000225100000251800000004082451
:20C4E000010007244200C494000C893057002815204E047C85FF21054000843002008010FF
:20C50000042067002510440001006324F5FFA3147000C624010003240418A300FFFF63241E
:20C52000F700621001A0023CE48D429415004010258800004040143C01A0123CE48D5326B1
:20C540004000028E2410540005004010030007240400062425280002B0D2400F252060020B
:20C5600001003126E48D42962B102202F4FF40147000102604000010FFFF022416C9400F68
:20C5800000000000FFFF022460FF0010048182AF02000324C3FF4314DC0502241000A0AFAA
:20C5A0001400A0AF1800A0AF1C00A0AF2400A0AF2800A0AF2C00A0AF2000A2AF0100022449
:20C5C0002C00A2A32D00A2A34400028E4000428C1000A52709F840005000048E1000A28F56
:20C5E0003F0002AA3C0002BA1400A293400002A21500A293410002A21800A38F2B1803006C
:20C6000042000296446B627C420002A62000A38F5E0003A62800A38F600003A22400A38FBB
:20C62000610003A22C00A393620003A22D00A393630003A2010003248431627C8473027CF0
:20C64000C47B627C97FF0010420002A604206700ADFF0010251044004D0142240C8182AFFB
:20C6600001A0023CE48D42949C0040102C81908F258800000100132401A0123C420002962E
:20C68000400042300E004050010031264400028E2400428C09F840005000048E6400039210
:20C6A000010063300600431001003126640003924408637E8410437C0400437C640003A2F0
:20C6C000E48D42962B102202ECFF401470001026B5000010010013242800B1AC25300000F6
:20C6E000E7DC400F01000424DA000010D4FF428E25B00000049D113C0A0100100804312631
:20C7000001000624F3FF0524C2FA400F25200002EC000010000000002BF6400F01000424EC
:20C7200000A0033C087B6324180064940400047C180064A425284000ACF7400F01000424B4
:20C7400001A0023CE48D4294210040102C81908F700010262588000001A0123CD2FF0296CB
:20C76000400042301500401025A00002ECFF03968606623005004050F4FF82921C81828FEF
:20C78000010042241C8182AFF4FF82920200443009008010040042300200401000106534DD
:20C7A0000008653490FF0426640082904408027C4ACC400F640082A0ECFF80A6010031268B
:20C7C000E48D42962B102202E4FF4014700010262100601200A0103C00A0103C287B102690
:20C7E00000A0113C787D31260000028E0D004050100010260A0004860A00805010001026D9
:20C800000C0002961081838F23104300FFFF43302016027C2A004058211064000C0002A62B
:20C8200010001026F1FF11560000028E2BF6400F0100042400A0033C087B63240800649449
:20C840004408047C080064A425284000ACF7400F0100042400A0103C287B102600A0113CA2
:20C86000787D31262BF6400F252000000000128E0800139625284000ACF7400F25200000A2
:20C880000500401210001026030060120000000009F8400200000000F2FF11160881828F91
:20C8A0009AFE4010253000000001052400A0043C51F8400F187B842495FE00104C00BF8F21
:20C8C0000C0002A62530000002000524BDEB400F25200002D3FF0010100010262481828F08
:20C8E000BDFF40100100132432000010000000000481838F0100022403006214000000007B
:20C9000002000224048182AF99EA400F252000002481828F2081838F251043000881838FA6
:20C92000251043007AFE40104C00BF8F2081828F1D00401025980000208180AF7AE7400FC1
:20C940000000000025806000258840001481928F2530400225380000252040002A8E400FAF
:20C9600025286000FC8082AF6210023CD34D42241900420210300000823106002538000074
:20C98000252020022A8E400F25280002F88082AF0C81828F1081838F231043002EFF4018F5
:20C9A000010013240C8182AF2481828F65FF401001A0023C248180AF01A0023CE48D42943E
:20C9C0003B00401025A000002C81908F7000102601A0153CD2FF0296400042302F00401009
:20C9E00025900002EAFF1196D4FF028E5400428C09F84000E0FF048E258851002BF6400F4B
:20CA00000100042427181100EAFF049624186400EAFF03A625284000ACF7400F0100042440
:20CA2000ECFF029625102202ECFF02A6D4FF028E5000428C2528200209F84000E0FF048EE5
:20CA4000160031320E002052D2FF429690FF1126D4FF428E3400428C253000002528000027
:20CA600009F84000E0FF448E1BFF4014252840001881828F01004224188182AFD2FF429645
:20CA8000002042300600405001009426D4FF428E3800428C09F84000E0FF448E010094265D
:20CAA000E48DA2962B108202CAFF40147000102625A8000001A0143C888A942600A0123CD3
:20CAC000087B5226A2F9400F2520800212FF4010258040001000428C0800428CC69C400FFF
:20CAE0000C0044941000038E0800648C140004AE0C006494F2FF84240C0064A41400038E9D
:20CB00000E006324180003AE06080324F8FE431000080324FAFE431401001624049D113C92
:20CB2000100431262000028E04AC027C200002AE0400238E25106200200002AE253000006B
:20CB400025280002E7DC400F02002496ECFE40100610D50201004230DAFF401401000224CA
:20CB60000410C20225A8A20202002496002104002530000001000524BDEB400F212044028E
:20CB8000D0FF0010000000000800E0030000000080FFBD278C00A7AF0000A28C6C00B5AF88
:20CBA0002400A2AF0800A28C0400D58C2800A2AF1000A28C6000B2AF4800A2AF0000C28C06
:20CBC0005C00B1AF1C00A2AF1C00A38F0400B28C0C00B18C8000A4AF8400A5AF2530000053
:20CBE00025380000252060002528A0027C00BFAF7800BEAF7400B7AF7000B6AF6800B4AFFB
:20CC00006400B3AFF5B9400F5800B0AF0F0040040080023C2400A28F040042300D0040145D
:20CC20002B0002242400A28F080042302000A2AF2800A28F1800A2AF2000A28F0C004010F4
:20CC40001C00A38F030000102000022426A855002D000224000022A22800A28FFFFF422436
:20CC60001800A2AF010002242000A2AF1C00A38F2600601400F0A27EF07F033C2400431492
:20CC8000F07F043C2000A28F212022028C00A28FBFFF42241A00422C1A004010029D053C7C
:20CCA000029D053CD03FA5246BFE400F00000000B4FD400F252020022400A38F2800A78FE9
:20CCC0008000A48F1000A3AF25282002D8CA400F253040007C00BF8F7800BE8F7400B78F01
:20CCE0007000B68F6C00B58F6800B48F6400B38F6000B28F5C00B18F5800B08F0800E003BF
:20CD00008000BD27E8FF0010D43FA524F07F043C010083242B184300050060502000A28FF9
:20CD20000E0044141C00A28F0C0040102000A28F212022028C00A28FBFFF42241A00422CC5
:20CD400004004050029D053C029D053CD6FF0010D83FA524D4FF0010DC3FA5241C00A38FA5
:20CD60002530000025206000253800009DB9400F2528A002049D173C049D033C30B0F38E93
:20CD800034B0F68E2C00A3AFFC004014258000007C00410F8C00A48F20F4027C97014006BD
:20CDA000670002240B00C21725A0C0030100405201001224FCFF022A100040146500142488
:20CDC0002A1012020E0040101C00AB8F0C00010666001424660002240800821601005226FB
:20CDE000040001066700022430B0F38E34B0F68E258000000100C257219050021C00AB8FBA
:20CE00002548600225B8C0023000B5AF255000003000AD8F25206001253020012538E002D4
:20CE20002528A0015400AAAF3800ABAF3D81400F4C00A9AF25204000F0C5400F25286000DE
:20CE40003000AD8F4C00A98F3800AC8F4000A2AF0080083C4400A3AF26100D014000A48FCD
:20CE60004400A58F253020012538E0021000ACAF1400A2AF187B400F5000A9AF0080083C67
:20CE80003800A2AF4C00A2AF261003013000A2AF2C00A28F5000A98F58B0468C5CB0478C13
:20CEA000252020013D81400F2528E0025400AA8F4C00AB8F01004A2525484000D4FF4A166D
:20CEC00025B86000049D023C60B0468C64B0478C252020016993400F25286000254040006A
:20CEE0003800A48F3000A28F2530800025384000252000012528600025B860009DB9400F1F
:20CF00004C00A8AFC800401C3000A28F4C00A88F3800A48F25384000253080002528E0025A
:20CF2000252000019DB9400F3000A8AF080040143000A88F4000A48FE8DE400F4400A58FBC
:20CF400001004230B9004010254000003000A88F1C00A38F253000012538E0022528A002B7
:20CF6000D984400F252060001C00A2AF3800A2AF2C00A28F2520600258B0468C5CB0478CAD
:20CF80002528C00225B860006993400F3000A3AF3800AB8F2538E00225306001252040008C
:20CFA0002528600025A84000F5B9400F3000A3AFA000401C660002243000A98F9F00821611
:20CFC000010010260100522625500002231052012000B38F3000A2AF25B000002590000037
:20CFE0003000A28F07004211255860028400A28F1000428CFBFF42242B106202930040141E
:20D000001C00A38F070040162400A28F100042300400401021582B022E00022401007326A6
:20D02000000062A1212033026500022423008216000080A003000106252800002380100007
:20D04000010005244800A28F02001224FFFF422421182202000060A00A000624D500001615
:20D0600000000000D300401E2B0003242D0006240B18C50021282202FFFFA3A08C00A38F82
:20D0800045000524BFFF6324FEFF42241A00632C0BA0A3002A98620221282202030060127B
:20D0A0000000B4A06BFE400F000000001800A28F21104202FCFF42241800A2AF2400A28F87
:20D0C0000200032403004230F9FE43141800A28FF7FE401800000000B4FD400F2520200267
:20D0E0002000A38F2A184300BC0060101800A68F2000A28F3000052461FE400F2120220223
:20D10000EBFE00102800A0AF010010262598C00325B080023000A68F3400A78F252060021B
:20D120006993400F2528C0021C00A88F2530400025386000252000012528A00225F0400066
:20D14000F5B9400F25A06000EFFF4104049D023C44B0438C40B0428C3400A3AF3000A2AF13
:20D160002C00A28F25F000005CB0438C58B0428C3C00A3AF220000103800A2AF049D023C64
:20D180005CB0438C58B0428C3400A3AFE1FF00103000A2AF130040103800A68F1100C0172F
:20D1A0001C00A38F3000A68F3400A78F2528A0026993400F252060003000A68F3400A78FA4
:20D1C000252060022528C0021C00A2AF6993400F25A8600025B060002598400001001E243F
:20D1E0003800A68F3C00A78F252060023D81400F2528C00225B0600025984000FFFF102627
:20D200001C00A38F253060022538C00225206000F5B9400F2528A002DEFF4204D4FE022A38
:20D22000DBFE0010000000002540000048FF001025B8000025A860022548C0026500823AED
:20D240002550000261FF00100A500200253820012530A002252060002528E0025000ABAF98
:20D260004C00AAAF3D81400F4400A9AF25204000F0C5400F252860002520400025286000F8
:20D280003800A3AFE8DE400F4000A2AF0A004428090003240B1844002400A28F3800A78F8E
:20D2A00010004230251043004000AD8F4400A98F4C00AA8F210040145000AB8F670002246B
:20D2C0001E00C217000000001C004105000000000100D6261C00A38F00800B3C2610770135
:20D2E0002530A0012520A002252820011000A3AF1400A2AF4000AAAF187B400F3800A9AF11
:20D300001C00A2AF2C00A28F3800A98F58B0468C5CB0478C00800B3C2520A00225282001FE
:20D320003D81400F26B863014000AA8F2548600025A840002AFF0010FFFF4A250B00401644
:20D34000212036020900410521582B021800A28FFFFF42241800A2AF2E000224010073265B
:20D36000000062A101001224212036022110330221209300020000103000052401004224EE
:20D38000FEFF4454000045A01800A28F2120D30223B05600FFFFC226010093243000632436
:20D3A00021202402000083A01800A2AFC9FF001025B000001A000602F401C000FFFF422492
:20D3C00021382202FFFF522610180000128000003000632421FF00100000E3A021182202D9
:20D3E000000064801800A38F2118620021182302000064A03AFF0010FFFF42246DFEC21315
:20D400000600122473FE001025A0C0030000A28C78FFBD272000A2AF0400A28C8000BEAFAE
:20D420002800A2AF0800A28C0400DE8C7000B4AF0000D48C2400A2AF1000A28C6400B1AF25
:20D440006000B0AF8800A4AF0C00B08C2588E0002530000025380000252080022528C003D4
:20D460008400BFAF7C00B7AF7800B6AF7400B5AF6C00B3AF6800B2AFF5B9400F4000A2AFFE
:20D480000E0040042000A28F040042300E0040142B0002242000A28F080042301800A2AF8C
:20D4A0002400A28F3800A2AF1800A28F0C0040102000022405000010000002A20080023C2C
:20D4C00026F05E002D000224000002A22400A28FFFFF42243800A2AF010002241800A2AF0F
:20D4E000BFFF232600F0C27F250080162C00A3AFF07F033C230043141800A38F1800A28F00
:20D50000029D113C212002022C00A28F1A00422C03004010D43F2526029D053CD03FA5248C
:20D520006BFE400F00000000D43F2426B4FD400F000000002000A38F2400A78F8800A48F6F
:20D540001000A3AF25280002D8CA400F253040008400BF8F8000BE8F7C00B78F7800B68F76
:20D560007400B58F7000B48F6C00B38F6800B28F6400B18F6000B08F0800E0038800BD274F
:20D580001800A38FF07F053C2C00A48F21B003020100A3242B184300050060101A00842CCF
:20D5A0000C004514300002240B00801278000324029D113C03008010DC3F2526029D053CAF
:20D5C000D83FA5246BFE400F2520C002D7FF0010DC3F2426780003240000C2A258000224E0
:20D5E0000A1064002530000025380000252080022528C0039DB9400F25A84000049D033C92
:20D6000030B0778C34B0718C030140141C00A0AF2800A28F2800A48F000042281800032426
:20D620000A188200010062240100D5A23C00A3AF5400A2AF25B0E00225A820024400B4AFC7
:20D640004800BEAF259800004400A88F4800B28F252000012530C0022538A0022528400269
:20D660003D81400F3000A8AF25204000F0C5400F25286000252040002530C0022538A00245
:20D68000252860004C00A2AF6993400F5000A3AF3000A88F25284002252000012530400082
:20D6A000D784400F253860004400A2AF25904000049D023C48B0468C4CB0478C2520C002FA
:20D6C0002528A0023000A3AF4800A3AF6993400F5800A2AF25B040002800A28F25A86000B0
:20D6E00009004104010073263000A28F2530000025380000252040029DB9400F2528400076
:20D7000006004010049D023C5400A28FCEFF62163C00A28F01005324049D023C50B0468C74
:20D7200054B0478C2520C0026993400F2528A00225B04000253040003000A28F2538600009
:20D740002520400225284000F5B9400F25A86000F00040043000A28F2530C0022538A002E0
:20D76000252040029DB9400F25284000060040144C00A48FE8DE400F5000A58F010042300B
:20D78000E500405025B000001800A28F25208002020042242530C0022538A0022528C003A1
:20D7A000D984400F1800A2AF25A060003000A2AF0400401400F0637CF07F023C50FF621019
:20D7C0001800A28F3800A28F1800A38FFEFF56244000A28FFBFF42243C00A2AF2B106200DB
:20D7E0000C014010231013004800A2AF259860002560600025F000003800A0AF259000009A
:20D800003000A38F2530E0022538200225206000252880023D81400F4C00ACAF2520400043
:20D82000F0C5400F25286000252040002528600025A86000E8DE400F4400A2AFB800401422
:20D840004C00AC8FB70040123800A38F0100DE274400A48F2530E002253820026993400F50
:20D860002528A002253860003000A38F2528800225304000D784400F252060003000A2AF66
:20D880005800A28F2520E00248B0468C4CB0478C252820026993400F25A0600025B8400043
:20D8A0004800A28FFFFF52262588600005004212256060023C00A28F2B106202D1FF4014FC
:20D8C0003000A38F3800A28F150040141C00A28FD100C01B2800A28FCF0040182000A28F4A
:20D8E00001004230CC0040142E00032421101302000043A02118D303211803023000042472
:20D90000010044A001004224FDFF621421407E0227481E000100132521B036011C00A28F4D
:20D9200021201302000080A00400410425280000231002001C00A2AF010005244000A28F9E
:20D9400001001124FFFF422421180202000060A0010007240A0006241C00A38F9C006054F2
:20D96000FFFF4224980027122B0003242D0006240B18C50021280202FFFFA3A02C00A38FF5
:20D98000500005241A00662CFEFF4224700003240B18A600212802022A1062020300401061
:20D9A0000000A3A06BFE400F000000002000A28F020003240300423010004314FFFFCA2628
:20D9C00021885101FEFF3226D8FE401A25200002B4FD400F252000021800A38F2A1843006A
:20D9E00085006010253040021800A28F3000052461FE400F212002022400A0AFCBFE0010BA
:20DA0000252000021C00A28F25B86002010042241C00A2AF258840022530E00225382002BA
:20DA20002520E002D984400F252820022530400025386000252080022528C0032590600066
:20DA4000F5B9400F25984000EEFF4104049D023C38B0528C3CB0538C049D023C44B0438C88
:20DA600040B0428C3400A3AF3000A2AF2530E0022538200225208002F5B9400F2528C00357
:20DA8000E3FE410425304002253860022520E0026993400F2528200225204000253000004F
:20DAA000253800009DB9400F252860000E0040143000A68F3400A78F2520E0026993400F14
:20DAC000252820023000A68F3400A78F252080022528C003258860006993400F25B84000BC
:20DAE00025A0400025F060002520E00225282002253040026993400F2538600225B8400058
:20DB00001C00A28F25886000FFFF4224D7FF00101C00A2AF25B000001BFF001025A8000028
:20DB20003800A38F0A00601421201E020800401221600C022E000324000083A10100032412
:20DB400001007326FFFFD6263800A3AF21201E0221181302212093000200001030000524B9
:20DB600001006324FEFF6454000065A00A0043280200601057004424300044242C00A28FC8
:20DB80001A00422C08004010200082349FFF42241A00422C0500401021107E028300410F6A
:20DBA000000000002520400021107E022348DE020100532421100202000044A0FFFF3625FA
:20DBC00023FF001025F000001C00A38FFFFF42241A006600F401C00021480202FFFF312655
:20DBE0001018000030006324000023A11218000059FF00101C00A3AF211802020000648061
:20DC00002118220221180302FEFF64A072FF0010FFFF42241800B38F2000A28F1000423056
:20DC20003EFF4010211013022E000324000043A03AFF001001007326A8FFBD275400BFAFA9
:20DC40005000BEAF4C00B7AF4800B6AF4400B5AF4000B4AF3C00B3AF3800B2AF3400B1AF92
:20DC60003000B0AFC0F9400FB081848F1A00401492818487FFFF022406008250908180A709
:20DC8000F5E8400F00000000FFFF0224928182A7908180A701A0033CD08C628C0500422C23
:20DCA000EE004010D08C638C80180300029D023CC4DC4224211043000000428C08004000D3
:20DCC00000000000F4DF019D8CE0019D14E1019D6CE2019DBCE3019DFFFF0224060082144D
:20DCE00025300000C007052419C3400F01000424E8FF0010928182A7BFF5400F0000000055
:20DD0000E4FF4050908180A75FFC400F928184878D0040102598400000A0113C8878312672
:20DD2000029D1E3C029D173C029D023CF83E42241800A2AF00A0123C029D163C029D153C47
:20DD4000029D023C1C00A2AF029D023C2000A2AF029D023C2400A2AF029D023C2800A2AF83
:20DD6000029D023C2C00A2AF908182978002422C080040140100062418000624029D053C86
:20DD8000A83FA524F19A400F9281848772000010908180A71000A52784B2400F92818487A2
:20DDA000690040109081829701005024FFFF1032908190A71000B49321105100000054A0B6
:20DDC0000400022E8100401404000624EC3EC52716FB400F252020026D0040140800022E36
:20DDE0003A004014040006241800A58F16FB400F8C7844264E0040100D0002240900022E43
:20DE00003200401405000624103FC52616FB400F8C784426460040100B000224050006244F
:20DE2000043FA52616FB400F8C78442654004010050006241C00A28FA03F452416FB400F3E
:20DE40008C7844263A004010110002240A00022E1E004014070006242000A28F1C3F4524A1
:20DE600016FB400F8C784426310040100B000224060006242400A28F283F452416FB400F6D
:20DE80008C784426170040141200022E10004054FFFF73260E002292001602000F0023928E
:20DEA000001C030025104300110023922510430010002392001A03002510430014004224B9
:20DEC000FFFF42301B0040142B100202FFFF7326FFFF73321C00601290818297A4FF00107F
:20DEE0008002422C0F00022EF8FF40140B0006242800A28F303F452416FB400F8C78442674
:20DF00000B004010100002241100022EEFFF40140D0006242C00A28F3C3F452416FB400F15
:20DF20008C784426EAFF4054FFFF7326150002242B100202E6FF4054FFFF73267B6B400FA0
:20DF400000000000908180A7908182978002422C8AFF40101800062453FC400F9281848798
:20DF60004DFF401001A0033C7CFA400F9281848748FF0010908180A7EDFF00100B00022486
:20DF8000EBFF00100A000224E9FF00100B0002240B00022E0D0040140B000624E03EE52634
:20DFA00016FB400F25202002090040540A0002241200102EC6FF0056FFFF73267B6B400F96
:20DFC00000000000E0FF0010908180A70A000224BFFF8256FFFF732600A0023C8878422479
:20DFE000218002027B6B400FFFFF00A2D6FF0010908180A775D1400F00000000A4818293BB
:20E000000300401000000000AC8180A7A48180A3C0F9400FB081848F1000401001A0023C86
:20E02000128D4384FFFF02240A00621401A0023C253000002126052419C3400F01000424DE
:20E0400001A0033C128D62A4FFFF03240300431001A0023C01000324D08C43AC5400BF8FCC
:20E060005000BE8F4C00B78F4800B68F4400B58F4000B48F3C00B38F3800B28F3400B18F6E
:20E080003000B08F0800E0035800BD2775D1400F00000000A48182930300401001A0023CE9
:20E0A000AC8180A7A48180A3ADF5400F128D4484C0F9400FB081848F0800401401A0103CD7
:20E0C000D08C1126F5E8400F42002486FFFF0224420022A6E1FF0010D08C00AE01A0023C8E
:20E0E000BFF5400F128D4484DCFF401003000524D9B6400F28808427F264400F0000000089
:20E10000988182AF01A0023C02000324D3FF0010D08C43ACC0F9400FB081848F07004014D9
:20E12000020002249C8182A3A08180AF01A0023C04000324C9FF0010D08C43AC75D1400F63
:20E1400000000000A48182931A004010AC8182970400422C1500401401A0023CB88343900D
:20E16000020002241100621401A0023CB98343907F0002240D00621401A0023CBA834290EC
:20E180000A00401401A0023CBB834390060002240600621401A0023CAC8180A7A48180A30E
:20E1A00003000324ADFF0010D08C43ACAC8180A7A48180A3F264400F000000009881838FC2
:20E1C000231043000900033CC02763242B1043000400401401A0023C030003249FFF001086
:20E1E000D08C43AC01A0023C53FC400F128D448408004010010002249C8182A30100022408
:20E20000A08182AF01A0023C0400032493FF0010D08C43AC01A0023CADF5400F128D44847E
:20E2200007004010010002249C8180A3A08182AF01A0023C0400032488FF0010D08C43ACE2
:20E2400001A0023CBFF5400F128D448483FF4014010002249C8180A3A08182AF01A0023C07
:20E26000040003247DFF0010D08C43ACC0F9400FB081848F07004014020002249C8182A38B
:20E28000A08180AF01A0023C0400032473FF0010D08C43AC01A0023C5FFC400F128D448467
:20E2A0000F004010253040000102422C0100405000020624FFFFC63001A0053CB885A52460
:20E2C00001A0023C84B2400F128D4484040040102528400001A0043CD9B6400FB8858424EE
:20E2E00075D1400F00000000A48182931100401001A0023C66F9400F128D44840B0040109F
:20E30000AC818697FFFFC3302B1843000100605425304000FFFFC63001A0053CB883A52418
:20E3200001A0023CF19A400F128D4484AC8180A7A48180A301A0023C53FC400F128D44843D
:20E3400008004010010002249C8182A301000224A08182AF01A0023C040003243FFF00102B
:20E36000D08C43AC01A0023CADF5400F128D448407004010010002249C8180A3A08182AF0B
:20E3800001A0023C0400032434FF0010D08C43AC01A0023CBFF5400F128D44842FFF40141A
:20E3A000010002249C8180A3A08182AF01A0023C0400032429FF0010D08C43AC9481828FF1
:20E3C0000500401400000000F264400F0000000022FF0010948182AFF264400F0000000023
:20E3E0009481838F231043000900033CC02763242B10430019FF401403000524948180AF70
:20E40000D9B6400F248084279C818293010003240E004310020003240600431401A0103CA1
:20E42000D08C1026F5E8400F42000486FFFF0224420002A6AC8180A7A48180A301A0023CC9
:20E44000A081838F05FF0010D08C43AC01A0023C7CFA400F128D4484F7FF0010AC8180A7C5
:20E4600018FEBD27E401BFAFE001B6AFDC01B5AFD801B4AFD401B3AFD001B2AFCC01B1AFF6
:20E48000C801B0AFDC80928786EF400F252040024E0040104801A5276C01A0AF7C01A0AF59
:20E4A0009001A0AFD4C8400F252040029001B38FE880918F7A65400F252060024080020018
:20E4C000218002028080100021800202C0801000218030026C01A28F280002AEDC809187D5
:20E4E0009C01A0A32C0006249C01A52779AD400F252020029C01A39302000224240062140C
:20E50000C00006242528000079AD400F25202002C00003241E004314380106241000A5274D
:20E5200079AD400F2520200225884000040042281700401404000624029D053C7C91A52455
:20E5400016FB400F1000A427110040140700312A0F0020161500A393010002240C00621480
:20E560001600A2930600032411004310060005240700432C06006010020003240C0043101C
:20E580000200052405000324090043100400052479080724029D063CA894C624029D053C08
:20E5A000583CA5248501410F252000000B0005242800078E7C01A68FBFA1400F25206002EA
:20E5C000252800000CE6400F252040025201410F000000005F004010259840002590000022
:20E5E000029D153CE896B526029D163C029D143CD0E694268FFC400F25204002520040107F
:20E600002588400042004294400042304E004010E880908F7A65400F25202002401802002F
:20E62000211862008018030021106200C0100200218002026000039201006230430040503F
:20E64000010052265E000296FEFF4224FFFF42300700422C14004010200063301300605029
:20E660005E0002962000028E100040505E0002968B01410F000000002000038E231043005B
:20E68000580003962B1043000700401401000624010005246EE5400F25202002600002925E
:20E6A0004429027C600002A25E0002960E00422C53014010B90507245E00029680100200E4
:20E6C000211082020000428C080040000000000048E7019D08E7019D84E7019DE8E7019D9F
:20E6E00070E8019DD0E8019D30E9019D8CE9019DBCE9019DD0E9019DF8E9019D84EA019DDF
:20E70000ECEA019D78EB019DFDFD400F252020020D004010020004245C00039604006410E0
:20E7200004000224030063380A0002240B1083005E0002A65000048E04008050010052260E
:20E74000E5D6400F0100052401005226A9FF72160000000057F7400FDC808487E401BF8FA5
:20E76000E001B68FDC01B58FD801B48FD401B38FD001B28FCC01B18FC801B08F0800E0030D
:20E78000E801BD272528000046C7400F25200002640000A2600002924408027C8410027CE6
:20E7A000600002A2300000AE0300072401000624252820024294400F25200002E2FF401012
:20E7C000253800002530000001000524BFA1400F25202002A3EB400F2520000203000224FA
:20E7E000D9FF00105E0002A625282002A1BC400F252000020A00032413004314000000002E
:20E8000073F6400F000000000400038E231043000000038E2B104300CBFF401401000624DD
:20E8200002000524CDDF400F25200002253800002530000007000524BFA1400F2520200273
:20E84000C2FF001001005226BFFF40100100042460000392C418837C600003A20200032439
:20E86000B9FF431404000224B7FF00105E0002A65C000296020042380300032401000724CD
:20E880000B38620003000624252820024294400F25200002ADFF4010010052268B01410F7A
:20E8A00000000000080002AE253800002530000003000524BFA1400F25202002A3EB400FCF
:20E8C0002520000205000224A0FF00105E0002A625282002A1BC400F252000020A0003247E
:20E8E0009AFF43540100522673F6400F000000000400038E231043000000038E2B1043009D
:20E9000091FF40140100062402000524CDDF400F2520000225380000253000000700052499
:20E92000BFA1400F2520200288FF0010010052263400028E1000A2AF253000001000A5275B
:20E9400003C7400F25202002B30040141000A5278D01410F000000000400038E231043006B
:20E960005A0003962B10430077FF4014252820026EB5400F252000021000A527CCD5400F68
:20E980002520200271FF0010010052268B01410F000000000400038E231043000A00422CB8
:20E9A00069FF40142530000002000524CDDF400F2520000265FF001001005226252820027D
:20E9C0006EB5400F2520000260FF0010010052268B01410F000000000800038E23104300AB
:20E9E0001000038E2B10430057FF40140A00022455FF00105E0002A6253800000900062424
:20EA0000252820024294400F252000024FFF4010010052268B01410F000000000C0002AE6C
:20EA2000253800002530000009000524BFA1400F25202002600002928410027C600002A2D2
:20EA40001400028E0800038E211043001000038E231043000C00038E23104300421802007F
:20EA60007800422C3C0004240B1882008B01410F1C0003AE040002AE0B00022433FF0010D7
:20EA80005E0002A625282002A1BC400F252000020A0003242DFF4354010052268B01410FC5
:20EAA000000000000800038E231043001400038E2B104300030040140C00022422FF00106A
:20EAC0005E0002A68B01410F000000000400038E231043001C00038E2B1043001AFF4014B1
:20EAE0000A00022418FF00105E0002A60100072409000624252820024294400F252000027F
:20EB000012FF4010010052268B01410F000000000C0002AE25380000253000000A0005249E
:20EB2000BFA1400F25202002600002928410027C600002A21800038E0800028E21186200D9
:20EB40001400028E231862000C00028E23186200421003007800632C3C0004240B108300DD
:20EB60008B01410F1C0002AE040002AE0D000224F6FE00105E0002A625282002A1BC400FE1
:20EB8000252000020A000324F0FE4354010052268B01410F000000000800038E2310430014
:20EBA0001800038E2B1043000B0040142530000002000524CDDF400F2520000225380000B0
:20EBC0002530000007000524BFA1400F25202002DEFE0010010052268B01410F0000000059
:20EBE0000400038E231043001C00038E2B104300D5FE40140C000224D3FE00105E0002A69F
:20EC00002530A002583CC5268501410F25200000CEFE001001005226CCD5400F25202002B7
:20EC20000300072404000624252820024294400F25200002070002248B01410F5E0002A68E
:20EC4000040002AE253800002530000005000524BFA1400F25202002BCFE001001005226C7
:20EC600070FFBD27A000A28F4800A4AF4000A2AFA400A28F5000A6AF5400A7AF253080004B
:20EC80002538A0003000A4274400A2AF8C00BFAF4C00A5AF7400B3AF6C00B1AF8800BEAFB6
:20ECA0008400B7AF8000B6AF7C00B5AF7800B4AF7000B2AFAFDD400F6800B0AF5000A68FD2
:20ECC0005400A78F2000A427AFDD400F3800B38F4000A68F4400A78F1000A427AFDD400FC5
:20ECE0002800B18FCB03622A03004010CB03222A0E0040141800AA8F5000A68F5400A78F23
:20ED00004800A48F6993400F4C00A58F4000A48F4400A58F25304000D984400F25386000C4
:20ED20004000A2AF060000104400A3AFCB03422911004014CB030224F0FF42155000A68F39
:20ED40008C00BF8F4000A28F4400A38F8800BE8F8400B78F8000B68F7C00B58F7800B48F13
:20ED60007400B38F7000B28F6C00B18F6800B08F0800E0039000BD273000A28F2000A48FC6
:20ED80002400A68F190044003400A78F10680000126000001900460021883302121000000A
:20EDA000101800001900E4002398510112200000102800001900E600217844002BF0E201DD
:20EDC000122000002110650021F0C2032180ED0121F09E00102800002B380D022B10C403AB
:20EDE0002138C703211045002BF0FE001000B78F1400B48F257080012590E0007700601A18
:20EE000021F0C2034000622A490040102520E00225288002253060020BFA400F6400ACAFF7
:20EE2000400006242520E002252880022330D3006000A2AFFCF9400F5800A3AF5800B88F0E
:20EE40006000AA8F6400AE8F25B8400025A060002C00A28F3C00B38F269862021C00A28FEC
:20EE6000810053142178100321704E012B58CA0121B06F012B10D80225A8C0010600401492
:20EE800001001924030016172B50CA01030040152168F20225C800002168F2022B48B70154
:20EEA00021189E0221682D03214823012BC8B90121C829032520A001252820034400ADAF7B
:20EEC00020EB400F4000B9AFFFFF5224400006242330D2002520A002FCF9400F2528C002F3
:20EEE0004400AD8F4000B98F2520A0012528200325304002258040000BFA400F25A06000BF
:20EF0000253040022520A0022528C002258002020BFA400F25A08302251843002B18030057
:20EF200040003126258003028800001025B08002C0FF7326C0FF512525C00000C4FF6012FA
:20EF4000255000004000622A3A00401040000B2423B0730125208001252800022530C00204
:20EF60006400B8AF6000AAAF5C00ADAF0BFA400F5800ACAF5800AC8F25704300252080011D
:20EF80002528000225306002FCF9400F2BA80E00252040022528C0032530C0022580600093
:20EFA0000BFA400F25A8A2022570A202252040022528C003253060025800AEAFFCF9400F0C
:20EFC0002580030225F060005800AE8F25904000255000009EFF001025C000001A002A122B
:20EFE00023A82A024000A22A1C004010400006242520E002252880022330D5000BFA400FC6
:20F000005800ACAF251043002520E002252880022530A002FCF9400F2B98020025C060008A
:20F020005800AE8F2550620225B8000088FF001025A0000001000E2425800000259000009C
:20F0400083FF001025F000002550E00225C0800225B800007EFF001025A0000001000A24ED
:20F06000FBFF001025C000002360CA012B18CC012358180223B063012B28160225A88001BE
:20F08000010004240600A014251000000400D0562520000003006014231857022520000099
:20F0A000231857022B28430223C8D40323C82503236864002B186D0023C8220323C823038F
:20F0C0001300210723704E012B504E0123C010032338F20223B00A032B48E70223189E02ED
:20F0E0002568D6012120E400231869002B680D002B3887002118620023688D002138E3006A
:20F100002B208D0025A8C00123C8E4000100732E2510B90167FF40142510B602F6FE40103E
:20F120002520A00220EB400F2528C002FFFF522433004106C01716004280150025805000D8
:20F140000100AC3225800C0242B0160025200002050060122528C0022B101000232816009C
:20F16000232010002328A200BFA3400F2388320225B84000C4FB222A6700401025906000CB
:20F18000C3FB0224730022168025100023006016049D023C68B0548C6CB0558C2530E00287
:20F1A00025384002252080029DB9400F2528A0021E004014049D023C78B0468C7CB0478C0B
:20F1C0002520E0026993400F2528400225286000BFC6400F25204000FCD8400F2520400080
:20F1E000049D043C80B0868C84B0878C252860006993400F25204000CAFE00104000A2AFBF
:20F20000253040022520A0020BFA400F2528C00225A0600044FF001025804000049D023CD1
:20F2200070B0548CDDFF001074B0558C4015100039004010C0171600422010002520440007
:20F2400042B01600010010320040053C25209000050060122528B6002B1004002328050004
:20F260002328A20023200400BFA3400F00000000253040002538600025204000D984400F26
:20F280002528600025204000253080022538A002D784400F2528600025904000049D023C3B
:20F2A00080B0468C84B0478C25204002252860006993400F2580600025304000253860006F
:20F2C000252040006993400F252860002530400225380002252040022528000225986000C8
:20F2E000D784400F25A040002530400025386000252080026993400F2528600225204000C7
:20F300002530400225380002D984400F252860002590600025B840008C00BF8F8800BE8FBD
:20F320008000B68F7C00B58F7800B48F7400B38F6800B08F253020022520E0026C00B18FE6
:20F340008400B78F252840027000B28FF1CD400B9000BD2780151600828210002580500072
:20F360002B2004002528C002252090000448057C8285100025280502050060128022040005
:20F380002B100400232805002328A20023200400BFA3400F00000000DEFF001025906000F7
:20F3A00030FDBD27CC02BFAFC802BEAFC402B7AFC002B6AFBC02B5AFB802B4AFB402B3AF1F
:20F3C000B002B2AFAC02B1AFA802B0AF25A88000000206242800A52779AD400F24008484F5
:20F3E0002800A3272000A3AF1C00A3AF211062009802A2AF2400A2AF1000A0AF1400A0AF86
:20F400001800A0AF0C0006241000A5277ED9400F1C00A4276000401025A04000C69C400F80
:20F420001000A4971000A2A7C69C400F1200A4971200A2A7C69C400F1A00A4971A00A2A766
:20F44000C69C400F1600A4971600A2A7C69C400F1800A4971800A2A7C69C400F1400A497E6
:20F460001400A2A71200A29303004230480040142580000025B00000049D023C9402A2AF97
:20F48000029D023C8C02A2AF049D023CE8034224A002A2AF030002241000C2121A00A2972D
:20F4A000020002240D00C2121800A2970A00C012010002240F00C2127B070724A002A68F88
:20F4C0008C02A28F883C45248501410F2520000004000010000000001400A2970700405429
:20F4E0009C02A2AF2A00C0120100D6261701001004000224F9FF00101600A2979002A0AF9A
:20F500002802A0A31C00BE272802B12725B800008602A0A3010006248602A5277ED9400FAE
:20F520002520C0031A0040108602B293DC004012C0004232C000032424004314010006249D
:20F540007C02A0A37C02A5277ED9400F2520C0030F00401000321200003FC6307C02A29367
:20F560002130C2002800A2277002A2AF6C02A2AF9802A28F7402A2AFFFFFC6302528000032
:20F580007ED9400F6C02A427E1FF40146C02BE270100943AFF00943225108002CC02BF8F9E
:20F5A000C802BE8FC402B78FC002B68FBC02B58FB802B48FB402B38FB002B28FAC02B18F49
:20F5C000A802B08F0800E003D002BD27330020128802B2AF6802B327239871022A10720231
:20F5E0002B00401023105302190060128802A2AF27201300CF0807249402A28F48044624C9
:20F600008C02A28F883C45248501410FC227040025306002252820027ED9400F2520C00367
:20F62000DBFF4010218833026802A2272B102202040040102E000224000022A20100F726A6
:20F64000010031268802A28F0F00401021105300DE0807249402A28F480446248C02A28F67
:20F66000883C45248501410F010004248802A68F252800007ED9400F2520C003C4FF401091
:20F680008802A28F21105300A1FF001021B8E20225984002D6FF00108802A0AFECFF001006
:20F6A00025980000870000102802B1277C02A0AF8002A0AF8402A0A70A0006247C02A5270B
:20F6C0007ED9400F1C00A427B2FF40500100943AC69C400F7E02A497259840007E02A2A75B
:20F6E000C69C400F8402A497259040008402A2A7C39C400F8002A48F258840008002A2AFB1
:20F70000C69C400F7C02A497390000167C02A2A725304002252800007ED9400F1C00A427F8
:20F720009BFF40109002A28F8200001001004224F7FF431410000224F6FF421625304002BC
:20F740002A00029202004230F3FF401025280000270002922200A3962B104300ECFF401019
:20F76000100006246C02A0AF7002A0AF7402A0AF7802A0AF6C02A5277ED9400F1C00A4277C
:20F7800083FF40106C02A68F270003921400028E00190300211043007002A58F7402A48FB5
:20F7A0007802A38F030046A8000046B8070045A8040045B80B0044A8080044B80F0043A8C4
:20F7C0000C0043B81800028E2B18220204006054180011AE0300405427000292180011AE5B
:20F7E000270002920100422450000010270002A201000324C7FF631625304002CCFF43149C
:20F800001C00032404000224C3FF421625280000260002922000A3962B104300BCFF401078
:20F82000040006246C02A0AF6C02A5277ED9400F1C00A42757FF40500100943A26000392A6
:20F840001000028E80180300211043006C02A38F000043AC1800028E2B18220204006054A3
:20F86000180011AE0300405426000292180011AE26000292010042242C000010260002A262
:20F880002300001200000000000002968000423040FF40540100943A1D00001000000000DA
:20F8A000090020122802A2277EFF22122E000224FFFF238204006254000020A2FFFF3126A1
:20F8C000FFFFF726000020A231FFE01A1000B1972802A527BECF400F0000A48EE8FF40108E
:20F8E0000000000024004394E5FF711400000000000043948000633026FF60540100943A12
:20F90000030000522580400021FF02162580400066FFC01604000624252800007ED9400F34
:20F920001C00A4271BFF40500100943A9002A28F010042249002A2AF9C02A38FF1FE6254E5
:20F940002802A0A30100D62604000224D2FEC216030002240EFF00120100033C2400028E2F
:20F960002B1043000BFF40540100943A000002960442027C80004234000002A626000292E8
:20F980002B1002002A0002A22700039202006010020042342A0002A21800028E02004014EA
:20F9A000B0040224180002AE1C00A28E080002AE0C0002AE2600A496FFFF84242026047C19
:20F9C0002600A4A6272004004B010724029D063C8894C624029D053C883CA5248501410FCB
:20F9E000C2270400EAFE001025A0000018FFBD27DC00B5AFD800B4AFD400B3AFD000B2AF80
:20FA0000E400BFAFE000B6AFCC00B1AFC800B0AF259880002590C000B800A5AF25A0000079
:20FA2000029D153CB800A58F0000A280C9004010FFFF02249C00A2AF1800A227A400A2AFC8
:20FA4000800002249800A0AFA000A0AFA800A2AF25800000250003242188B0000000228243
:20FA60000300401000000000FBFF435401001026040000122530000271EE400F25206002A9
:20FA8000B800B1AFB800A58F250002240000A380A90062140100B624B800B6AF0200A52412
:20FAA00025180000300007242D0008242B0009242C000A2420000B2423000624FFFFA280E7
:20FAC0002A0047509800A38F31004C283D018011FFFFA424200048509800A38F2E004C283D
:20FAE0003801801100000000220049509800A38F34014A100000000020004B509800A38FA3
:20FB0000200046509800A38F01006054B800A4AF2A0003241D0043500000428EA7E6400FF8
:20FB200000000000B800A38FA000A2AF252800002520600000008280D0FF42240A00422C49
:20FB40005F004014010063241C00A054B800A4AF1B0000109800A28F010063349800A3AFD9
:20FB60000100A524D5FF001001000324FBFF001002006334F9FF001004006334F7FF001063
:20FB800008006334F5FF00101000633401008424040043240000428C000043AEB800A4AF3D
:20FBA0009800A38F05004104A000A2AF01006338231002009800A3AFA000A2AF9800A28FCB
:20FBC00001004330020060104408027C9800A2AFB800A28F2E000324000044800D008314E6
:20FBE000010051249C00A0AF010044802A00032435008314B800B1AF02004224B800A2AF39
:20FC00000000428E040043240000428C000043AE9C00A2AF9DF1400FB800A427B800B18FA5
:20FC2000C000A2AF7C00410F0000248225000324CF004310C000A58F9FFF42241800432C54
:20FC4000D6006010029D033C8010020060FC6324211062000000428C080040000000000062
:20FC600008FD019D9CFF019D08FF019D80FD019DD4FE019DD4FE019DD4FE019D9CFF019D5F
:20FC800080FD019D9CFF019D9CFF019D9CFF019D9CFF019DB8FE019DE8FD019D54FE019D9E
:20FCA0009CFF019D9CFF019D48FF019D9CFF019DB4FD019D9CFF019D9CFF019D1CFE019D3B
:20FCC0009BFF001001000524A7E6400F252020029C00A2AF2520000025182002000062809A
:20FCE000D0FF42240A00422C0500401401003126C8FF8054B800A3AFC6FF0010000000002C
:20FD0000F5FF0010010004242530400287F1400FB000A4276C00401001002226000027822F
:20FD2000B000A6279800A527252060020375400FB800A2AF21800202218090022AA01402B3
:20FD40009E00801200A0023C4F000324847043ACFFFF1424E400BF8F25108002E000B68FF8
:20FD6000DC00B58FD800B48FD400B38FD000B28FCC00B18FC800B08F0800E003E800BD2757
:20FD8000253840020100062401B1400FB000A4274D004010B000A627010031269800A52747
:20FDA00025206002F9BA400FB800B1AFE2FF001021800202253840022530000001B1400FF7
:20FDC000B000A42740004010B000A627010031269800A5272520600288D6400FB800B1AF73
:20FDE000D5FF001021800202253840022530000001B1400FB000A42733004010B000A6270A
:20FE0000010031269800A52725206002C4CC400FB800B1AFC8FF001021800202253840026D
:20FE20002530000001B1400FB000A427260040100100222600002782B800A2AFB000A62703
:20FE40009800A52740A2400F25206002BAFF0010218002022538400225300000F0000524EB
:20FE600001B1400FB000A42717004010B000A28FB400A38F01003126251043000C004014A8
:20FE8000B800B1AFB4FD400FC43FA4269800A38FA000A78F1000A3AF25304000C43FA52618
:20FEA000D8CA400F25206002A3FF001021800202E2FF00107800072425384002213090023D
:20FEC00064C3400FB000A427010031269AFF0010B800B1AF2530400287F1400FB000A4273F
:20FEE000F9FF40100100222600002782B000A6279800A52725206002E472400FB800A2AF92
:20FF00008DFF00102180020280000224EEFFA214010007240000428E010031260400432498
:20FF20000000428CB800B1AF000043AEB000A2A3B000A6279800A527F6DB400F252060024D
:20FF40007DFF00102180020280000224DEFFA214253800000000428E010031260400432447
:20FF6000000043AE0000468CF2FF0010B800B1AF80000224D4FFA2149800A28F0100312655
:20FF8000A000A78FB800B1AF1000A2AF029D053C01000624C2FF0010CC3FA524FFFF02243E
:20FFA000B800B6AF9800A0AFA000A0AF9C00A2AF1000A0AFF5FF00102538000099FE0010FA
:20FFC00025A00002D5FE6054B800A4AFD3FE0010000000002C0000A02800000000000000F3
:20FFE000B40100A020010000010000009CC0039D000000000000000000000000000000008E
:020000041D02DB
:200000000000000000000000000000000000000000000000000000000000000000000000E0
:200020000000000000000000000000000000000000000000000000000000000000000000C0
:200040000000000000000000000000000000000000000000000000000000000000000000A0
:20006000000000000000000000000000000000000000000000000000000000000000000080
:20008000000000000000000000000000000000000000000000000000000000000000000060
:2000A000000000000000000000000000000000000000000000000000000000000000000040
:2000C000000000000000000000000000000000000000000000000000000000000000000020
:2000E000000000000000000000000000000000000000000000000000000000000000000000
:20010000000000000000000000000000540000A004000000000000000C8B00A07000000040
:2001200000000000580000A00800000000000000600000A00400000000000000D48900A0BE
:20014000A800000000000000640000A036000000000000009C0000A0100000000000000071
:20016000100000A00600000001000000FFFFFFFFFFFF0000408C00A04C0000000000000016
:20018000AC0000A00C00000000000000FC8D00A01400000000000000B80000A00C00000066
:2001A00000000000C08E00A00C00000000000000108E00A01400000000000000C40000A08F
:2001C0000A00000000000000248E00A01400000000000000D00000A00E0000000000000031
:2001E000E00000A01400000000000000588D00A02800000000000000D40200A02800000020
:2002000001000000BB010300D10101004B020100330203007C020300DD030300DE0303007D
:20022000E0030300E1030100B3220100F40000A00200000000000000F80000A008000000E7
:2002400000000000388E00A01400000000000000000100A008000000000000007C8A00A0D5
:200260009000000000000000087B00A07002000000000000080100A01000000000000000A0
:20028000180000A00400000001000000FFFFFFFFCC8D00A03000000000000000180100A0C3
:2002A0001C00000000000000B88700A06801000000000000787D00A0400200000000000003
:2002C000340100A00800000000000000808D00A02800000000000000B87F00A00004000091
:2002E000000000008C8C00A044000000000000001C0000A002000000010000000100000042
:20030000208900A0B400000000000000188D00A040000000000000003C0100A00800000076
:2003200000000000FC0200A024000000010000000100000001000000000000001C76039DC6
:2003400064B9039D52990000F4010000D007000001000000B08E00A010000000000000003A
:20036000440100A00C00000000000000240300A0606D000000000000887000A00008000058
:2003800000000000500100A00400000000000000200000A0040000000100000001000000A2
:2003A000540100A02C000000000000004C8E00A01400000000000000800100A00400000069
:2003C00000000000608E00A02800000000000000840100A00800000000000000888E00A084
:2003E00028000000000000007C8B00A064000000000000008C0100A0040000000000000099
:20040000E08B00A06000000000000000D08C00A04400000000000000900100A002000000FE
:2004200000000000887800A08002000000000000920100A00B00000000000000A00100A01B
:200440000400000000000000240000A00300000001000000027F0200280000A00300000082
:2004600001000000027F0000A40100A00100000000000000A80100A0060000000000000065
:20048000B88300A00002000000000000B00100A00400000000000000B88500A0000200004B
:2004A00000000000847000A00400000000000000148D00A00400000000000000200300A09C
:2004C000040000000100000001000000CC8E00A00400000000000000A88D00A0240000001F
:2004E00000000000000000006666666666666666666666664050050042550A00C04A0500EF
:20050000427D040025482F01C042040000800E3C25482E0140680700426D0D00C06207007B
:20052000427D060025608F01C05A060025608E012628A7002428AE00FFFF4F25FE07E12D39
:20054000D600201000000000FFFFAF25FE07E12D030120100000000023504D01FF034A254A
:2005600042400800C07F090025400F0142480900023C0C00F401E0001B00270112700000BD
:2005800010480000FFFF86311900CE0012200000004C0900027C080025482F012B782401F5
:2005A000234824010600E01100000000FFFFCE2521482C012B082C01FCFF201000000000A2
:2005C000F401E0001B00270112380000104800001900C70012200000004C0900FFFF0F31BC
:2005E00025482F012B782401234824010600E01100000000FFFFE72421482C012B082C0110
:20060000FCFF20100000000000740E002170C7011900CB0112380000102000000000082449
:200620002B780701234007012B102F0123482F012B7824012578E201234824010B00E011CA
:2006400000000000FFFFCE2521400B012B780B0121482C0121482F0102002C11000000001F
:200660002B782C01F7FFE0110000000007002C150000000025200B002548080000000D2485
:2006800025380D002C00001000000000023C0C00F401E0001B002701126800001048000080
:2006A000FFFF86311900CD0012200000004C0900027C080025482F012B782401234824019D
:2006C0000600E01100000000FFFFAD2521482C012B082C01FCFF201000000000F401E0005D
:2006E0001B00270112380000104800001900C70012200000004C0900FFFF0F3125482F01D3
:200700002B782401234824010600E01100000000FFFFE72421482C012B082C01FCFF201060
:2007200000000000006C0D002168A7011900AB011238000010200000000008242B780701F9
:20074000234007012B102F0123482F012B7824012578E201234824010B00E0110000000054
:20076000FFFFAD2521400B012B780B0121482C0121482F0102002C11000000002B782C014F
:20078000F7FFE011000000000600C005000000002A78A0012168AD012170CE012170CF016C
:2007A000FFFF4A25257828010200E011000000000100AD3525480E0025400D00FFFF4F25D1
:2007C000FE07E12D15002010000000000004082500040F2D21482F012B782F0121504F0123
:2007E000C27A08000100EF3123400F01C2220800407D090025208F0040780900027B0F004E
:200800002528AF00007D0A002528AF0025100400251805000800E003000000004B00401D4B
:200820000000000001000E242370CA012000C12D0900201400000000E0FFCE212B200800BB
:20084000254024010F0009100000000000000934F6FF0010000000000A00C01100000000C9
:2008600022300E000420C8000430C9000640C8010648C9012540C800020080100000000049
:20088000020008350004082500040F2D21482F01C2570900D2FF0010000000002A78000169
:2008A000214008012148290121482F011900401500000000257828011600E0110000000067
:2008C0000900201500000000040000150000000000000A241CFF00100000000025480001FA
:2008E00000000824E0FF4A2520702E7116FFC0110000000023504E0122300E000630C80049
:200900000440C8010448C901254826010EFF00100000000005004D150000000040780C00D8
:200920002578EB012F00E01100000000FF0701240B00A11100000000B4FF40110000000022
:20094000257828012700E01500000000F07F013C2528A10000000424ACFF00100000000038
:200960002A78600121586B0121608C0121608F011900A0150000000025788B01F3FFE01196
:20098000000000000900801500000000040060150000000000000D24EFFE00100000000012
:2009A0002560600100000B24E0FFAD2520708E71E9FEC011000000002368AE0122300E0090
:2009C0000630CB000458CB010460CC0125608601E1FE00100000000025788B010200E011A6
:2009E00000000000F8FF053C0000042487FF00100000000000000000C0FFBD273C00BFAFB4
:200A00003800BEAF3400B7AF3000B6AF2C00B5AF2800B4AF2400B3AF2000B2AF1C00B1AF64
:200A20001800B0AF2598A0003000E530300003245100A310251000002590C0003BFD400F11
:200A40002588E000258040004B0000122510000025A840020001522E010040560001152431
:200A6000FFFFB5320400028E0000038E23104300FFFF4224FFFF42301800038E1400048ED3
:200A800023186400100024324F008014FFFF723025A060020001732E010060560001142415
:200AA000200024324A008014FFFF9432FFFF633021186200212095022A1883000E006010D7
:200AC000231844022118430003002532090004240620A4000100843033008010FFFF6330BB
:200AE000010063244218030021A07400FFFF943221187500FFFF75302B18A20236006054F6
:200B0000231055002310A202FFFF42302000422C330040148080848F0400828C09F840008B
:200B20000100A52625B040001300C012251000002B1092022C0040542390540223909202DB
:200B4000FFFF52322000522E290040168080848F0400828C09F84000010085262500401469
:200B600025B840008080848F0C00828C09F840002528C002251000003C00BF8F3800BE8F97
:200B80003400B78F3000B68F2C00B58F2800B48F2400B38F2000B28F1C00B18F1800B08F11
:200BA0000800E0034000BD27020004240400A4542118740021187500CFFF0010FFFF753024
:200BC000CDFF0010FFFF7430CBFF001025A04002CCFF001025A84000CCFF0010FFFF423083
:200BE000D3FF001025B00000D6FF0010FFFF523225B80000A100C01208002232A6004050F5
:200C00001000A0AF0800128E0C00058E2B1045024C0040102B10B20004001E8E23F0C50398
:200C2000FFFFDE330000138E23905302FFFF52322110D2039F0040102A10A20286004014CD
:200C40008080848F0300C0132530C003A9FD400F2520C002040040122530400225286002FB
:200C6000A9FD400F2120DE021000028E0C00038E23204300FFFF84302B1043000700401014
:200C80001000A4AF0400028E0000038E2310430021108200FFFF42301000A2AF3100E016AB
:200CA00025980000258800008080848F0C00828C09F840000000058E000016AE0100B52629
:200CC00021A8D502040015AE0C0016AE2190D2032190D202080012AE1000A28F21B0C20234
:200CE000100016AED7F2400F252000020B00E0128080848F0C00828C09F840001400058EAF
:200D0000140017AE21A0F402180014AE200017AE219871022198F3021C0013AE70000492C7
:200D20000300032494FF8314010002240100062410000524466E400F252000028EFF0010ED
:200D400001000224570040102598A00023904502FFFF5232B6FF001025F000001000A0AFB3
:200D600025F000000400313236002012FFFF02245800038E0C0062101C00118E640002964D
:200D800021104300218822021800028E2B185100060060502000058E1400038E2310430052
:200DA00027100200218822022000058E2B10B100180040102598000023882502FFFF313236
:200DC0001400A5AF211071020C0040102A108202210040148080848F030060122530600239
:200DE000A9FD400F2520E00204002012253020021400A58FA9FD400F2120F302ABFFC056F7
:200E00008080848F5CFFE01201000224B9FF00108080848F2B1025020D00405025880000C4
:200E20001800138E0100732623986502FFFF73321400028E1400A2AF23882202E1FF0010D2
:200E4000FFFF313225880000ECFF001025980000EAFF0010259800000C00828C09F84000BB
:200E60002528E0028080848F0C00828C09F840002528C00240FF001025100000B7FFE01696
:200E8000259000001000A0AF25F0000025880000DAFF001025980000259000007FFF001093
:200EA00025F000001000A0AF259000007BFF001025F0000079FF00101000A0AFA0FFBD2700
:200EC0005C00BFAF5800B3AF5400B2AF5000B1AF4C00B0AFA300023C000442242000A2AFC2
:200EE0002400A0A72800A0AF2C00A0A74010022408008214FFFF112400A0023CC8014290DD
:200F0000010043300B0060100200423000A0113CB4013126251020025C00BF8F5800B38FDA
:200F20005400B28F5000B18F4C00B08F0800E0036000BD27F7FF4014FFFF11240400B08C15
:200F40000C00028EF4FF4010251020020800B28CF2FF40125C00BF8F1800428EEFFF401002
:200F6000251020021C00428EEAFF40101C0106242528000000A0043C61FE400FB801842472
:200F800000A0023CB4014224FFFF03240C0043AC080043AC3C000324940043AC0C00038EBE
:200FA000540043AC0400038E580043AC0800038E5C0043AC340003961A0043A43600039691
:200FC0001C0043A41000038E600043AC1400038E640043AC1800038E680043AC2800038E6D
:200FE0006C0043AC2C00038E700043AC1C00038E740043AC3A00049601008530FFFF0324BB
:20100000FCFF02240B18450000A0023CB4014224200043AC180044A40000438E04004A8E92
:201020000800498E0C00488E1000478E1400468E1800458E1C00448E240043AC28004AAC18
:201040002C0049AC300048AC340047AC380046AC3C0045ACFFFF63300400632C0400601035
:20106000400044AC00A0023C04000324D80143A400A0023CDA0142948000442C0300801461
:20108000800003240F004224F0FF433000A0113CB4013126260023A688BF123C009052363D
:2010A000440032AE03F1400F3C00042417CB400F2520200225FE400F9400248E00060524E6
:2010C000F665400F252040023C00328E0000428E4000258E09F8400025200000FFFF032475
:2010E0009900431000A0033CBC0162AC1400428E0300052409F8400025200000252040003F
:20110000FFFF02249000821000A0063C0C0024AE4000238E080065943000A5AF3400228E6F
:201120003400A2AF0C00628C3800A2AF0F0002243C00A2AF1400628C4000A2AF2C00428E56
:201140002C02C62409F840003000A527FFC0053488BF043C9A00410F00908434049D023CAA
:201160008CFB42242528000025180000010007240800062404206700570084300300801071
:20118000010063240000448C2528A400F9FF66140400422488BF113C9E00410F00902436BE
:2011A00030000524A200410F00902436020005246101410F00902436252800006301410F32
:2011C00000902436A600410F00902436AA00410F00902436AE00410F009024363F00028AAE
:2011E0003C00029A1800A2AF400002921C00A2A3410002921D00A2A3060006242000A52726
:2012000016FB400F1800A42709004010060006242800A52716FB400F1800A4270400401077
:201220001800A52788BF043C3EFB400F0090843400A0113CB40131261000B1AF049D073C26
:201240008CF3E724020006242400259664C5400F25202002240023963B004314049D073CC7
:2012600000A0113CB40131261000B1AF8CF3E724010006242800259664C5400F252020028E
:20128000280023963000431400A0023CDE01519407002012030006242528200200A0043C8F
:2012A00042B3400FB40184242800225600A0043C00A0023CE0015294080040120100262EB9
:2012C000403006002528400200A0043C42B3400FB40184241D00425600A0043C00A0113C06
:2012E000B40131262C80828F1000225200A0023C2000138E140040142400128E03F1400F93
:201300009400248E25FE400F9400248E980020AE9C0020AEA00020AEA40020AEA80033AE96
:20132000AC0032AE2C8091AF00A0023CB401422414004490010003240400647C140044A050
:20134000F4FE0010100043AC00A0043CCCC7400FB4018424EFFE0010FFFF11240080013C80
:201360002638E10040580500425D0B00C0520500427D040025504F01C04A04000080083C76
:20138000255048014070070042750E00C06A0700427D06002568AF01C06206002568A80182
:2013A000FFFF6F25FE07E12D9700201000000000FFFFCF25FE07E12DC900201000000000C3
:2013C0000080013C2428A10023406E01330000110000000019000019000000002000012DCD
:2013E0000900201400000000E0FF08212B300C002560A60129000D100000000000000D348E
:20140000F6FF00100000000024000011000000002220080004308C0004208D0006600C0164
:2014200006680D0125608C001C00C0100000000002008C35190000100000000025580E00BC
:20144000234008002000012D0900201400000000E0FF08212B300900254846010F000A104D
:201460000000000000000A34F6FF0010000000000A00001100000000222008000430890007
:2014800004208A000648090106500A01254889000200C01000000000020029352678A70078
:2014A0001D00E0050000000021482C012B782C0121504D0121504F0102004D1100000000E4
:2014C0002B784D013A00E0110000000001002F310200E011000000000200293542480900A9
:2014E000C07F0A0025482F0142500A000080013C2550410101006B25FF0701242C00611598
:2015000000000000F07F013C2528A1000000042439000010000000002B782C0123482C0158
:201520002B104F0123504F012B784D012578E20123504D010700E011000000000080013C76
:201540002628A1002B7809002348090023500A0023504F01090040150000000004002015A5
:201560000000000000000B240D000010000000002550200100000924E0FF6B2520404871D4
:2015800007000011000000002358680122200800062089000448090104500A0125504401E7
:2015A000257849010200E015000000000000052470006019000000000004292500042F2D89
:2015C00021504F012B784F0121586F01C27A09000100EF3123482F01C2220900407D0A00B9
:2015E00025208F0040780A00027B0F002528AF00007D0B002528AF002510040025180500CE
:201600000800E003000000002A7820012148290121504A0121504F01260060150000000071
:20162000257849011600E011000000000900401500000000040020150000000000000B24F6
:201640005BFF0010000000002550200100000924E0FF6B252040487155FF00110000000070
:201660002358680122200800062089000448090104500A01255044014DFF001000000000C2
:20168000FF0701241600C111000000002140E700257806010300E01500000000D6FFE0049A
:2016A000000000002510060025180700D4FF001000000000257849012A00E01500000000C2
:2016C000FF070124CCFFC115000000002678A7002400E00500000000F2FF001000000000EF
:2016E0002A78800121608C012168AD012168AF011900C015000000002578AC01BEFFE01163
:20170000000000000900A01500000000040080150000000000000E2429FF00100000000008
:201720002568800100000C24E0FFCE252040A87123FF0011000000002370C8012220080047
:2017400006208C0004600C0104680D012568A4011BFF0010000000002578AC01D1FFE01185
:2017600000000000F8FF053C00000424A2FF0010000000000100082423400B012000012D6E
:201780000900201400000000E0FF08212B300900254846010F000A100000000000000A3485
:2017A000F6FF0010000000000A00001100000000222008000430890004208A0006480901FC
:2017C00006500A01254889000200C010000000000200293500000B2477FF001000000000CB
:2017E00000000000A0FFBD275C00BFAF5800BEAF5400B7AF5000B6AF4C00B5AF4800B4AF0D
:201800004400B3AF4000B2AF3C00B1AF3800B0AF2590A000240095840000A294C439027C0B
:201820000000A2A42900B1901C00B48C0400858C8300A010258080000100072498BD400F5F
:2018400025304002BE004010F9FF03242900429204005114010013241C00538E26989302D6
:201860002B981300010080521C00548E1800038E010002240B0062140000000009006012F5
:201880000400312680881100218891020000228E040040101C00A2AF1C00A527CCD5400F4F
:2018A0002520800266E3400F2520A002A4004010F6FF0324253000002528000061E1400F9F
:2018C0002520A00211F8400F2520A002258840009B004010F6FF0324130060120100022442
:2018E0001800038EA3006214253000001C00478E0400E72401000524ABAE400F2520A00218
:201900008F004010F6FF03241C00468E1000C62429004292801002002130C2000100052416
:20192000CBE1400F2520A00235000524E3F5400F2520A002DAFE400F0C003026FFFF44305E
:20194000C69C400F240044A61000A2A7C69C400F000104241200A2A7C69C400F0100042460
:201960001400A2A71A00A0A71800A0A71600A0A71000A48F1400A38F1800A28F030024AA4A
:20198000000024BA070023AA040023BA0B0022AA080022BA2000578E2598E002049D023C76
:2019A000580442243000A2AF029D023C3400A2AF01007326FFFF76827700C012D4FFD626DA
:2019C000FF00D6321300C22EF9FF40100400023C0D0042240610C20201004230F4FF401070
:2019E0005808072423A07702FFFF94263000A68F3400A28F883C45248501410F0001842EE8
:201A000001001E26000014A2FF009432253080022528E002A9FD400F2520C0030400023CC1
:201A2000090042240610C202010042306B0040142180D40301009426DDFF001021B8F4023D
:201A40001C00A0AF2000A0AF2400A0AF2800A0AF040007241C00A62713D7400F0800858C58
:201A6000040007241C00A6271C00458E13D7400F252000028901410F0000000004000724D6
:201A80001C00A6272528400013D7400F252000025201410F000000000E00401025B040003A
:201AA000259800008FFC400F25206002040007241C00A6272528400013D7400F25200002C3
:201AC000050040501C00B62701007326F5FFD316000000001C00B6272C00A3272510C0021B
:201AE00025B800000000448C010080540100F72604004224FCFF43540000448C25980000BD
:201B00000000C58E0800A010FFFFE7262638F3000100E72C2530400298BD400F25200002C8
:201B20004BFF4054290042920100732604000224F3FF62160400D6261C0040AEF9FF032473
:201B4000251060005C00BF8F5800BE8F5400B78F5000B68F4C00B58F4800B48F4400B38FD1
:201B60004000B28F3C00B18F3800B08F0800E0036000BD27BE050724029D063C6897C6240A
:201B8000029D053C883CA5248501410F25200000EBFF0010F5FF032423987702FFFF7326DD
:201BA00058080724049D063C5804C624029D053C883CA5248501410F0001642E0100142660
:201BC000000013A2FF007332253060022528E002A9FD400F2520800221809302000000A232
:201BE000010000A228004292020002A2030000A201000224040002A205001026238011023B
:201C000027201000EB050724029D063C6897C624029D053C883CA5248501410FC227040058
:201C2000FFFF1032253000002528000261E1400F2520A002EB95400F2520A00226800202E8
:201C400001000324F6FF0224BDFF00100B18500000681A407CFFBD2700601B402C00B6AF95
:201C60002800B5AF8000BBAF82D21A00847A5B7F44201B7C20A81D0000A01A3C20005A2731
:201C80000000568F0400C01600000000049D1D3C2CB0BD270000BD8F0100D626000056AF7D
:201CA0000070164000609B407800BFAE7400BEAE7000B9AE6C00B8AE6800AFAE6400AEAE30
:201CC0006000ADAE5C00ACAE5800ABAE5400AAAE5000A9AE4C00A8AE4800A7AE4400A6AEB8
:201CE0004000A5AE3C00A4AE3800A3AE3400A2AE7C00B6AE1000A1AE10B000000C00B6AE47
:201D000012B000000800B6AE00A0163C2000D6260000D68EFFFFD6260400C016000000004F
:201D200000A0163C5001D6260000D5AE70F2400F0000000000A0163C2000D6260000D68EBE
:201D4000FFFFD6260400C0160000000000A0163C5001D6260000D58E0800B68E1300C002EC
:201D60000C00B68E1100C0021000A18E2C00B68E3400A28E3800A38E3C00A48E4000A58EE3
:201D80004400A68E4800A78E4C00A88E5000A98E5400AA8E5800AB8E5C00AC8E6000AD8EF7
:201DA0006400AE8E6800AF8E6C00B88E7000B98E7400BE8E7800BF8E00606041C00000002F
:201DC00000A01A3C20005A2700005B8FFFFF7B2700005BAF8000BA8E7C00BB8E20E815002E
:201DE0002800B58F8400BD2700609A4000709B40C0000000180000420000000000A0163C7E
:201E00002000D6260000D68EFFFFD6260400C0160000000000A0163C5001D6260000D58ECC
:201E20000800B68E1300C0020C00B68E1100C0021000A18E2C00B68E3400A28E3800A38EE2
:201E40003C00A48E4000A58E4400A68E4800A78E4C00A88E5000A98E5400AA8E5800AB8E86
:201E60005C00AC8E6000AD8E6400AE8E6800AF8E6C00B88E7000B98E7400BE8E7800BF8EFE
:201E800000606041C000000000A01A3C20005A2700005B8FFFFF7B2700005BAF8000BA8E8E
:201EA0007C00BB8E20E815002800B58F8400BD2700609A4000709B40C000000018000042CD
:201EC000000000007CFFBD2700601B402C00B6AF2800B5AF8000BBAF847A1B7C000C7B378E
:201EE00044201B7C20A81D00049D1D3C2CB0BD270000BD8F00A01A3C20005A27010016242A
:201F0000000056AF0070164000609B407800BFAE7400BEAE7000B9AE6C00B8AE6800AFAE88
:201F20006400AEAE6000ADAE5C00ACAE5800ABAE5400AAAE5000A9AE4C00A8AE4800A7AE2D
:201F40004400A6AE4000A5AE3C00A4AE3800A3AE3400A2AE3000B7AE7C00B6AE2400B4AEC0
:201F60002000B3AE1C00B2AE1800B1AE1400B0AE1000A1AE10B800000C00B7AE12B8000019
:201F80000800B7AE00A0173C8C01F7260000F78E0000F5AE00606041C00000000060174097
:201FA000847A177C010CF63600609640C0000000006816400442167C00689640C0000000CD
:201FC00088BF163C3410D626020014240000D4AE1CC5400F0000000000609740C000000045
:201FE00000A0103C8C0110260000108E0000158E0800B08E130000020C00B08E1100000239
:202000001000A18E1400B08E1800B18E1C00B28E2000B38E2400B48E2C00B68E3000B78ED0
:202020003400A28E3800A38E3C00A48E4000A58E4400A68E4800A78E4C00A88E5000A98EF4
:202040005400AA8E5800AB8E5C00AC8E6000AD8E6400AE8E6800AF8E6C00B88E7000B98E84
:202060007400BE8E7800BF8E00606041C000000000A01A3C20005A27000040AF20E8150077
:202080002800B58F8000BB8F7C00BA8F8400BD2700609B4000709A40C0000000180000423E
:2020A00000000000E0FFBD271C00BFAF1800B2AF1400B1AF1000B0AF2590A00046FD400F90
:2020C0002588C00025804000280000122510000000804232E50040148003437E847B127C41
:2020E0001100442E210080104018030080901200029D023C08214224211052000000428C72
:2021000008004000000000002424029D9821029DE421029D1422029D6022029DA022029D3D
:20212000B422029DC022029DCC22029DE422029DF022029DA423029DB823029DC423029D60
:20214000DC23029DF423029D0C24029D0100312E3C00028E8410227E3C0002AE5D0002921F
:20216000010042345D0002A2010002241C00BF8F1800B28F1400B18F1000B08F0800E0036F
:202180002000BD270400027C5D0002A2F7FF001001000224010003240100312E3C00028E37
:2021A000C418227E3C0002AE0100022406006214020004245D000292020042345D0002A280
:2021C000EAFF001001000224E8FF6414010002245D0002924408027C5D0002A2E3FF0010AB
:2021E000010002240100312E3C00028E0421227E3C0002AE02000424DCFF64140100022437
:202200005D0002928410027C5D0002A2D7FF0010010002243C00028E0408227E3C0002AE49
:20222000030042300800401001000324FFFF0224140002AE3C00028E0442627C3C0002AEE5
:20224000CAFF001001000224140000AE3C00028E0442027C3C0002AEC4FF00100100022446
:202260003C00038E00026330C0FF6014251000002B8811003C00038E8002637CBBFF711067
:202280000100022407F2400F252000023C00028E8452227E3C0002AEB4FF00100100022470
:2022A00007F2400F25200002100011A6AFFF001001000224540011A6ACFF001001000224F6
:2022C000580011A6A9FF0010010002242B8811003C00028E0484227E3C0002AEA3FF0010BA
:2022E000010002245E0011A2A0FF0010010002249EFF2012251000000000228E01004430A7
:20230000070080100400238E010065303C00048EC418A47C0421A47C8410A47C3C0004AE2A
:2023200002004430040080104070647C3C00058E04A5857C3C0005AE04004430040080108F
:202340008068647C3C00058E44AD857C3C0005AE0800443004008010C060647C3C00058E26
:2023600084B5857C3C0005AE10004430040080100059647C3C00058E8494857C3C0005AE0C
:202380002000443079FF8010010002244051637C3C00028EC49C627C3C0002AE73FF001092
:2023A000010002243C00028E04EE227E3C0002AE6EFF0010010002245F0011A26BFF00107C
:2023C000010002242B8811003C00028E84F7227E3C0002AE65FF0010010002242B881100E0
:2023E0003C00028E04A5227E3C0002AE5FFF0010010002242B8811003C00028E44AD227E26
:202400003C0002AE59FF0010010002240100312E3C00028EC4FF227E3C0002AE53FF001064
:20242000010002240100312E3C00028E8410227E3C0002AE0200022452FF62505D0002920D
:202440004AFF0010010002240100312E3C00028E0421227E3C0002AE5D00029204004234B4
:202460005D0002A241FF001001000224847B127C1100432E3DFF60102510000080901200D2
:20248000029D023C98244224211052000000428C08004000000000004C21029D9421029D44
:2024A0004824029D1422029D6022029DA022029DB422029DC022029DCC22029DE422029D92
:2024C000F022029DA423029DB823029DC423029DDC23029DF423029D0C24029D00A0023CE4
:2024E000787D439009016014FFFF0224E8FFBD271400BFAF1000B0AF0001A0102580A000C0
:202500000000A3900200632CFC006010400206242528000000A0043C61FE400F787D8424A7
:2025200000A0043C3DF6400F7C7D84242520400001000324F1008314FFFF022468010624AC
:202540002528000001A0043C61FE400FB887842400A0023C01000324787D43A00000039245
:20256000787D4224E30060100C0043A000A0043C847F842400A0033C907E6324254000005A
:2025800025484000402908000400028E211045000000478C1800E0102510E000F8FE6624A3
:2025A0005000E72403004D8800004D9807004C8804004C980B004B8808004B980F004A8896
:2025C0000C004A980000CDAC0400CCAC0800CBAC0C00CAAC10004224F2FF47141000C6245B
:2025E00003004A8800004A9807004788040047980000CAAC0400C7AC0400028E2110450074
:202600000400478C1800E0102510E00050FF66245000E72403004D8800004D9807004C88FA
:2026200004004C980B004B8808004B980F004A880C004A980000CDAC0400CCAC0800CBACA6
:202640000C00CAAC10004224F2FF47141000C62403004A8800004A980700478804004798CC
:202660000000CAAC0400C7AC0400028E211045000800478C1800E0102510E000A8FF66243A
:202680005000E72403004D8800004D9807004C8804004C980B004B8808004B980F004A88B5
:2026A0000C004A980000CDAC0400CCAC0800CBAC0C00CAAC10004224F2FF47141000C6247A
:2026C00003004A8800004A9807004788040047980000CAAC0400C7AC0400028E2110450093
:2026E0000C00478C1800E0102510E000253060005000E72403004D8800004D9807004C8836
:2027000004004C980B004B8808004B980F004A880C004A980000CDAC0400CCAC0800CBACC5
:202720000C00CAAC10004224F2FF47141000C62403004A8800004A980700478804004798EB
:202740000000CAAC0400C7AC0400028E211045001000478C1500E0102510E00064FF862478
:202760003000E72403004D8800004D9807004C8804004C980B004B8808004B980F004A88F4
:202780000C004A980000CDAC0400CCAC0800CBAC0C00CAAC10004224F2FF47141000C62499
:2027A00003004788000047980000C7AC0400028E211045001400478C1500E0102510E000EA
:2027C00098FF86243000E72403004D8800004D9807004C8804004C980B004B8808004B9834
:2027E0000F004A880C004A980000CDAC0400CCAC0800CBAC0C00CAAC10004224F2FF471452
:202800001000C62403004788000047980000C7AC0400028E211045001800478C1500E010A0
:202820002510E000CCFF86243000E72403004D8800004D9807004C8804004C980B004B8875
:2028400008004B980F004A880C004A980000CDAC0400CCAC0800CBAC0C00CAAC1000422452
:20286000F2FF47141000C62403004788000047980000C7AC0400028E211045001C00468CF6
:202880001500C0102510C000252880003000C62403004C8800004C9807004B8804004B98FB
:2028A0000B004A8808004A980F0047880C0047980000ACAC0400ABAC0800AAAC0C00A7AC18
:2028C00010004224F2FF46141000A52403004688000046980000A6AC010008253400842453
:2028E0000C002291FF0005312B10A20025FF40145800632400A0023C787D42241400BF8F15
:202900001000B08F0800E0031800BD270800E00300000000B8FFBD274400BFAF4000BEAF9C
:202920003C00B7AF3800B6AF3400B5AF3000B4AF2C00B3AF2800B2AF2400B1AF2000B0AF13
:202940000F0005248EE5400F02000424259840000100423009004050020073320100162468
:2029600001A0153C408CB526BCEC400F020004247100401425A04000020073326200601258
:2029800001A0033C408C63241800628CD0074224180062AC6210043CD34D842419004400C4
:2029A00010100000821102005201410F140062AC5500401025A8400001A0023C448C538C5D
:2029C0001800732625A0000001A0163C8FFC400F25208002259040001400708E15000012BF
:2029E00025886002408CD7261400E28E0800038E231043003800E38E2B104300A100401450
:202A0000FCFF05266BFC400FE8FF248EA3EC400F14006426FFFF0724253000000400052618
:202A20006ED7400F252040021400308EEFFF00561400E28E0000308E16000052E8FF228E24
:202A4000408CD7261400E28E0800038E231043003400E38E2B1043000D004014FCFF052670
:202A60006BFC400FE8FF248EA3EC400F25202002FDFF072425300000040005266ED7400F83
:202A8000252040020000308EEFFF00561400E28EE8FF228E2400428C2800238E2B10430049
:202AA00017004054010094262C00228E140040500100942625B80000A3EC400F2520200253
:202AC0000E00401025804000FCFF45246BFC400FE8FF248EFCFF0724253000000400052656
:202AE0006ED7400F252040020100F7262C00228E2B10E202F0FF40140000000001009426A4
:202B0000B2FFB416480073264400BF8F4000BE8F3C00B78F3800B68F3400B58F3000B48F50
:202B20002C00B38F2800B28F2400B18F2000B08F0800E0034800BD271800908E68F7400F00
:202B4000252000020000029644005614F2FF0524040003960604022441006214020006241E
:202B60001B00178A1800179A2800918E0400B28E7A65400F252020021100038A0E00039A67
:202B80001800A3AFC018020021186200C0180300219043021800A527BECF400F0000448EF3
:202BA00005004010259040000800062625284000E3D3400F252020020400228E2700E216CB
:202BC000020005244200229600104230240040140200062415004056060002960400B78E18
:202BE0007A65400F25202002C090020021904202C09012002190F2021800A5274AD3400FA2
:202C00000000448E080040102520400000004294020042301600401008000626180047269C
:202C200012E9400F80000524060002960B005614020005241100078A0E00079A0400268E5A
:202C40003C0022261400A2AF080010261000B0AFE3B2400F2520200202000524020006243C
:202C6000C2FA400F252080023FFF00100000000025288000E3D3400F25202002EBFF001001
:202C80000600029642005E960010DE33408CD726FCFF039600026230020040504400E29600
:202CA0004600E296120004962B108200190040500000108E1400E28E0800058E231045000F
:202CC0003C00E58E022085702B104400110040540000108E0300C013000163300D00605045
:202CE0000000108E0400078E0400468E1400A0AF108082271000A2AF01000524E3B2400FBA
:202D0000252040021200029601004224120002A60000108EDFFF0056FCFF039646FF0010A6
:202D20000000308E98FFBD276400BFAF6000BEAF5C00B7AF5800B6AF5400B5AF5000B4AFD1
:202D40004C00B3AF4800B2AF4400B1AF4000B0AF0800918CE2002012259000000400968CC5
:202D6000DF00C012258080002800C28EDD004050251040020C00938CD90060123000B3AF19
:202D80001000958CD600A01201A0023C0000888C1400038ECC8D48ACCC8D4224040056ACD0
:202DA000080051AC0C0053AC100055AC5B01410F140043AC148182AFFFFFA326251060021F
:202DC00001000524FFFF04240000468CD100C510FFFF6324FCFF64140800422425A0000000
:202DE0002528000079F7400F252080022598400001A0023CB8006012EC8D53AC0000838E71
:202E000001A0023CF08D43AC0800628E700006242528200209F8400025206002AE00401080
:202E20002C8182AF253020022528C00246F2400F25206002A800401001A0023CE48D51A4C3
:202E4000E48D4224040055A42C81978F25900000253000002528E00241A3400F2520C00258
:202E60009D0040107000F72601005226F8FF32164000D6262C81928F01A0033CE68D6394CC
:202E800025284002254000000C000010252000007000A5242538A000253080004400EA8C18
:202EA000040049150100C62401006324FFFF633025404000F9FF26167000E72401008424AF
:202EC0002B309100F2FFC0144400A98C0200001101A0023CE68D43A401A0023CE68D429454
:202EE0007D0040147000432601000224A8FF668C0B00C010252860002B2051000D00805067
:202F0000288180AF252040001800A78C7200C710010084242B389100FBFFE0147000A524FC
:202F2000010044242B1051006900401470006324288180AF1800A0AF1C00A0AF2000A0AFCF
:202F40002400A0AF2800A0AF01A0023CE48D4294210040106700522625B00000029D023C5F
:202F6000289642243400A2AF029D023C443D42243C00A2AF01A0023C3800A2AFF1FF56A603
:202F8000FEFF4292801002001800A32721B862000000FE8E3400A38F211043001000BEAFCE
:202FA0000000478C3C00A68F07000524E0E2400F25204002060040A20100DE270000FEAE6B
:202FC0000100D6263800A28FE48D42942B10C202EAFF401470005226700206242528000037
:202FE00000A0043C61FE400F087B8424088180AF01A0023C0000878E0400868E0800858E39
:203000000C00848E1000838E388E47AC388E4224040046AC080045AC0C0044AC100043ACA2
:2030200001A0123C7C8A522690005426FE00410F252040020C005226FCFF5416000000005B
:203040009101410F25B000005501410FF48082A701A0023CFA8D40A02C81948F0400108EBE
:2030600001A0173C2EE5400F2000048E252040004408047C0100032417008314E48DE426A6
:20308000170082A0100094AC58008296140082A42538A0023000A68FAA99400F25280002B8
:2030A0000D00401025904000700094260100D6262B10D102EBFF4014400010261800628ECD
:2030C00009F8400025206002060000102510400286FF00102510800016C9400F259000004E
:2030E000251040026400BF8F6000BE8F5C00B78F5800B68F5400B58F5000B48F4C00B38F02
:203100004800B28F4400B18F4000B08F0800E0036800BD2732FF00100400548C2540C000A2
:20312000251080009400E0142518A0002B30A6003200C010203006710600C010232006008C
:20314000062082000418C5000440C800251883000410C200022C08001B006500F401A000F9
:20316000FFFF0731024C0200122000001018000002208770001C0300251869002B486400BA
:203180000800205123186400211868002B486800030020152B486400010020552118680075
:2031A000231864001B006500F401A000FFFF4230122000001018000002208770001C030059
:2031C000251062002B1844000900605023104400211048002B18480005006054231044006D
:2031E0002B1844000100605421104800231044000610C2000800E00325180000040000158A
:20320000010003241B006800F401000112400000203006712900C014200003242328A800BD
:20322000022408001B00A400F4018000FFFF0731024C020012180000102800000218677053
:20324000002C05002528A9002B48A300080020512328A3002128A8002B48A8000300201586
:203260002B48A300010020552128A8002328A3001B00A400F4018000FFFF42301218000015
:203280001028000002186770002C05002510A2002B204300D6FF80502310430021104800DB
:2032A0002B204800030080142B2043000100805421104800CEFF0010231043002318660014
:2032C0000438C5000440C800061064000628650025104700023C08001B00A700F401E0007B
:2032E000FFFF093102540200121800001028000002186970002C05002528AA002B50A300A3
:20330000080040512328A3002128A8002B50A800030040152B50A300010040552128A80015
:203320002328A3001B00A700F401E000FFFF4230121800001028000002186970002C050012
:203340002528A2002B10A300090040100410C4002128A8002B10A800050040140410C4006A
:203360002B10A300010040542128A8000410C400ABFF00102328A3002B40A7005C000015E6
:203380002040E8700B000055200002242B40E500030000152B40860055000015000000000C
:2033A000231086002338A7002B1882000800E0032318E30023104800061846000438070161
:2033C000253867000264070004180501062845001B00AC00F4018001FFFFEA300658440030
:2033E00025586301021C0B00127000001028000002684E71002C05002518A3002B286D000F
:203400000A00A0102548C001211867002B2867000600A014FFFFC9252B286D000400A05010
:2034200023186D00FEFFC9252118670023186D001B006C00F4018001FFFF6B3112280000E0
:203440001018000002504571001C030025186B002B606A000A0080112558A0002118670028
:203460002B60670006008015FFFFAB242B606A0004008051004C0900FEFFAB242118670067
:20348000004C090025482B01042806011900250123186A0010580000125000002B606B0067
:2034A0000420040125486001050080152530400107006B142B608A000600801123308600DA
:2034C00023304501233867012B5046012348EA00233086002B20860023186900231864008C
:2034E000041043000630060125104600061803010800E00300000000A8FFBD275400BFAF63
:203500005000BEAF4C00B7AF4800B6AF4400B5AF4000B4AF3C00B3AF3800B2AF3400B1AF79
:203520003000B0AF0F0005248EE5400F0900042401004230060040105400BF8FBCEC400F6F
:20354000090004240D004014258040005400BF8F5000BE8F4C00B78F4800B68F4400B58F0E
:203560004000B48F3C00B38F3800B28F3400B18F3000B08F0800E0035800BD272C00029603
:203580000800422CBA0040140200033C2000028E2410430063004014F1FF05241C00128EB3
:2035A000C69C400F04004496258840002C0002965C005114F2FF05244F01410F2520000209
:2035C000259840004C01410F2520000225B04000060042961D004010000000002000028EFA
:2035E0000004423019004014253000000000628E1000A2AF0000C28E1400A2AF1800A0A332
:20360000110002241900A2A3040042961A00A2A70C000524CE9C400F1000A42727300200B4
:203620002000028E0400423043004010FFFFC6302538C0002530200225284002B2C0400FF9
:203640002520000237004014F6FF0524C69C400F00004496000042A6C69C400F020044967A
:20366000020042A6F8FF3126040051A62800028E2400A2AFA480828F2A004018F1FF05241A
:2036800025B800002BF6400F252000002528400080181700A880828F211043000000518CD2
:2036A0007D0020120200023C3C00358E2410A202790040100000000058002296480023966A
:2036C0002B10620074004010000000002A0033965C0034922800B4AF280022962C00A2AF8C
:2036E00024003E8E1C00228E2000A2AFACF7400F25200000020042960500531401000224F9
:20370000120082122598800211006012010014240100F726A480828F2A10E202D9FF40146B
:20372000F1FF052409000624C2FA400F2520000282FF00100000000025282002CE9C400F32
:2037400025204002BFFF00100000000025A00000000042962C00A38F120043142800A28F57
:20376000020053342400A28F13005E1400000000040073362000A28F030040101000B5329E
:203780001300A0120000000008009436259874020F000224DEFF6216010002241500001089
:2037A0005C0022A20400A232EEFF405402009436EDFF00102400A28F0300C0130800A232C1
:2037C000EDFF40102000A28FEAFF0010040094364F01410F252000020000428C2000A38F8E
:2037E000EAFF62140F00022408007336E9FF6256259874023C00228E4000033C24104300CF
:2038000005004010E00003240000C292F0004230C4FF4314F1FF05242BF6400F25200000AE
:203820002590400025280002F3FD400F400024265A00229600014230130040102528400204
:203840004C00338E5000348EACF7400F252000003AFF601225388002000106242800058EA2
:2038600009F860021200248634FF001000000000ACFF0010F2FF0524AAFF0010F2FF05243E
:20388000A8FF0010F1FF0524ACF7400F252000002AFF001000000000ACF7400F25200000B1
:2038A0009CFF00100100F7262540C0002548E000255080009300E0142518A0002B10A60093
:2038C000350040102010C270060040102320020006208A000418450004404600251883000B
:2038E00004504A00022C08001B006500F401A000FFFF043102140A0012380000101800001A
:2039000002308770001C0300251862002B5866000A0060112510E000211868002B586800BB
:2039200006006015FFFFE2242B5866000400605123186600FEFFE224211868002318660084
:203940001B006500F401A000FFFF4A31123000001018000002208670001C030025186A0091
:203960002B3864000800E0102528C000211803012B40680004000015FFFFC5242B206400BC
:2039800001008054FEFFC52400140200251045000800E003251820010400C0140100022494
:2039A0001B004600F401C00012400000203807711E00E054200002242328A8000100092416
:2039C000021C08001B00A300F4016000FFFF043102140A00123800001028000002308770B0
:2039E000002C05002528A2002B58A6000A0060112510E0002128A8002B58A8000600601557
:203A0000FFFFE2242B58A600040060512328A600FEFFE2242128A8002328A6001B00A30030
:203A2000F4016000C9FF0010FFFF4A31231047000440E8000418E500025408000628450068
:203A40001B00AA00F4014001063044002530C300FFFF0331024C06001258000010280000B1
:203A600002106B70002C05002528A9002B60A2000A008011254860012128A8002B60A80078
:203A800006008015FFFF69252B60A200040080512328A200FEFF69252128A8002328A200A7
:203AA0001B00AA00F4014001FFFFC630125000001028000002106A70002C05002528A6006D
:203AC0002B30A2000A00C010251840012128A8002B30A8000600C014FFFF43252B30A20060
:203AE0000400C050004C0900FEFF43252128A800004C09000450E4002328A200B0FF0010CE
:203B0000254823012B18A70025480000A0FF6014251000002040E87007000055200002241B
:203B20002B38E5009AFFE014010002242B10860097FF0010010042382310480006184600C8
:203B40000438070125386700025C070004180501062845001B00AB00F4016001FFFFE93030
:203B6000065044002550430102140A00126800001028000002602D71001C05002518620060
:203B80002B286C000A00A0102510A001211867002B2867000600A014FFFFA2252B286C003E
:203BA0000400A05023186C00FEFFA2252118670023186C001B006B00F4016001FFFF4A310A
:203BC000125800001018000002282B71001C030025186A002B5065000A00401125486001BE
:203BE000211867002B50670006004015FFFF69252B5065000400405100140200FEFF692546
:203C0000211867000014020025104900043006011900C20023186500103800002B48670098
:203C2000070020151230000059FF671425480000042004012B20860055FF801000000000E8
:203C4000FFFF422452FF0010254800005049433332494E54000000002E2E2F7372632F63A1
:203C60006F6E6669672F64656661756C742F6C6962726172792F74637069702F7372632F04
:203C8000646863702E6300002E2E2F7372632F636F6E6669672F64656661756C742F6C6964
:203CA00062726172792F74637069702F7372632F646E732E630000002E2E2F7372632F63B4
:203CC0006F6E6669672F64656661756C742F6C6962726172792F74637069702F7372632FA4
:203CE00074637069705F68656C706572735F707269766174652E68002E2E2F7372632F63FD
:203D00006F6E6669672F64656661756C742F6C6962726172792F74637069702F7372632F63
:203D200074637069705F68656C706572732E630066756C6C000000006C6F7700646F776EC3
:203D4000000000002573257A75000000756E6B0065746800776C616E000000007070700026
:203D600067336164700000004554484D41430000494E5354454F4E5F3537314445390000E4
:203D80003139322E3136382E3130302E313000003235352E3235352E3235352E30000000DE
:203DA0003139322E3136382E3130302E31000000302E302E302E30004452565F4D49494DBB
:203DC0005F5461736B7300004E45545F505245535F5461736B73000054435049505F535413
:203DE00041434B5F5461736B730000004150505F5461736B7300000049444C45000000002B
:203E0000456E746572696E6720426F6F746C6F616465722E2E2E0A004669726D776172656A
:203E20002055706461746520547269676765722E2E2E0A006F66666C696E650A000000008A
:203E4000312E312E332D383364653937370A0000504C4D20526573657420446F6E652E0A75
:203E6000000000004C414E20526573657420446F6E652E0A000000004572726F723A20758D
:203E80006E6B6E6F776E20636F6D6D616E640A006F6E6C696E650A006669726D7761726592
:203EA0005F747269675F75706772616465000000656E7465725F626F6F746C6F61646572FE
:203EC000000000007265626F6F745F68756200005265626F6F74204875622E2E2E0A00007B
:203EE000666C6173685F726561642000737069200000000073706920706774200000000056
:203F00007370692072647372200000007370692077727372200000007370692063686970F0
:203F20006964200073706920777269746520000065726173655F63686970200065726173FF
:203F4000655F736563746F72200000007370692065726173652000006272696467655F7312
:203F6000746174757300000076657273696F6E0072657365745F706C6D0000007265736590
:203F8000745F6C616E0000005265736574696E67204C414E2E2E2E0A0000000073706920D7
:203FA00072656164200000006572726F723A20636F6D6D616E6420746F6F206C6F6E670A96
:203FC00000000000286E696C2900000025000000494E4600696E66004E414E006E616E00F4
:203FE000D0FFBD272C00BFAF2800B6AF2400B5AF2000B4AF1C00B3AF1800B2AF1400B1AF71
:204000001000B0AF160083900300022414006214259080001000848C42008394080063300C
:204020000500601001000224253000007BDB400F25280000010002242C00BF8F2800B68F8F
:204040002400B58F2000B48F1C00B38F1800B28F1400B18F1000B08F0800E0033000BD273C
:20406000EC80828FA90040142588A00001A0023C588D40AC588D4224040040AC080040AC9A
:204080000C0040AC100040AC140040AC180040AC1C0040AC200040AC240040ACE6FFA0106F
:2040A000251000001000A48C02000324E3FF83102C00BF8F0800448E01A0023C688D44ACD5
:2040C0000400A28C409802002198620200991300280073260400828C09F840002528600248
:2040E00025804000D4FF001225100000253060022528000061FE400F252000022800022678
:20410000000002AE040010AE30000224080002AE0400228E0C0002AE01000224100002AEC8
:20412000049D023CECCC4224140002AE039D023CE0614224180002AE049D023C6CFA4224C6
:204140001C0002AE049D023C709D4224200002AE93F9400F2520000201A0023C588D50AC8F
:20416000588D4224FFFF0324240043A40800238E140043AC0C002496200044A40E00239673
:20418000220043A41000258E180045AC0400228E2D0040101000842480A8030021A8A402C7
:2041A00080A8150025B0000001A0143C588D94262528C002E9FD400F2520000225984000D5
:2041C0001000848E0400828C09F840002528A00206004014040062AE01A0043C9BD7400F6B
:2041E000588D842494FF001025100000200060AE100060AE140060AE2000839606006050FD
:2042000022008396100062AE2000839680180300211043002200839606006050200062AEDA
:20422000140062AE220083960019030021104300200062AE0100D6260400228E2B10C202AF
:20424000DCFF40142528C002C8000624039D053C389CA524EAE3400F0F00042401A0033C7D
:2042600038004010648D62AC01A0023C7C8D4384FFFF022422006214253000003500052499
:2042800001A0023C1A00410F708D448C25804000FFFF02242C00021201A0043C5300052462
:2042A0002100410F252000025300422C0600401053000624050005242988400F252000023D
:2042C0001E0040100000000025300000020005242988400F2520000225380000049D063C69
:2042E000C8EDC6240001052425DE400F25200002120040100000000001A0023C7C8D50A41E
:2043000001A0023C588D4224F08082AF1000448E4200829408004230030040102530000076
:204320007BDB400F25280000EC80828F01004224EC8082AF40FF00100100022460F4400FF1
:204340002520000201A0043C11EE400F588D842439FF001025100000B8FFBD274400BFAF90
:204360004000BEAF3C00B7AF3800B6AF3400B5AF3000B4AF2C00B3AF2800B2AF2400B1AF8B
:204380002000B0AF16008390030002241A0062142598800001A0023C508C5090C900001209
:2043A00001A0023C448C518C7A65400F1000848CC020020021208200C020040073F4400FE4
:2043C00021202402251000024400BF8F4000BE8F3C00B78F3800B68F3400B58F3000B48F36
:2043E0002C00B38F2800B28F2400B18F2000B08F0800E0034800BD2701A0023C4C8C428C87
:204400009C0040142590A000EEFFA010258000000400A39001A0023C408C4224100043A0DA
:204420000400428C08004010000090940400601401A0023C408C428C040050500800648E9F
:20444000E9C1400F000000000800648E01A0033C408C6224080044AC408C70AC0800438E7E
:20446000340043AC0C00438E380043AC1000438E3C0043AC1400438E400043AC2000438E04
:20448000440043A42400438E460043A40400428C78004014480006240800828C09F8400068
:2044A000252800022588400001A0023C448C51ACC4FF20122580000001A0023C408C428C01
:2044C000500040100000438E4010030021104300C0100200280042241000A2AF25A000001E
:2044E00001A0153C408CBE26049D173C049D163C029D023C1400A2AF049D023C1800A2AFA9
:204500000800C48F0400828C09F840001000A58F0500401425804000E9C1400F0000000072
:20452000A9FF00102510000228004224000002AE040011AE18000224080002AE0000428EC5
:204540000C0002AE01000224100002AE10E6E226140002AEC4B6C226180002AE1400A28F87
:20456000C89242241C0002AE1800A28FD8034224200002AE93F9400F25200002000030AE55
:20458000ACF4400F040024260900401000000000ACF4400F180024260500401000000000DF
:2045A000ACF4400F2C002426050040540000228EE9C1400F2580000083FF001025100002E6
:2045C0000C00428C1800438E0210437063004224EB51033C1F856334190043001010000058
:2045E00042110200400022AE1C00428E440022AE01009426408CA28E2B108202C0FF4014CD
:204600004800312675F9400F01A0103C408C1026480002AED0070624029D053C1429A52470
:20462000EAE3400F020004241C0002AE01A0043C2F00410F608C84244800038E0600601025
:2046400001A0033C5C8C638C03006010000000000500405401A0023CE9C1400F258000001A
:2046600059FF001025100002408C4224180040AC140040AC01A0103C408C10260400118ED3
:204680007A65400F1000648E100003920700605001A0023CC020020021208200C020040026
:2046A00073F4400F2120240201A0023C408C42240C00438C010063240C0043AC41FF00101E
:2046C000010010243FFF00100100102401A0023C808D42241C004290FF004230CC00401451
:2046E000000000000300A01000000000CA00805401A0023CD000E01000000000CE00C0102C
:204700000000000001A0023C808D44AC808D4224040046AC140040AC180040AC100040AC54
:204720000900801001A0023C808D4224080045AC0700C01401A0023C808D42240C0040AC70
:204740000700001001A0023C808D4224080040AC01A0023C808D42240C0047AC01A0023CCC
:20476000808D4224010003241C0043A00800438C0C00428C2B1062000500401001A0023C1D
:20478000808D42240C00448C23208300100044AC80BF023C40000424145C44AC80BF023C42
:2047A000105C428C200042300700401480BF053C80BF043C205CA28C105C828C200042301D
:2047C000FCFF40100000000080BF023C03000424045C44AC80BF043C01000524085C85AC58
:2047E0000C000424045C44AC88BF023C00020524741045AC00040424741044AC88BF023CEB
:20480000441045AC441044AC80BF023C005C428C000842302B00401001A0023C808D422421
:204820000800438C82180300080043AC1000438C82180300100043AC0C00438C821803001A
:204840000C0043AC0800438C1800428C2B1043000F00401001A0023C808D448C0000858CF6
:2048600080BF043C205C85AC808D42241800448C01008424180044AC5900E01088BF023C32
:2048800000020324781043AC0800E00301000224808D42241000428CF7FF401080BF023C52
:2048A000FF000424205C44AC01A0023C808D42241000448CFFFF8424100044ACEEFF001090
:2048C0000000000080BF023C005C428C000442302700401001A0023C808D42240800438C1B
:2048E00042180300080043AC1000438C42180300100043AC0C00438C421803000C0043ACF6
:204900000800438C1800428C2B1043000B00401001A0023C808D448C0000859480BF043CAD
:20492000205C85AC808D42241800448C01008424180044ACD0FF001000000000808D42246C
:204940001000428CCCFF401080BF023CFF000424205C44AC01A0023C808D42241000448C1C
:20496000FFFF8424100044ACC3FF001000000000808D42241800428C2B1043000B0040108D
:2049800001A0023C808D448C0000859080BF043C205C85AC808D42241800448C0100842416
:2049A000180044ACB4FF001000000000808D42241000428CB0FF401080BF023CFF00042438
:2049C000205C44AC01A0023C808D42241000448CFFFF8424100044ACA7FF001000000000DD
:2049E00001A0023C808D42241800428C030043100400032480BF023C085C43AC88BF023CA9
:204A000000040324781043AC0800E003010002240800E00325100000808D44AC808D422452
:204A2000040046AC140040AC180040AC100040AC3DFF001001A0023C0800E003000000006A
:204A4000B0FFBD274C00BFAF4800BEAF4400B7AF4000B6AF3C00B5AF3800B4AF3400B3AF34
:204A60003000B2AF2C00B1AF2800B0AF0F0005248EE5400F030004240100423007004010A3
:204A8000F2FF132401A01E3CFC8DD627BCEC400F030004240D004014258040004C00BF8F6B
:204AA0004800BE8F4400B78F4000B68F3C00B58F3800B48F3400B38F3000B28F2C00B18F04
:204AC0002800B08F0800E0035000BD271800118E00002292F0004230400003247D00431448
:204AE000252860020000328E809012003C0052321400422E78004014030006241000028E48
:204B00000C0042942B1052007300401400000000C69C400F0200249625A040002B10520060
:204B20006C0040142528600267FD400F252000022BA0540067008016252860022800158E76
:204B40006400A012ECFF05244200A2964000423069004010FFFF02240C00238E5D00621096
:204B6000F5FF05240800A28E271002000400A48E2510440058006210030006241000348E2F
:204B800055008012F4FF05240000268E0400258E0800248E1000A6AF1400A5AF1800A4AFB5
:204BA0001C00A3AF2000B4AF10003792C69C400F060024961600A2A71400A28FFF3F033C99
:204BC0002410430043004014252860022000028E00014230060040142530000025284002B7
:204BE000CE9C400F252020023A004014F6FF05240400A38E0800A28E242062000E00841232
:204C0000FFFF042448008412271002002510430045008212F000F732E00002244200E212B1
:204C20000001023C7F004224400082521800118E3E0083521800118EB480828FB480838F30
:204C4000FDFF43140000000022004010ECFF0524A6FA400F2520C002FC8DD18F0C0020125E
:204C6000000000000800229206004010252840020400228E09F840002520000228004014DB
:204C8000000000000000318EF7FF205608002292B4FA400F2520C0020E000010ECFF0524F7
:204CA000FF3F023C241862000600601001000624AC80828F75FF401000000000FCFF00102D
:204CC00000000000E7DC400F252800026FFF4014F1FF052403000624C2FA400F2520000219
:204CE0006AFF001000000000FAFF001025286002F8FF001025286002F6FF0010ECFF0524B4
:204D0000F4FF0010F5FF0524F2FF001025286002F0FF0010F1FF0524E1FF0010090004248A
:204D2000B4FA400F2520C0021800118E0000328E809012003C005232211032021C0002AEE5
:204D40001000038E0C006294231052000C0062A4C69C400F02002496020022A6231052005D
:204D60002C0002A6C69C400F06002496060022A60900229211000424E7FF44100400238E3B
:204D80001200442CE2FF801001000424C4FF441006000424CFFF4414F1FF0524C0FF0010A4
:204DA0000A0004244050050042550A00C04A0500427D040025482F01C042040000800E3C4C
:204DC00025482E0140680700426D0D00C0620700427D060025608F01C05A060025608E0195
:204DE0002628A7002428AE00FFFF4F25FE07E12D4800201000000000FFFFAF25FE07E12DE2
:204E0000730020100000000002FCAF2521504F0119002C01123800001070000019000B0127
:204E2000122000001030000019002B0112580000106800002130CB002B78CB002138ED0009
:204E40002138EF000200ED10000000002B78ED002170CF0119000C0112400000104800004A
:204E60002130C8002B78C8002138E9002138EF000200E910000000002B78E9002170CF013C
:204E8000257886000200E011000000000100E73425480E00254007000600200500000000CE
:204EA0002A780001214008012148290121482F01FFFF4A25FFFF4F25FE07E12D7100201026
:204EC000000000000004082500040F2D21482F012B782F0121504F01C27A08000100EF31CF
:204EE00023400F01C2220800407D090025208F0040780900027B0F002528AF00007D0A00E9
:204F00002528AF0025100400251805000800E003000000002A78000121400801214829018F
:204F200021482F011E00401500000000257828011600E0110000000009002015000000005A
:204F4000040000150000000000000A24AAFF0010000000002548000100000824E0FF4A2569
:204F600020702E71A4FFC0110000000023504E0122380E000638E8000440C8010448C9011B
:204F8000254827019CFF001000000000FF0701243800A11100000000DAFF001000000000D3
:204FA000257828013300E015000000000500A0150000000040780C002578EB012D00E011DE
:204FC00000000000FF0701242500A115000000002A78600121586B0121608C0121608F01C4
:204FE0001C00A0150000000025788B011600E0110000000009008015000000000400601599
:205000000000000000000D247FFF0010000000002560600100000B24E0FFAD2520308671C4
:2050200079FFC010000000002368A601227006000670CB010458CB000460CC0025608E01B1
:2050400071FF00100000000000000424ADFF00100000000025788B010600E01500000000C8
:20506000F07F013C2528A10000000424A5FF001000000000F8FF053C00000424A1FF0010AA
:2050800000000000F6FF401D0000000001000E242370CA012000C12D0900201400000000E2
:2050A000E0FFCE212B300800254026010F0009100000000000000934F6FF001000000000C9
:2050C0000A00C0110000000022380E000430E8000438E9000640C8010648C9012540E800D8
:2050E0000200C01000000000020008350004082500040F2D21482F01C257090076FF0010EE
:20510000000000000000000088FEBD277401BFAF7001B4AF6C01B3AF6801B2AF6401B1AF10
:205120006001B0AF258080002590A0002598C00025A0E000DC80918766E3400F25202002A0
:205140002C01422C0C00401025284002EB95400F25202002251000007401BF8F7001B48FE7
:205160006C01B38F6801B28F6401B18F6001B08F0800E0037801BD27A8E1400F252020020A
:2051800025300000010005242988400F252020020100823204004014253040023000028EC5
:2051A00022004054300006260100052455DA400F2520200202009432020080162510000039
:2051C0000400428E1000A2AF1000A627010005240EE5400F2520200225186002C418037CF0
:2051E00001000224160062100300022476006216020002245C00039689006210290006247E
:205200002528000061FE400F1700A427010002241400A2A31500A2A3060002241600A2A350
:205220004800028E1F0000101800A2AF01000524CBE1400F25202002DFFF001002009432BC
:20524000600002820500420460000292DAFE400F00000000480002AE600002928410027C06
:20526000600002A2290006242528000061FE400F1700A427010002241400A2A31500A2A320
:20528000060002241600A2A34800028E1800A2AF0900022403006216000000003400028ED8
:2052A0002000A2AF02004012251040023C00422603004388000043983000A3AF040043900C
:2052C0003400A3A3050042903500A2A32C0006241400A52753D9400F25202002C000062401
:2052E0002528000061FE400F1400A427C00006241400A52753D9400F2520200238010624C5
:205300002528000061FE400F1400A4275363023C638242341400A2AF1800A2274C01A2AF80
:2053200066E3400F25202002FCFF42245001A2AF040002245401A2AF5801B3AF049D103CF3
:20534000A0001026049D133CBC0073260000028E4C01A52709F84000252040022A00400453
:205360005001A38F231862005001A3AF5401A38F211862005401A3AF4C01A38F211062008F
:2053800004001026F1FF13164C01A2AF5401A28FEC0042242C01422C040040105401A697C3
:2053A000400002245401A2AF5401A6971400A52753D9400F25202002EB95400F2520200257
:2053C00065FF001001000224290006242528000061FE400F1700A427010002241400A2A382
:2053E0001500A2A3060002241600A2A34800028E1800A2AF07000224A9FF62523400028E3E
:20540000A8FF001000000000253000002528000061E1400F252020024FFF001025100000A8
:205420006000028289FF410425280000600002928410027C600002A261FE400F1700A427D4
:20544000010002241400A2A31500A2A3060002241600A2A34800028E92FF00101800A2AF09
:20546000C0FFBD273C00BFAF3800B6AF3400B5AF3000B4AF2C00B3AF2800B2AF2400B1AF7C
:205480002000B0AF259080004E00C0102588A00025A08000010015244000448E8C00801040
:2054A0002510000063F3400F3C00452648004010258040003F0042883C00029A1000A2AFAC
:2054C000400002921400A2A3410002921500A2A3400050AE1000B02725980000252820021F
:2054E0009DEF400F4000448E259040007800401225100000280032AE1800228E0000458C2A
:205500004013A37CB080828F7B0040102528600009F84000252040022F0022A20008072472
:205520003C004626252800020FDD400F25202002800060522000228E67FD400F25202002B6
:20554000F2FF42245E004396FFFF42302B1862005F006014251000008D000016252820028E
:20556000BC80828F0900401425300000039D053C80CEA524ABF0400F252000002518400088
:20558000BC8082AF52006010251000005800509601A0043CA6FA400F108E842401A0043C72
:2055A000A2F9400FC08E84246A0040142528400001A0043CB4FA400F108E84244400001048
:2055C0002510000025A0A000B3FF0010020015243C00538EFFFF0224050062124000568E56
:2055E0009BFC400F2520C00206006216FFFF02241000A2AF1400A2A71000B027B7FF0010B1
:20560000010013240800C012030002246500C39205006214010013241000A0AF1400A0A728
:20562000AEFF00101000B0273C00429220004224FF0042301000422C0F00401001000224BB
:205640001000A2A31100A0A35E0002241200A2A33D0042927F0042301300A2A33E0042925A
:205660001400A2A33F0042921500A2A31000B0279AFF0010010013243C00438E0400C28E3B
:20568000261062000800C48E2410440003004010010013240C00C38E020013241800A3AF15
:2056A000010007241000A6271800A527BEE2400F2520C002020003243A0043100100032429
:2056C0004408027C86FF431025282002251000003C00BF8F3800B68F3400B58F3000B48F92
:2056E0002C00B38F2800B28F2400B18F2000B08F0800E0034000BD27FF0063306200429239
:20570000021862704992023C93244224180062001010000021104300832002008078437CFD
:205720007DFF601025100000FFFF82247AFF0010FF00423010004234200022AE0100062409
:2057400025282002CDDB400F25204002E0FF001001000224040055A0050050A0080054AC50
:205760001800A28F0C00A2AC01A0103CF3FD400F108E0426B4FA400F108E04262000228EFD
:2057800008004234200022AED1FF001001000224CFF9400F2520400227100200CCFF0010E2
:2057A000C21702004DFF00101000B027C0FFBD273C00BFAF3800B5AF3400B4AF3000B3AFB9
:2057C0002C00B2AF2800B1AF46FD400F2400B0AF9600401025880000258040008AFA400F54
:2057E0002520400092004010251020023C00078E0002E230970040540C00028E0800118E98
:205800000000028E23882202FFFF313287002012010002245C000392840062142588000050
:205820001400028E810040108000E230040040108001E77C2400028E0E0040543C00028E07
:205840001800062614000526A9DA400F2400048E240002AE75004010258800003C00028E2B
:2058600080004234010003248431627C3C0002AE3C00028E03004230020003240500435485
:205880000C00128E9BFC400F2400048E140002AE0C00128E1800028E380042AE1400028EDC
:2058A0003C0042AE2400028E400042AE3C00028E00024230690040500800118E4800552635
:2058C00054005196080002241C00538E1000438E0C006494211044000C0062A40800342694
:2058E000FFFF9432C69C400F2A000496000062A6C69C400F28000496020062A6C69C400F39
:2059000025208002040062A6060060A62400028E60004290020042301E0040142530000087
:205920003800428E1000A2AF3C00428E1400A2AF1800A0A3110002241900A2A304006296A1
:205940001A00A2A70C000524CE9C400F1000A427273002003C00028E0002423046004010EC
:20596000FFFFC63008000524CE9C400F2520600227300200FFFFC63025282002CE9C400F2D
:205980000800A48E27100200FFFF423027100200060062A63C004292F0004230E000032464
:2059A0003B0043145E000292FF00433001006050010002241D00A2A33C00028E002E437CFE
:2059C0001C00A3A38007427C1E00A2A31C00A72725308002110005242A9C400F2520400226
:2059E000000040AE3C00028E8004427C340042A60BFF400F252040020D00401425102002F7
:205A00001000428E0C0040A43C00028E000242302D0040500000028E540040A62000428EFF
:205A2000C418027C200042AE25880000251020023C00BF8F3800B58F3400B48F3000B38F09
:205A40002C00B28F2800B18F2400B08F0800E0034000BD276DFF0010540051940000028EBA
:205A600023882202FFFF313208002226FFFF423095FF001025A8000025288002CE9C400F3D
:205A80002520600227100200C0FF0010FFFF42301D00A2A33C00028E002E437C1C00A3A36A
:205AA0008007427C1E00A2A31C00A72725308002110005242A9C400F25204002000040AEB9
:205AC000CAFF001025100000D4FF0010080002AE80BF023C105C428C20004230440040143C
:205AE00080BF023C205C458C01A0043C808D84241400838C1800828C0C00848C2B20640032
:205B00002100801080BF043C005C848C000884303C00801001A0043C808D84240400848CB7
:205B20008030030021208600000085AC0100632401A0043C808D8424140083AC0C00848C3D
:205B40001100831401A0043C808D84240800848C2B2044000C00801088BF043C0002052412
:205B6000741085AC80BF043C0C000524045C85AC80BF043C04000524085C85AC88BF043C63
:205B800000040524781085AC01A0043C808D84240C00848C2B2064007100805001A0043C9C
:205BA00080BF033C005C638C000863303400601001A0033C808D63240800638C2B184300EC
:205BC0002200601001A0033C808D638C80200200211864000000648C80BF033C205C64AC1E
:205BE0000100422401A0033C808D6324180062AC88BF023C00020324441043AC0800E003C8
:205C00000000000080BF043C005C848C000484300800801001A0043C808D84240400848C9F
:205C20004030030021208600000085A4C0FF001001006324808D84240400848C212083001D
:205C4000000085A0BAFF001001006324808D63241000638CE3FF601080BF033CFF00042444
:205C6000205C64AC01A0033C808D63241000648CFFFF8424100064ACDBFF001001A0033C94
:205C800080BF033C005C638C000463301B00601001A0033C808D63240800638C2B18430028
:205CA0000900601001A0033C808D638C40200200211864000000649480BF033C205C64AC8E
:205CC000C8FF001001004224808D63241000638CC4FF601080BF033CFF000424205C64AC8F
:205CE00001A0033C808D63241000648CFFFF8424100064ACBCFF001001A0033C808D63242B
:205D00000800638C2B1843000800601001A0033C808D638C211862000000649080BF033CA5
:205D2000205C64ACAFFF001001004224808D63241000638CABFF601080BF033CFF00042460
:205D4000205C64AC01A0033C808D63241000648CFFFF8424100064ACA3FF001001A0033CEB
:205D6000808D84240C00848CA1FF831401A0033C808D63240800638C9DFF621480BF023C21
:205D800040000324145C43AC88BF023C00020324741043AC01A0023C808D42241C0040A0CE
:205DA0002000428C92FF401001A0023CE8FFBD271400BFAF808D42242400448C2000428C93
:205DC00009F840000000000088BF023C00020324441043AC1400BF8F0800E0031800BD2748
:205DE000C8FFBD273400BFAF3000BEAF2C00B7AF2800B6AF2400B5AF2000B4AF1C00B3AF11
:205E00001800B2AF1400B1AF1000B0AF2598800025A0A0002590C000010002240300A21033
:205E200025A8E0000600C01425B00000AEE4400FFFFF11241700401025B04002259040007F
:205E4000FFFF052471F8400F708084277C80838F0D0060108C80848F2588000025F000005C
:205E600080101E00211082000000428C740040508080848F01003126208E117C2B102302E9
:205E8000F7FF401425F02002BDF7400F70808427FFFF1124251020023400BF8F3000BE8F5A
:205EA0002C00B78F2800B68F2400B58F2000B48F1C00B38F1800B28F1400B18F1000B08FDE
:205EC0000800E0033800BD2774808397740011A6000017AE010042242110E202040002AE8D
:205EE000140005AE2128A300180005AE18020224660002A680F01E008C80828F21F05E00BC
:205F00000000D0AFBDF7400F7080842720D8400F25200002010002241E006216710013A2F3
:205F20002000073C0600E7240400062414000524B4EA400F780004243F004010039D033C87
:205F4000B8A66324080043AC0C0050AC01000324700043A4580043A40F004010480002AE48
:205F60008400028E048C627E15008012840002AE5E0012A673F6400F5C0016A6240002AE08
:205F80008400028E010003244408627C1D000010840002AE480000AE7100029205004050AA
:205FA0008400028E8EE4400F25200002B9FF0010FFFF1124048C627E09008016840002AE87
:205FC0005E0012A68400028E010003240400627C840002AE700000A2AEFF00106E0012A664
:205FE0005E0012A673F6400F5C0016A6240002AE8400038E010002244408437C0600621622
:20600000840003AE0400A012000000000000A28E010040543C0002AE45E3400F2520000226
:20602000000042280B000324010004240A18820098FF0010700003A2D7FF0010480002AE5D
:206040000800828C8C00062409F8400001000524258040008080848F768085970100A52435
:206060000400828C09F84000FFFFA53025B840008080848F748085970100A5240400828CDE
:2060800009F84000FFFFA53005000012252840000400E0128080848F8BFFA05476808297B2
:2060A0008080848F0C00828C09F84000FFFF11248080848F0C00828C09F840002528E002A2
:2060C0008080848F0C00828C09F8400025280002BDF7400F708084276FFF00102510200290
:2060E000D0FFBD272C00BFAF2800B1AF2400B0AF258880002580A0001400A0A71800A0AF14
:206100004800828C1000A52709F8400025200002290040041800A6272800228E252800004E
:2061200009F84000252000021000A3970800632C21006010F4FF02241000A3978018030067
:20614000029D023C58614224211043000000428C08004000000000007861029DCC61029D75
:206160003062029D7862029DBC62029D1063029D6463029DA863029D5000228E1800A68F49
:206180002528000009F84000252000020A00400401000324090043102C00BF8F01000224B7
:2061A0001000A2A74C00228E1000A58F09F8400025200002010002242C00BF8F2800B18FB5
:2061C0002400B08F0800E0033000BD275400228E1400A52709F8400025200002F6FF4004B8
:2061E00001000324F5FF43102C00BF8F1400A287090042041000A0AF020002241000A2A74A
:206200004C00228E1000A58F09F8400025200002E9FF0010010002244C00228E252800004E
:2062200009F8400025200002E3FF0010010002245800228E1800A78F380006962528000046
:2062400009F8400025200002DBFF400401000324DAFF43102C00BF8F030002241000A2A748
:206260004C00228E1000A58F09F8400025200002D1FF0010010002245000228E1800A68F02
:206280002528000009F8400025200002CAFF400401000324C9FF43102C00BF8F0400022435
:2062A0001000A2A74C00228E1000A58F09F8400025200002C0FF0010010002245400228EC3
:2062C0001400A52709F8400025200002BAFF400401000324B8FF43101400A3973800049607
:2062E00024286400B4FFA414FFFF02241200A3A7050002241000A2A74C00228E1000A58F3F
:2063000009F8400025200002ABFF0010010002241200A697380002962630C2005800228ED5
:206320001800A78FFFFFC6302528000009F8400025200002A0FF4004010003249FFF43104A
:206340002C00BF8F060002241000A2A74C00228E1000A58F09F840002520000296FF0010D1
:20636000010002245000228E1800A68F2528000009F84000252000028FFF400401000324DA
:206380008EFF43102C00BF8F070002241000A2A74C00228E1000A58F09F840002520000255
:2063A00085FF0010010002245400228E1400A52709F84000252000027FFF400401000324CC
:2063C0007DFF43101400A3973800029624186200FEFF022478FF00100A100300C8FFBD27C0
:2063E0003400BFAF3000B7AF2C00B6AF2800B5AF2400B4AF2000B3AF1C00B2AF1800B1AF4A
:206400001400B0AF25A080002590A00025A8E0004800B78F4C00B68F8088060087CC400FF3
:2064200025202002470040102598400087CC400F5800042441004010258040005800062447
:206440002528000061FE400F25204000300013AE25302002A500052461FE400F2520600231
:206460000B0040123000138E2510400234000326100052260000448004008010000064A036
:2064800001004224FBFF521401006324430000A20500E32E040002240AB843002C0017AE92
:2064A000480017AE04001226A301410F25204002A301410F18000426100010AE05000224E9
:2064C00023105700180002AE240010AEFCFF3126212071022530A002252880025BF2400F20
:2064E0000410047C0200C012000002AE0000D0AEA9F6400F000000007C81828F01004224A3
:206500007C8182AF8C81828F10004010000000007081828F2D0040146081828F8C81828F3C
:206520002C00428C2C00038E2B106200260040508C8190AF250000106081828FA101410FEC
:20654000252060024D000010FFFF02248C8190AF7C81838F010002241B00621401A0113C12
:206560007C8B31266400332673FF400F2520200214003126FCFF33160000000001A0133C39
:2065800073FF400F9C8E642601A0113C73FF400F888E242601A0043C73FF400F748E84242B
:2065A00001A0043C73FF400F608E842401A0043C73FF400F4C8E84249C8E7326888193AF71
:2065C000888E3126848191AF6081828F01004224608182AF2C00038E7481848F01000224B2
:2065E0000410620025104400748182AF01A0043C7C8B84248010030021104300801002005D
:20660000211082000400428C080002AE0800438C0C0003AE040072AC080052AC2C00058EC2
:2066200080100500211845008018030021188300140003AE0000628C0100422441EE400F58
:20664000000062AC7081838F0C006010010002248C81828F2C00438C2C00028E2B1862000C
:206660000600601001000224006802400001423400688240C0000000010002243400BF8FC9
:206680003000B78F2C00B68F2800B58F2400B48F2000B38F1C00B28F1800B18F1400B08FD6
:2066A0000800E0033800BD2780FFBD277C00BFAF7800B6AF7400B5AF7000B4AF6C00B3AF30
:2066C0006800B2AF6400B1AF6000B0AF258880002590C00025A0E0001000908C14008294D1
:2066E000580002A64200029617008390845A627C420002A64400158E0B00C0105400168E36
:206700000900E010FFFFE3240000A5962510C000FFFF04240000468C8700A610FFFF632491
:20672000FCFF641408004224170023920100022458006214049D133C1000338E3800A0AF6F
:206740003C00A0AF4400A0AF4800A0AF4C00A0AF5000A0AF000022964000A2A7049D023C2A
:206760006CFC42241000A2AF049D023C8CFC42241400A2AF049D023CACFC42241800A2AF62
:206780000800228E1C00A2AF039D023C682642242000A2AF049D023C2C9042242400A2AF1B
:2067A000049D023C08EB42242800A2AF039D023C883A42242C00A2AF049D023C289942249F
:2067C0003000A2AF3400B3AF140022964200A2A7F48082979301410F4400A2A74600A2A7BE
:2067E000160022924800A2A3170022924900A2A3010002244A00A2A73F00628A3C00629ACC
:206800004C00A2AF400062925000A2A3410062925100A2A35400A0A31000A2275800A2AF2E
:206820005C00B6AF0800A28E5400A52709F840000000A496FFFF0324090043104C0002AE47
:206840001C00A28E0300052409F840000000A496FFFF03240E004314500002AE500000AEBD
:206860004C0000AE251000007C00BF8F7800B68F7400B58F7000B48F6C00B38F6800B28FA0
:206880006400B18F6000B08F0800E0038000BD27049D133CC4C87326049D153C18C9B526A3
:2068A0000D004012252840020B0080122528000000006596FFFF832625104002FFFF0424C1
:2068C0000000468C1A00A610FFFF6324FCFF641408004224252800000400628E09F840002E
:2068E00025202002E0FF40100C007326ECFF7516000000005000048EDBFF80100100062470
:206900004400028E4C00428C09F8400096070524D6FF40107C00BF8F42000396010004248F
:206920008473837CC47B037CCFFF0010420003A6E9FF00100400458C0400568C7AFF00109E
:20694000540016AE58FEBD27A401BFAFA001B3AF9C01B2AF9801B1AF9401B0AF25808000BF
:206960002598A000DC8092871000A0A32C0006241000A52779AD400F252040021000A3937E
:206980000200022484006214C00006242528000079AD400F25204002C000032480004314E4
:2069A000380106243C00A52779AD400F2520400225884000040042287B0040140400062418
:2069C000029D053C7C91A52416FB400F3C00A4273C004054258800005E0003960E00622C8A
:2069E000610040102828022406106200010042305D0040101400A38F4800028E5B006214E9
:206A000025280000010060563C007326060006242528600216FB400F2C00A42753004014C0
:206A200025280000600002920400423006004014010003242000A28F340002AE64000292F0
:206A40000400627C640002A27C01A0AF8001A0AF8401A0AF8801A0AF8C01A0AFFCFF2226E5
:206A60004000A327049D113C64D831267401A3AF11000010049D133C7401A38F0000659017
:206A80001CD864260000868C2A00A654080084240400828C7401A52709F8400025200002B7
:206AA0000C0040187401A38F211862007401A3AF7801A38F23106200EFFF401C7801A2AF15
:206AC0002588000057F7400F252040022B00001025102002FBFF4014258800007C01B18F9B
:206AE00002000224060022120500022418002216020002245C0003962D0062542400038E04
:206B00008001A28F240002AE60000292010003248410627C600002A205000224E9FF221612
:206B20007401A52746C7400F25200002E5FF001005001124D4FF91540000868C0100649084
:206B40000200842421186400C8FF0010231044002400038E8001A28FF0FF6250050002246D
:206B6000D8FF001025880000252800000CE6400F252040022588000025102002A401BF8F75
:206B8000A001B38F9C01B28F9801B18F9401B08F0800E003A801BD27CAFF00102588000089
:206BA000C8FF001025880000C6FF0010258800008001A28FC3FF621425880000D9FF001050
:206BC0007401A527D0FFBD272C00BFAF2800B5AF2400B4AF2000B3AF1C00B2AF1800B1AF9D
:206BE0001400B0AF8C00C0102588C00025A8A0002590C0008800A010258800003BFD400F0B
:206C00000000000084004010258040004800428C820040102510200258EF400F252000029F
:206C2000770040102588400025A040022B9052000100405625A04000FFFF94320800048E92
:206C40000400128E211094002B105200590040542590800223904402FFFF5332FFFF52321C
:206C600025304002A9FD400F2528A00221A8B20223909302FFFF52320000028E080002AE0A
:206C8000253040022528A002A9FD400F0800048E0800028E21105200080002AE1000058E69
:206CA0002E0045508400028E8400048E4007837C0B006010200083300900601423A03402DD
:206CC0000400038E0000068E231866004078637CFFFF94322B1874003E006010000000002A
:206CE0002B18A200350060500400038E23104500FFFF4230600006962B3846000200E010B6
:206D00002518C00025184000FFFF6330660007962B3867003600E010000000006A0007966E
:206D2000423807002B186700310060102B30C2000900C0144006827C2D00401400000000C8
:206D400000808430050080548400028E0C00028E2700A210000000008400028E0400423013
:206D600011004014010003248400028E8410627CDFF7400F840002AE73F6400F2588400002
:206D80008018110021187100C01803006210043CD34D842419006400101800008219030008
:206DA00021186200280003AE218853021A000010FFFF3132B2FF00102598000023186500B8
:206DC0000000068E2310460021106200C9FF0010FFFF423035F7400F252000028400028EF5
:206DE000010003244429627CEFFF0010840002AE35F7400F25200002ECFF00102188530233
:206E00007100039201000224040062142510200235F7400F25200002251020022C00BF8FE1
:206E20002800B58F2400B48F2000B38F1C00B28F1800B18F1400B08F0800E0033000BD2716
:206E4000B8FFBD274400BFAF4000B6AF3C00B5AF3800B4AF3400B3AF3000B2AF2C00B1AF52
:206E60002800B0AF258080002598A0007A65400FE880928F401802002118620080180300C2
:206E800021106200C0100200219042024C00428E4E0040100000000009F840002520000256
:206EA0004A00401025884000B4FD400F252040000200432C45006014000000006000439267
:206EC000400063300200601025A00000010054241000A0AF1400A0AF1800A0AF1C00A0AF9B
:206EE0002000A0AF2400A0A314002726251020021000A3272000062401004224FFFF4490A7
:206F000006008610F7FF85240500A52C0300A01400000000000064A001006324F7FF4714CC
:206F200001004224B4FD400F1000A4272E004010258040001000A22721B0500025904000BD
:206F40007800152400004492D3FF8224FF0042300200422C0600405401005226C8FE400F29
:206F60000000000001004050000055A201005226F4FF56161000A293200042349FFF4224D2
:206F80001A00422C02004014780002241000A2A32110B0030F005224C8FE400F0F004490BF
:206FA0000200401478000224000042A237008016030002260400638E2A1043000E0040142D
:206FC000FFFF0224160000104400BF8F04000052258800022C001126BDFF001025A00000DC
:206FE000BBFF001025A000000C008012251000000A000010000020A20000648E0C0002242F
:20700000000082A0010090A0253000021000A527A9FD400F02008424020002264400BF8F8F
:207020004000B68F3C00B58F3800B48F3400B38F3000B28F2C00B18F2800B08F0800E0032B
:207040004800BD270000648E0C000224000082A0010090A0253000021000A527A9FD400F65
:2070600002008424010012262B1092020B908202253040021000A527A9FD400F2520200270
:2070800021903202E4FF0010FFFF40A2000020A20400638E2A104300EAFF4014FFFF0224A3
:2070A000DFFF00104400BF8FD8FFBD272400BFAF2000B4AF1C00B3AF1800B2AF1400B1AF15
:2070C0001000B0AF2588800025A0A0004400929014005226FFFF52323D00422E0400401436
:2070E0002598E000AC80828FFEFF4014000000001800308E00000292040003240439627CB5
:20710000821812000418627C000002A2460022960100423016004010140002264500239218
:2071200080180300211043000000439001000424C439837C4431037C140004240420837CF5
:20714000000043A004000324010043A0040043242120120223186400201E037C5800601851
:20716000020040A4AC80828FFEFF40140000000057006012010000A20000629220004230A9
:207180000400401025100000010003248410627C010002A20000629210004230040040105D
:2071A0000100032401000292C418627C010002A200006292080042300400401001000324C9
:2071C000010002920421627C010002A2000063920700623004004010212046020100029272
:2071E0004439627C010002A2C69C400FFFFF8430020002A6CC80849701008424FFFF8430C0
:20720000C69C400FCC8084A7040002A6C69C400F25200000060002A60200629204004010AC
:2072200001000324060002968473627C060002A6010062920100405064000224080002A249
:20724000090014A20A0000A63800228E0C0002AE3C00228E100002AE4000228E600042904D
:2072600004004230050040142530000025284002CE9C400F252000020A0002A61000238EE8
:207280000C006294211042020C0062A41800228E211052001C0022AE4000228E280022AE46
:2072A0002400BF8F2000B48F1C00B38F1800B28F1400B18F1000B08F0800E0032800BD27A8
:2072C000ABFF6204040040A0A9FF00100000000021204602C69C400FFFFF8430020002A66C
:2072E000CC80849701008424FFFF8430C69C400FCC8084A7040002A6C69C400F2520000002
:20730000060002A6CDFF001064000224A020047C0800E00302142400A020047C0800E003C9
:2073200025108000A020047CA028057C021425000800E003021C2400FCFFA8241B000105BF
:20734000010007348500A0102518C000FFFFA8240400001500000000000083900F000010AA
:2073600021186600FFFF0825060000150100839000008890001A0300251868000700001023
:20738000211866000000899002008890001A0300251869002118680021186600024C0300C7
:2073A000FFFF6A306D00001021182A01110000001300C00001008230030089300F002011C1
:2073C00004000B34235869012540000000008898FFFF29250500201108000A34FFFF2925EC
:2073E0000200201108004A2508004A2504404801010007712328AB0021208B004219050044
:2074000040310300130060100000888C0400898C0100077108008A8C010027710C008B8CF5
:207420000100477110008C8C0100677114008D8C0100877118008E8C0100A7711C008F8CEA
:207440000100C771FFFF63240100E771EDFF0010200084242328A60002190500003103000C
:207460000B0060100000888C0400898C0100077108008A8C010027710C008B8C0100477158
:20748000FFFF632401006771F5FF0010100084242328A600C2180500C03003000700601098
:2074A0000000888C0400898C01000771FFFF632401002771F9FF0010080084242328A6005F
:2074C0008218050080300300030060100000888C04008424010007712328A6000F00A010FE
:2074E0000100A6300400C014000000000100888809000010024408000200A6300400C014B5
:207500000000000000008888030000100246080002008888024208000100077110480000C9
:2075200012400000211828012B586800020060110000000001006324024C0300FFFF6A30C8
:2075400021182A01024C0300FFFF6A3021182A010200401000000000A018037C271060005A
:207560000800E003FFFF4230D0FFBD272C00BFAF2800B3AF2400B2AF2000B1AF1C00B0AF59
:2075800000A0023CB401422478004414258000002588A0002590C0001000A0AF1400A0AFF9
:2075A0004C80828F010042244C8082AF00A0023C2802428C040040100500052400A0043C52
:2075C00009F84000A40284241000A7271400A62700A0053C6402A52400A0133C4FBB400F05
:2075E000B401642625804000B40173267400628E040040100600052400A0043C09F8400011
:20760000A4028424FFFF02260200422C13004054010002245D00001600A0023C1000A28F26
:20762000060043902024037C0600810410006330030042900100423025104300210040104F
:2076400000A0023C00A0023CB40142240401438C01006324040143ACF5FF02240100205672
:20766000000022AE00A0023C6C02508C3F00001200A0023C2802428C040040100500052469
:2076800000A0043C09F84000A402842400A0103CB4011026B800058EB8B4400F2520000257
:2076A0007400028E31004010258000000600052400A0043C09F84000A40284242C000010C6
:2076C00025100002B4014224F800438C01006324F80043AC4880828F01004224488082AFE9
:2076E00001002056000020AE00A0113CB401312601000624B800258E0BF5400F2520200200
:20770000258040001000428C000040ACBC002296FCFF4224FFFF4230BC0022A61000038E50
:2077200073F6400F0C0062A4240002AE2000028E0431027C08004334200003AE1000A48FB5
:2077400003008390400065301600A050201C037C2800453405004012200005AE0000838CA3
:207760000400828C000043AE040042AE251000022C00BF8F2800B38F2400B28F2000B18F32
:207780001C00B08F0800E0033000BD27B40142240801438C01006324080143ACAFFF00105E
:2077A000F6FF0224EBFF610418004534E9FF001048004534CCFF0010000020AEE0FFBD27A9
:2077C0001C00BFAF1800B1AF1400B0AF2588A00046FD400F2580C0002518400021006010E2
:2077E000251000001F0000121100242E1D00801080881100029D023C0C78422421105100B1
:207800000000428C08004000000000005078029D7878029D9078029DA878029DBC78029D23
:20782000D078029DE078029DF078029D0079029D1479029D2479029D7C79029D9079029DA7
:20784000A079029DB479029DC879029DDC79029D3C00628C040042388000427C000002A246
:20786000010002241C00BF8F1800B18F1400B08F0800E0032000BD273C00628C0800423831
:20788000C000427C000002A2F6FF0010010002243C00628C100042380001427C000002A283
:2078A000F0FF0010010002243C00628C03004230000002AEEBFF0010010002243C00628C08
:2078C0008002427C000002A2E6FF00100100022410006294000002A6E2FF001001000224E2
:2078E00054006294000002A6DEFF00100100022458006294000002A6DAFF0010010002247C
:207900003E00629401004230000002A2D5FF0010010002245E006290000002A2D1FF00103D
:20792000010002243C00638C1C0062301C0042380005647C020080100100422C0200423453
:207940004005647C01008054040042348005647C01008054080042348004647C01008054C2
:2079600010004234C004637C0100605420004234000002AEBBFF0010010002243C00628CC8
:20798000002E427C000002A2B6FF0010010002245F006290000002A2B2FF0010010002248E
:2079A0003C00628C8007427C000002A2ADFF0010010002243C00628C0005427C000002A240
:2079C000A8FF0010010002243C00628C4005427C000002A2A3FF0010010002243C00628CF5
:2079E00027100200C2170200000002A29DFF001001000224D0FFBD272C00BFAF2800B3AF25
:207A00002400B2AF2000B1AF1C00B0AF160083900300022410006214258880001000848CC1
:207A2000420083940100633004006010010002247CD2400F01000524010002242C00BF8F56
:207A40002800B38F2400B28F2000B18F1C00B08F0800E0033000BD27E080828F5200401486
:207A60002590A000F5FFA010680006240800848CD08084AFFFFF0224DC8082A70800828C21
:207A800009F840000000259625184000E88082AFEAFF60102510000005000624049D053C35
:207AA000D4D7A524EAE3400F0C000424D48082AF01A0043C2F00410F248E842425984000C6
:207AC00004004296DA8082A706004596D88085A7020107242530000089EB400F0100042473
:207AE00025804000FFFF0224210002121000A62705000524EF9D400F252000021000A297D2
:207B00000002422C08004010000202241000A2A700020624050005242988400F252000027B
:207B20003E0040100000000025380000DA80869701000524ABAE400F252000023700401043
:207B400025300000020005242988400F2520000225380000049D063C94EDC6240001052489
:207B600025DE400F252000022C00401000000000DC8090A7D480828F0600401000000000A2
:207B80000400601200000000FFFF02240500025600002296FBD5400F00000000A7FF001061
:207BA00025100000E48082AF1400239640100300211043008010020021104300C01002008F
:207BC000E880838F21106200600040A002004396010060500A000324580043A40200032433
:207BE000560043A4E80303245A0043A41000248E420082940100423004004050E080828F63
:207C00007CD2400F01000524E080828F01004224E08082AF89FF00100100022460F4400FD2
:207C200025200002D2FF0010FFFF1024B8FFBD274400BFAF4000BEAF3C00B7AF3800B6AFB1
:207C40003400B5AF3000B4AF2C00B3AF2800B2AF2400B1AF2000B0AF7100E0100100102449
:207C6000259080002598A00025A0C0000100A230090040102588E000F9C3400F01000724FD
:207C80006700401025804000FFFF312664002012010073260100942601003E326D00C01357
:207CA0000200222EFFFF31260200222E2B0040140100072457E2400F252040025800401069
:207CC00025804000ADFF02241000A2A3021413001100A2A3021213001200A2A31300B3A332
:207CE000000082921400A2A3010082921500A2A3B3F3400F2520400225380000253000007A
:207D000006000524B391400F1000A427410040100000000007ED400F00000000258040000D
:207D2000C7F3400F252040023C00001264000524AEE5400F25204002380040102580400002
:207D40000400222E0B00401042101100F1EB400F252040023200C01301000724213091024A
:207D600021283302F9C3400F252040022C000010258040001800A2AF020095260100162471
:207D8000ADFF17241000B7A30000A2921100A2A30100A2921200A2A3B3F3400F2520400200
:207DA000253800002530000003000524B391400F1000A427130040100000000007ED400FD1
:207DC000000000001C00A2AFC7F3400F252040021C00A28F0D00401064000524AEE5400F8D
:207DE00025204002090040100100D6261800A28F2B10C202E3FF40140200B526D3FF001069
:207E000000000000C7F3400F252040020400001025800000C7F3400F2520400225800000E4
:207E2000251000024400BF8F4000BE8F3C00B78F3800B68F3400B58F3000B48F2C00B38F94
:207E40002800B28F2400B18F2000B08F0800E0034800BD2797FF401000000000F0FF0010FA
:207E600001001024D8FFBD272400BFAF2000B4AF1C00B3AF1800B2AF1400B1AF3DF0400F16
:207E80001000B0AF560040102400BF8F9000508C5000001225884000029D133CA8957326DC
:207EA000900054241000028E0400428C050022520F0003926080828FFEFF401400000000E9
:207EC0000F00039202000224050062500C0002926080828FFEFF4014000000000C0002929D
:207EE000FFFF4224FF0042300500422C43004010010002240E000392040062540C00029283
:207F00007B01410F1000248E0C000292FFFF422480100200211053000000428C252800029C
:207F200009F84000252020020E0002920600422C36004010000000000E0002920500432CE7
:207F400024006014000000001000048E0400838C050023520D0003926080838FFEFF601455
:207F6000000000000D000392010063300F0060540C0003920800838C2D0060100700432C3D
:207F800026006010050003240300431425300000040002240E0002A20800828C08000796D9
:207FA00009F84000252800020C00039203000224080062100200072425308002252800029A
:207FC0002DD0400F252020029000308EB6FF00561000028EBDF7400F252020022400BF8F19
:207FE0002000B48F1C00B38F1800B28F1400B18F1000B08F0800E0032800BD276080828FDC
:20800000FEFF4014070002240E0002A27D01410F1000248EC9FF00100E0002926080828F35
:20802000FEFF4014ECFF0624DCFF00100800828C0C00039203000224E6FF621000000000B8
:208040006EFA400F252080020A004010259040000F004390020002240400621000000000D3
:208060006080828FFEFF40140000000004001212252840026080828FFEFF40142528400236
:208080000BFC400F9C00242603000224CEFF00100F0042A2D0FFBD272C00BFAF2800B4AFD3
:2080A0002400B3AF2000B2AF1C00B1AF1800B0AF258080003400A5AF2588000025A00000A7
:2080C000FFFF122424009324A9F6400F000000003800028E1E004010FFFF4224380002AE21
:2080E0000000028E050040541000028E7BFF400F00000000080002AE1000028E090040103D
:2081000000000000A3BA400F100004260500401000000000006802400001423400688240D9
:20812000C000000041EE400F01001124251020022C00BF8F2800B48F2400B38F2000B28FC8
:208140001C00B18F1800B08F0800E0033000BD273400A28F050040140000000041EE400F31
:2081600025880000F2FF0010251020020300801600000000AA65400F1000A42741EE400FAA
:2081800000000000A265400F00000000A9F6400F00000000440002922014027C010052506E
:2081A000440000A2450002922014027C01005250450000A241EE400F000000003400A52746
:2081C0002ADA400F1000A4272300401400000000CDFB400F25200002190040100000000033
:2081E0000000028E080040143400A58FA9F6400F0000000045B9400F0800048E41EE400FD8
:20820000258840003400A58F08FB400F252060029BD0400F25200002AFA5400F000000006C
:20822000A9FF405401001424006802400001423400688240C0000000A3FF001001001424D3
:208240009BD0400F25200002AFA5400F010014249DFF0010000000009BD0400F2520000294
:20826000AFA5400F00000000CDFB400F2520000295FF401001001424ADFF201225102002AB
:20828000A9F6400F000000002400058E0500A010000000003000028E0000428C05000524C8
:2082A0002328A20000C1400F0800048E41EE400F258800009EFF001025102002D8FFBD273D
:2082C0002400BFAF2000B1AF1C00B0AF0300C01425808000FF7F063CFFFFC6341000A0AFFE
:2082E0001400A0AF0000A38C73006010251000004400118E25600000254800008001182442
:208300000100EF3001000A240200E73004000E24E800088E252040000000028D04000D8D8F
:208320000E00A25500004D8C000000AD0C004014040000AD010080551400A4AF01002055EE
:208340001000ABAF03000224E800048E1400A78F1000A38F540000102530000000000DAD11
:208360002540600000E06D7C08004DAC040058AC0400E0110000000004004D8C444A4D7D3C
:2083800004004DAC0500E0504247080004004D8C04634D7D04004DAC4247080028000E1533
:2083A000000000000400438C8452437D040043AC000040AC2A008010140040AC000082AC8D
:2083C0000400432400E0637C140083AC0400A5240000A38C25006054FFFFC6240200201140
:2083E0001400A2AF1000ABAF1000A38F3200601025100000010007241000A627EC00058E0D
:2084000063B1400F252000021666400F252020020700401400000000EC00028E0000458CD8
:208420000400A52400E0A57C5A65400F252020020A66400F252020021F000010251000006F
:20844000DCFF6204000040AC010080551400A4AF010020551000ABAFBBFF0010FEFF0224E5
:2084600025584000D9FF001025484001A8FFC01425604001DCFF20111400A2AFDAFF00100E
:208480001000ABAF2540C000000060AC140060AC0400858C0D00A0540000A3AC000083AC8D
:2084A000040083AC25180001F7FF67540000688CF4FF60542538C0002400BF8F2000B18F10
:2084C0001C00B08F0800E0032800BD270400898C0400652400E0A57CF1FF0010140025ADBD
:2084E000E8FFBD271400BFAF1000B0AF5481828F7D004014000000007881908F01001026BA
:20850000788190AF0A000016000000008881828F8481838F888183AF848182AF6481828F6B
:2085200001004224648182AFDAFB400F000000005C81838F2B1803021400601425100000A6
:208540008881828F0000428C0E004010251000000100082401A0063C7C8BC6248881838F84
:208560000C00638C0C00638C0400648C2B2804021900A0501400648C5C8184AF0300001088
:2085800000000000FFFF03245C8183AF8C81838F2C00648C80180400211864008018030098
:2085A00001A0043C7C8B8424211864000000638C0200632C010004240A1083006881848F4C
:2085C000010003240B1064001400BF8F1000B08F0800E0031800BD270800678C0C00658C64
:2085E0000800E5AC0800678C0400A7AC040065240400878C0400E554140060AC0C00678C90
:20860000040087AC140060AC0000878CFFFFE724000087AC2800648C110080502C00678C9C
:208620001C00698C2000678C080027AD1C00698C0400E9AC180067240400898C0400275554
:20864000280060AC2000678C040087AC280060AC0000878CFFFFE724000087AC2C00678CFA
:208660007481898F0420E80025208900748184AF8020070021208700802004002120C400D3
:208680000400848C080064AC0800878C0C0067AC0400E5AC080085AC2C00678C80200700E0
:2086A00021288700802805002128C500140065AC0000A48C010084240000A4AC8C81848FC1
:2086C0002C00638C2C00848C2B1883000B1003018881838F0000638CA0FF6014FFFF03241C
:2086E000A9FF0010000000006C81828F010042246C8182AFB4FF001025100000B8FFBD27AC
:208700004400BFAF4000BEAF3C00B7AF3800B6AF3400B5AF3000B4AF2C00B3AF2800B2AF79
:208720002400B1AF2000B0AF259880002590A0005000A6AF25A0E0001000A0AF1400A0AF98
:208740001800A0AF1C00A0AF01A0103CA6FA400F248E0426248E118E12002012029D1E3C01
:20876000029D153C049D173C029D163C1000228E040040500400228E080053540000318EAE
:208780000400228E16004010252840020C00268E09F84000252060020000318EF4FF205660
:2087A0001000228E01A0043CB4FA400F248E84244400BF8F4000BE8F3C00B78F3800B68FA3
:2087C0003400B58F3000B48F2C00B38F2800B28F2400B18F2000B08F0800E0034800BD27FD
:2087E0000800228E3F0040101000A28F2B0040540800228EE880908F7A65400F252060021E
:2088000040180200211862008018030021106200C01002008D01410F218002021000A2AF7F
:20882000FFFF4226FF0042300E00432C0C0060149B0807240897C626583CA5268501410FD6
:20884000252000003400028E1400A2AF3000028E22004050FFFF02240F0000101800A2AF8C
:208860006804E3262110430000004390FFFF62240200422C110040503400028E4800028E0B
:208880001C00A2AF010002240B0062145000A28F1400A2AF1800B4AF0800228E0C00278EE9
:2088A0001000A6272528400209F8400025206002BAFF00100000318E3400028E1400A2AFB3
:2088C0000B00422EE1FF40102A0402240610420201004230DDFF4010FFFF0224EEFF00107F
:2088E0001800A2AFA20B0724C895C627583CA5268501410F25200000A8FF00100000318EFD
:20890000A8FFBD274800B6AF25B0C0000400A68C4400B5AF4000B4AF3400B1AF0000B58C34
:208920005400BFAF5000BEAF4C00B7AF3C00B3AF3800B2AF3000B0AF25A080002588A000AE
:208940004A00C0042518E0004408157C0800278E1000A9320000D28E0400DE8E0400201162
:2089600025B8E00025105E0201004054FEFFF7240800A83201000055FFFFF7261000308ED7
:208980000C00338EFFFF102621107002000040A02528E0020200022A0A00401425105E0203
:2089A000340040142310D700211045003500401C251000000300A0180200A23231004014D3
:2089C000251000000B002011000000000000C28E0400C48E2510440006004010211070020E
:2089E000FEFF1026FFFF43A02110700230000324000043A00400001120000324FFFF1026F6
:208A000021107002000043A01000268E21287002FFFFC6241000B5AF2330D000D8CA400FE1
:208A2000252080020400838E00016330040060105400BF8F0400238E2A2043000B106400EF
:208A40005000BE8F4C00B78F4800B68F4400B58F4000B48F3C00B38F3800B28F3400B18FE4
:208A60003000B08F0800E0035800BD27B7FF0010010006240F0042320A004A28020040111D
:208A80005700442430004424BFFF62241A00422C13004010200082349FFF42241A00422CEE
:208AA00010004050FFFF10266400A3AF2800A7AF2400A6AF2000A5AF1C00A8AF8300410F7B
:208AC0001800A9AF6400A38F2800A78F2400A68F2000A58F1C00A88F1800A98F252040005D
:208AE000FFFF102621107002000044A00291120000171E00FFFFA52425905200A5FF00105F
:208B000002F11E0000002110422063308440A550C660E770088129914AA16BB18CC1ADD1D3
:208B2000CEE1EFF13112100273325222B5529442F772D662399318837BB35AA3BDD39CC339
:208B4000FFF3DEE36224433420040114E664C774A44485546AA54BB528850995EEE5CFF5F5
:208B6000ACC58DD55336722611163006D776F6669556B4465BB77AA719973887DFF7FEE7B9
:208B80009DD7BCC7C448E5588668A7784008611802282338CCC9EDD98EE9AFF948896999F5
:208BA0000AA92BB9F55AD44AB77A966A711A500A333A122AFDDBDCCBBFFB9EEB799B588B39
:208BC0003BBB1AABA66C877CE44CC55C222C033C600C411CAEED8FFDECCDCDDD2AAD0BBDF5
:208BE000688D499D977EB66ED55EF44E133E322E511E700E9FFFBEEFDDDFFCCF1BBF3AAFB9
:208C0000599F788F8891A981CAB1EBA10CD12DC14EF16FE18010A100C230E32004502540D2
:208C200046706760B9839893FBA3DAB33DC31CD37FE35EF3B1029012F322D2323542145238
:208C400077625672EAB5CBA5A89589856EF54FE52CD50DC5E234C324A014810466744764F4
:208C600024540544DBA7FAB79987B8975FE77EF71DC73CD7D326F2369106B01657667676B8
:208C8000154634564CD96DC90EF92FE9C899E9898AB9ABA94458654806782768C018E108F4
:208CA0008238A3287DCB5CDB3FEB1EFBF98BD89BBBAB9ABB754A545A376A167AF10AD01A38
:208CC000B32A923A2EFD0FED6CDD4DCDAABD8BADE89DC98D267C076C645C454CA23C832CF4
:208CE000E01CC10C1FEF3EFF5DCF7CDF9BAFBABFD98FF89F176E367E554E745E932EB23EB8
:208D0000D10EF01ED0FFBD272C00BFAF2800B4AF2400B3AF2000B2AF1C00B1AF1800B0AF94
:208D2000258880002580A0007100C0102590C000070006246700A52475FE400F1000A4270D
:208D40005400148E58001396700006242528000061FE400F252000020800248E04008010F2
:208D600018000526AFC3400F3C000526180005263CA4400F0C00248E1C0005263CA4400FE2
:208D80001000248E200005263CA4400F1400248E240005263CA4400F1800248E2800052636
:208DA0003CA4400F1C00248E2800228E440002AE3A0040100100042400004394020003A6B5
:208DC00002004290FFFF4324FF0063300400632C32006010650002A20400228E0300468805
:208DE0000000469807004588040045980B004488080044980F0043880C0043982F0006AA85
:208E00002C0006BA330005AA300005BA370004AA340004BA3B0003AA380003BA97DC400F1F
:208E20002C0004262400228E480002A642000296010003240463627C420002A62400258E10
:208E4000A7FC400F25200002040040542400028EC1F0400F252000022400028E100002AED2
:208E60002800028E140002AE42000296010003244429627C420002A62400258E7FFB400F9F
:208E80002520000205004014252000004200029601000324C418627C420002A60B004012EA
:208EA0001000A38F6A0003AA670003BA1400A3936B0003A21500A3936C0003A21600A39333
:208EC0006D0003A2540014AE580013A6010082382C00BF8F2800B48F2400B38F2000B28FF2
:208EE0001C00B18F1800B08F0800E0033000BD2725A0000094FF00102598000025108500E1
:208F000037004010251000000100022444008210C21F0500FFFF0224330082100A00022499
:208F200050008210F6FF022445008210FFFF02243400A004000000004E00A0142030867019
:208F40002000C624F8FFC22442380400274802002000483004284500063827010410440074
:208F6000252040002528E5000B2008000B2848003E04022423304600070087302510800018
:208F80002B00E050C2100400C000427C03004224212044002B108200212845000006A27CC5
:208FA00023004010C210040002110400003F05000100C6242510E200022105000005857CDD
:208FC0000200A050253000000098847CC01A030025186600001D03000800E0032518640086
:208FE0000800E00325180000CDFFA4540A000224C01A0300FF036334001D03000800E003D4
:2090000025100000340080100080023C2B1004002328050023200400C7FF00102328A20000
:20902000BDFFA054FFFF0224F2FF0010C01A0300403F05002510E200E0FF0010C22005000D
:20904000BBFFA21400000000C01A0300020463340400043C001D0300251000000800E003A2
:2090600025186400B0FFA054F6FF0224F7FF0010C01A03002030A670080007242338E600D4
:209080000600E01C40400500AEFFE0142510800007008730BAFF0010360406242748070092
:2090A0000610E400042028012000E8300638E500251082002520E0000A2048002528E00093
:2090C0003E0409240B2808002330260125108000ABFF001007008730CDFFA2542B1004003E
:2090E0003E04062425100000B7FF00101000043C0100A0540000A0AC77008010251000003C
:20910000000086807400C01025180000F8FFBD2701008424FF00C2302530000025380000A1
:2091200003000B24255000002E0009240200083C06050825D0FF4C241100E014FF008C31AF
:209140000A00822D4100401025100000001A030001008424FFFF8290230040100438837D0B
:209160000100E724F3FF0010FF00E7300400C72C5100E01025384001EFFF0010D0FF4C24B8
:209180003400EB140000000030004914251000002B1068004C0040102168A603003C677C4A
:2091A0004010070021104700C01002002110470080100200003A6C7C80380C002138EC00D9
:2091C0004038070021104700211043000000A2A10100C624FF00C63001008424FFFF829048
:2091E000E2FF401425180000030004241700C414251000000200043C060584242B2064000A
:2092000012008010003C647C4010040021104400C01002002110440080100200003A667CD2
:2092200080200600212086004020040021104400211043000300A2A30400A0100100022451
:209240000000A28F0000A2AC010002240800E0030800BD27130049142B1068001C00401012
:209260002168A603003C677C4010070021104700C01002002110470080100200003A6C7CD0
:2092800080380C002138EC004038070021104700211043000000A2A10100C624CEFF00104F
:2092A000FF00C6300A00822DA8FF401425100000E6FF001000000000E4FF001025100000B3
:2092C000E2FF001025100000E0FF001025100000DEFF0010251000000800E0030000000037
:2092E000C8FFBD273400BFAF3000B5AF2C00B4AF2800B3AF2400B2AF2000B1AF1C00B0AFF4
:20930000258080002590A0004000A6AF2588E00025A0000010009324A9F6400F0000000037
:209320003800028E3C00038E2B1043000300401402000224240022164000A28F2530200257
:209340002528400299CA400F252000022400038E1500601000000000A3BA400F2400042651
:209360000500401000000000006802400001423400688240C000000041EE400F000000000F
:20938000010002243400BF8F3000B58F2C00B48F2800B38F2400B28F2000B18F1C00B08FB7
:2093A0000800E0033800BD27F3FF401000000000006802400001423400688240C000000059
:2093C000EDFF001000000000050040140000000041EE400F00000000EAFF0010251000008C
:2093E0000300801600000000AA65400F1000A42741EE400F00000000A265400F00000000C7
:20940000A9F6400F00000000440002922014027CFFFF032401004350440000A2450002925C
:209420002014027CFFFF032401004350450000A241EE400F000000004000A5272ADA400FFD
:209440001000A4271C00401400000000A9F6400F000000003800158E41EE400F3C00148E9C
:209460000F00B4164000A58F08FB400F252060029BD0400F25200002AFA5400F0000000002
:20948000A5FF405401001424006802400001423400688240C00000009FFF00100100142469
:2094A0009BD0400F25200002AFA5400F0100142499FF0010000000009BD0400F2520000226
:2094C000AFA5400F00000000AEFF001025100000E0FFBD271C00BFAF1800B2AF1400B1AFBD
:2094E0001000B0AF259080002588A0003BFD400F2580C0002518400023006010251000004A
:209500000D00222E6B00401080881100039D023C24954224211051000000428C0800400085
:20952000000000005895029DA095029DF095029D1C96029DB496029DB496029D4896029D07
:20954000B496029D6096029D7496029D9096029D9C96029DA896029D0B000012251000001F
:2095600000000492010084388400628C04A5827C840062AC010004920100843844AD827CAA
:20958000840062AC010002241C00BF8F1800B28F1400B18F1000B08F0800E0032000BD27BD
:2095A000F9FF001225100000000004928400628C8473827C840062AC00404430F2FF8010A8
:2095C00001000224730060A00200029601004050102702246C0062A40400029201004050CE
:2095E00006000224800062A0E7FF0010010002240100033C2B180302E3FF60102510000091
:209600002400072425300000FFFF05327E82400F25204002DDFF00101C00BF8F0100033C05
:209620002B180302D8FF60102510000018000724FFFF0632252800007E82400F25204002CA
:20964000D2FF00101C00BF8F2B8010008400628C44CE027E840062ACCBFF0010010002246D
:209660008400628C046B027E840062ACC6FF001001000224FFFF10322B8010008400628C8E
:20968000C47B027E840062ACBFFF001001000224810070A0BCFF001001000224820070A06F
:2096A000B9FF001001000224880070A0B6FF001001000224B4FF001025100000E0FFBD277C
:2096C0001C00BFAF1800B1AFA9F6400F1400B0AF5481828FFFFF4224548182AF5481828FF1
:2096E00064004014258000007C81828F6100401001A0023C748E428C4A00401001A0083C20
:20970000748E09250100072401A0053C7C8BA5240C00228D0C00428C2800438C1C00468CC1
:209720002000448C0800C4AC1C00468C040086AC180044240400668C0400C454280040ACF7
:209740002000448C040064AC280040AC0000648CFFFF8424000064AC1400438C0800468C8E
:209760000C00448C0800C4AC0800468C040086AC040044240400668C0400C454140040AC07
:209780000C00468C040066AC140040AC0000668CFFFFC624000066AC2C00468C74818A8FDD
:2097A0000418C70025186A00748183AF8018060021186600801803002118A3000400638C51
:2097C000080043AC0800668C0C0046AC0400C4AC080064AC2C00468C8018060021206600CB
:2097E000802004002120A400140044AC0000838C01006324000083AC8C81838F2C00428CFD
:209800002C00638C2B10620001004054688187AF748E028DBFFF40540C00228DDAFB400F1A
:20982000000000006C81908F090000120100112438A1400F0000000001004054688191AFE5
:20984000FFFF1026FAFF0016000000006C8180AF6881908F07000012000000008C81828F6A
:20986000006802400001423400688240C00000000100102441EE400F0000000025100002F3
:209880001C00BF8F1800B18F1400B08F0800E0032000BD27C8FFBD273400BFAF3000B7AFE1
:2098A0002C00B6AF2800B5AF2400B4AF2000B3AF1C00B2AF1800B1AF1400B0AFA880828FE1
:2098C0005D004010FFFF152425A080002588A0002598C0000200A2302600401425B0E00092
:2098E000FFFF052471F8400F908084270600601625B80000EEE4400F000000000C004010F8
:2099000025B8600225984000A480838F08006018A880828F259000000000448C1A008010ED
:20992000A080848F01005226FBFF431604004224BDF7400F908084273F000010FFFF15247A
:2099400030000010100002A6010002243B0082162510A0023900C012010003240000C28EBB
:20996000140002AE3C00028E0442627C320000103C0002AEFFFF052471F8400F908084276B
:20998000DCFF0010000000000800828C6000062409F8400001000524E5FF401025804000B8
:2099A00020AE127C120015A680901200A880828F21905200000050AEBDF7400F9080842764
:2099C0002A0013A6280017A65C0014A203000224540002A6580002A63C00028E046B827E4D
:2099E0003C0002AE80002232D5FF401098808297100000A63C00028E01000324444A627C3C
:209A00003C0002AE0001223204004010010003243C00028EC45A627C3C0002AE0100313271
:209A2000C9FF2012010003243C00028E1C004234C4BD627C3C0002AE2510A0023400BF8F02
:209A40003000B78F2C00B68F2800B58F2400B48F2000B38F1C00B28F1800B18F1400B08FE2
:209A60000800E0033800BD27D0FFBD272C00BFAF2800B6AF2400B5AF2000B4AF1C00B3AF7C
:209A80001800B2AF1400B1AF1000B0AF5C00A010258080002588A0002BF6400F2520000037
:209AA00025284000A880828F5D004010120035865D00A006A480838F2A18A3025C0060107A
:209AC00080181500211043000000428C4F00515401001124340002960700401025A0000085
:209AE000340000A62590000001001624259800001E000010258800005A002296010042307F
:209B000013004010259000004C00328E5000348E2800138E0C00228E3400505456002296A4
:209B20001000028E0C0040A43C00228E00024230090040500000228E540000A62000028E42
:209B4000C418027C200002AEE9FF001025B00000F0FF001025980000F8FF0010080022AE73
:209B60002590000025B0000025980000ACF7400F252000001100C012010006242000028EA9
:209B800040004234200002AE25280002CDDB400F2800048E2C00BF8F2800B68F2400B58FF0
:209BA0002000B48F1C00B38F1800B28F1400B18F1000B08F0800E0033000BD2703002012B4
:209BC000000000000BE4400F25200002F1FF401225388002010006242528600209F84002C2
:209BE0002520A002ECFF00102C00BF8FFFFF4224560022A625B00000DCFF00100100112491
:209C0000252800002588000025A80000D4FF201625A0000025900000EAFF00102598000044
:209C2000FAFF001001001124F8FF001001001124F6FF001001001124D8FFBD272400BFAF20
:209C40002000B3AF1C00B2AF1800B1AF1400B0AF0F0005248EE5400F0F0004246000401039
:209C6000F080908F5E000012020042301700401400000000029D123C48935226029D113CDA
:209C8000883C312686EF400F2400048654004010C6060724260004862530400225282002E6
:209CA0008701410F2B200400260002860300401000000000E87C400F2520000257F7400FE5
:209CC00024000486EFFF001000000000DFF7400F0000000085F6400F258840002530200285
:209CE00025380000252040002A8E400F25286000258840001C0002AE0000138E0C00628E78
:209D0000DCFF40102590000025284002E9FD400F2520600225284000000042940100433021
:209D20000D0060108000433012006010000143301400038E010060501800A38C0800A28CEA
:209D4000231022022B1043000400405401005226EEE1400F25200002010052260C00628E43
:209D60002B104202E9FF401425284002C2FF0010029D123C140060540C00A28C0C00A38C9E
:209D8000231823020200632CF4FF6054010052260C00B1AC2B00A3902C00A4902B206400DC
:209DA00006008010010063242B00A3A0F985400F25200002E9FF001001005226000142341B
:209DC000E5FF00100000A2A4E4FF225201005226EEE1400F25200002E0FF001001005226AC
:209DE0002400BF8F2000B38F1C00B28F1800B18F1400B08F0800E0032800BD27D8FFBD27D5
:209E00002400BFAF2000B4AF1C00B3AF1800B2AF1400B1AF1000B0AF01A0103C188D10268B
:209E20000400028E1800428C09F840003400118E140002AE1400048E1000028E23208200C5
:209E40002800088E2C00098E211888002B2864002138A900280003AE2C0007AE43002012D8
:209E600000000000300002920100422411EA400F300002A23400108E180000120100122466
:209E800001A0113C188D31260C00028E1400405401A0113C180012A2190012A20400028E79
:209EA00040004014000000001000028E3D0040100000000098E7400F2000048E1000028EC1
:209EC000040040503400308E09F840001400048E3400308EECFF00160000000001A0113C34
:209EE0002089312625800000259020020100142405001324C010100021105000801002007E
:209F00002110420219004290FF0042300F004010C0101000211050008010020021104202A9
:209F2000190040A00400228E08005414C01010000800248E211050008010020021104202E2
:209F40000C0044ACDCCE400F2520200201001026E8FF13162400312601A0023C188D4224F9
:209F600030004390FFFF6324300043A04400410F0000000024B6400F258040004B00410F09
:209F8000252000022400BF8F2000B48F1C00B38F1800B28F1400B18F1000B08F0800E00360
:209FA0002800BD2773DE400F252000020400028EC2FF4050010000A2C1FF00101000028EB6
:209FC000C8FFBD273400BFAF3000B7AF2C00B6AF2800B5AF2400B4AF2000B3AF1C00B2AFFB
:209FE0001800B1AF1400B0AF9C80828F5500401025888000FFFF052471F8400F90808427DD
:20A00000A480828F2C0040581600239214002296010013240498530025900000801812002A
:20A02000A880828F211043000000508C1D000052010052262400148E7A65400F25208002F4
:20A040001700400401000324041043002410530013004010010005240DCC400F120004864E
:20A060002BF6400F252000004C00168E5000178E5A00159625284000ACF7400F252000007D
:20A080000700C0120020B5320500A0122538E002002006242528800209F8C0021200048672
:20A0A00001005226A480828F2A104202DCFF40148018120016002392020002242C00621406
:20A0C0009C80908FFFFF1026290000169C8090AFA480828F0D004018A080848F8018100002
:20A0E000A880828F211043000000448C0300801001001026BDE9400F00000000A480828FEF
:20A100002A100202F5FF4014A080848F0C00828C09F84000A880858FA88080AF9480848F71
:20A1200005008050A08080AFBFFC400F00000000948080AFA08080AFA48080AFCBFC400FF6
:20A14000908084273400BF8F3000B78F2C00B68F2800B58F2400B48F2000B38F1C00B28F49
:20A160001800B18F1400B08F0800E0033800BD27BDF7400F90808427F3FF00103400BF8FEB
:20A18000D8FFBD272400BFAF2000B3AF1C00B2AF1800B1AF1400B0AF6100801025880000EA
:20A1A000258080005E00A0102590A000F8FFB12448009324FFFF052471F8400F25206002C6
:20A1C0002400038E09006014FCFF428EF8FF40AE280011AE240011AE3000038E2318620075
:20A1E000300003AE4C000010C08802002B20230210008010C0200200212024020B006454BC
:20A20000F8FF43AE0400638C21186200FCFF43AE2400038E0000638CF8FF43AE2800048E96
:20A220002400038E01008350280011AEEAFF0010240011AE2800048E2B2891000C00A05038
:20A240002B2071000400838CC0280300212885000300251621184300DFFF0010040083AC9B
:20A26000000091ACF8FF40AEDBFF0010280011AE240080500000638C0000648C2B2824029F
:20A280001F00A010C0280200212825020B008554F8FF44AE0400848C21208200FCFF44AE04
:20A2A0000000648C0000848CF8FF44AE2800058E0000648C0100A450280011AE0400658C39
:20A2C000C020050021206400C3FF2456000071ACFCFF448E21208500040064ACF8FF448E2B
:20A2E000000064AC2800048EBBFF2452280003AEBAFF00103000038EB7FF0010000071AC1E
:20A300000000638CDAFF60142B207100F8FF0224380002AE25880000BDF7400F25206002E9
:20A32000251020022400BF8F2000B38F1C00B28F1800B18F1400B08F0800E0032800BD27F3
:20A34000D0FFBD272C00BFAF2800B2AF2400B1AF2000B0AF1600A010258080007400828CB7
:20A36000040040102588A0000500052409F84000F400842448001226252820020000318E83
:20A380002000A28C080042342000A2ACDFFD400F25204002F9FF2016252820027400028E30
:20A3A000030040100600052409F84000F400042618000296040042300F0040541000A0AF94
:20A3C00014000292100042300A00401401000624FFFF0524E0D1400F252000022C00BF8FE2
:20A3E0002800B28F2400B18F2000B08F0800E0033000BD271000A0AF1400A0AF1800A0AF09
:20A400007400028E05004010480011260500052409F84000F400042648001126DFF8400F32
:20A420002520200223004014252840007400028E2D0040100600052409F84000F4000426A2
:20A440001000A28F0D0040507400028E030012241000458C4DBA400F252000021B004010F8
:20A4600000000000170052541801028E1C01028E010042241C0102AE7400028E030040103E
:20A480000500052409F84000F40004261000A527EEF3400F252020027400028ECFFF40109A
:20A4A0000600052409F84000F4000426CCFF00102C00BF8FDFFD400F1000A427D7FF0010CD
:20A4C0000000000001004224180102AEDFF8400F1000A4271000A28FDEFF40541000458CB8
:20A4E000E6FF00107400028E1000A28FD7FF40141000A527E6FF001000000000B8FFBD278C
:20A500004400BFAF4000B2AF3C00B1AF3800B0AF258880000400908C2C00A0AF2800A0AF76
:20A520003000A0AF2000A0AF1C00A0AF2400A0AF1400A0AF1000A0AF1800A0AF900012265E
:20A540006EFA400F2520400228004014252840001C00A28F900002AE2000A28F940002AE92
:20A560002400A28F980002AE2800A58F0900A0509C001226020007242800A6272DD0400FA7
:20A58000252000022800A58FFBFFA014020007249C0012266EFA400F2520400225004010B6
:20A5A000252840000F00439003000224050062501000A28C6080828FFEFF401400000000CC
:20A5C0001000A28C17002212000000000BFC400F1000A427EFFF0010000000000BFC400F6D
:20A5E0002800A427D6FF0010000000000F00439002000224050062501000A28C6080828F93
:20A60000FEFF4014000000001000A28CF3FF2212000000000BFC400F1C00A427C8FF001071
:20A62000000000000BFC400F2800A427D9FF0010000000001000A28F9C0002AE1400A28F17
:20A64000A00002AE1800A28FA40002AE2800A58F0900A050000020A6030007242800A627CF
:20A660002DD0400F252000022800A58FFBFFA01403000724000020A6FFFF02240C0022AE49
:20A680000400238E06006294FFFF4224060062A40400238E040062948410027C040062A4CE
:20A6A0004400BF8F4000B28F3C00B18F3800B08F0800E0034800BD27D0FFBD272C00BFAF30
:20A6C0002800B6AF2400B5AF2000B4AF1C00B3AF1800B2AF1400B1AF1000B0AF25808000E3
:20A6E0003500A0102588A0002BF6400F25200000252840008C80928F4600401274003686F1
:20A700004900C0067C80828F2B10C2024C00401080101600211042020000428C4E005114E6
:20A72000010002241000048E1000839408006330030006240B10C300760033962498620224
:20A740001A00601225A800007800348E7C00358E2800128E4800228E0E00501401001124BF
:20A76000560000A6540000A6480000AE6E0000A66C0000A6600000AE000080AC1000028EED
:20A780000C0040A42000028EC418027C200002AE25880000ACF7400F252000000B002016CA
:20A7A000000000000B0000100000000025A00000E8FF00102590000025A8A0002590A0004B
:20A7C00025A0000025B00000259800000BE4400F25200002050080122538A0022530600250
:20A7E0002528400209F880022520C0022C00BF8F2800B68F2400B58F2000B48F1C00B38F30
:20A800001800B28F1400B18F1000B08F0800E0033000BD2725A8400225A000000100112433
:20A82000DCFF00102598000025A8000025A000000100112425980000D6FF00102590000051
:20A8400025A8000025A000000100112425980000D0FF00102590000025A8000025A000004D
:20A860000100112425980000CAFF00102590000000681A407CFFBD2700601B402C00B6AFEA
:20A880002800B5AF8000BBAF82D21A00847A5B7F44201B7C20A81D0000A01A3C20005A2785
:20A8A0000000568F0400C01600000000049D1D3C2CB0BD270000BD8F0100D626000056AFD1
:20A8C0000070164000609B407800BFAE7400BEAE7000B9AE6C00B8AE6800AFAE6400AEAE84
:20A8E0006000ADAE5C00ACAE5800ABAE5400AAAE5000A9AE4C00A8AE4800A7AE4400A6AE0C
:20A900004000A5AE3C00A4AE3800A3AE3400A2AE7C00B6AE1000A1AE10B000000C00B6AE9A
:20A9200012B000000800B6AE00A0163C2000D6260000D68EFFFFD6260400C01600000000A3
:20A9400000A0163C5001D6260000D5AE049D163C6401D62609F8C0020000000000A0163C2C
:20A960002000D6260000D68EFFFFD6260400C0160000000000A0163C5001D6260000D58EE1
:20A980000800B68E1300C0020C00B68E1100C0021000A18E2C00B68E3400A28E3800A38EF7
:20A9A0003C00A48E4000A58E4400A68E4800A78E4C00A88E5000A98E5400AA8E5800AB8E9B
:20A9C0005C00AC8E6000AD8E6400AE8E6800AF8E6C00B88E7000B98E7400BE8E7800BF8E13
:20A9E00000606041C000000000A01A3C20005A2700005B8FFFFF7B2700005BAF8000BA8EA3
:20AA00007C00BB8E20E815002800B58F8400BD2700609A4000709B40C000000018000042E1
:20AA20000000000000681A407CFFBD2700601B402C00B6AF2800B5AF8000BBAF82D21A00C5
:20AA4000847A5B7F44201B7C20A81D0000A01A3C20005A270000568F0400C01600000000E8
:20AA6000049D1D3C2CB0BD270000BD8F0100D626000056AF0070164000609B407800BFAEE8
:20AA80007400BEAE7000B9AE6C00B8AE6800AFAE6400AEAE6000ADAE5C00ACAE5800ABAE86
:20AAA0005400AAAE5000A9AE4C00A8AE4800A7AE4400A6AE4000A5AE3C00A4AE3800A3AEC2
:20AAC0003400A2AE7C00B6AE1000A1AE10B000000C00B6AE12B000000800B6AE00A0163C63
:20AAE0002000D6260000D68EFFFFD6260400C0160000000000A0163C5001D6260000D5AE40
:20AB0000049D163C8001D62609F8C0020000000000A0163C2000D6260000D68EFFFFD62696
:20AB20000400C0160000000000A0163C5001D6260000D58E0800B68E1300C0020C00B68E28
:20AB40001100C0021000A18E2C00B68E3400A28E3800A38E3C00A48E4000A58E4400A68E4D
:20AB60004800A78E4C00A88E5000A98E5400AA8E5800AB8E5C00AC8E6000AD8E6400AE8E61
:20AB80006800AF8E6C00B88E7000B98E7400BE8E7800BF8E00606041C000000000A01A3C6B
:20ABA00020005A2700005B8FFFFF7B2700005BAF8000BA8E7C00BB8E20E815002800B58F4A
:20ABC0008400BD2700609A4000709B40C0000000180000420000000000681A407CFFBD274D
:20ABE00000601B402C00B6AF2800B5AF8000BBAF82D21A00847A5B7F44201B7C20A81D006D
:20AC000000A01A3C20005A270000568F0400C01600000000049D1D3C2CB0BD270000BD8FD8
:20AC20000100D626000056AF0070164000609B407800BFAE7400BEAE7000B9AE6C00B8AEA3
:20AC40006800AFAE6400AEAE6000ADAE5C00ACAE5800ABAE5400AAAE5000A9AE4C00A8AE58
:20AC60004800A7AE4400A6AE4000A5AE3C00A4AE3800A3AE3400A2AE7C00B6AE1000A1AE32
:20AC800010B000000C00B6AE12B000000800B6AE00A0163C2000D6260000D68EFFFFD626EA
:20ACA0000400C0160000000000A0163C5001D6260000D5AE049D163C9C01D62609F8C002A9
:20ACC0000000000000A0163C2000D6260000D68EFFFFD6260400C0160000000000A0163C3C
:20ACE0005001D6260000D58E0800B68E1300C0020C00B68E1100C0021000A18E2C00B68EB1
:20AD00003400A28E3800A38E3C00A48E4000A58E4400A68E4800A78E4C00A88E5000A98E87
:20AD20005400AA8E5800AB8E5C00AC8E6000AD8E6400AE8E6800AF8E6C00B88E7000B98E17
:20AD40007400BE8E7800BF8E00606041C000000000A01A3C20005A2700005B8FFFFF7B278C
:20AD600000005BAF8000BA8E7C00BB8E20E815002800B58F8400BD2700609A4000709B40C6
:20AD8000C0000000180000420000000000681A407CFFBD2700601B402C00B6AF2800B5AFA0
:20ADA0008000BBAF82D21A00847A5B7F44201B7C20A81D0000A01A3C20005A270000568F07
:20ADC0000400C01600000000049D1D3C2CB0BD270000BD8F0100D626000056AF00701640CB
:20ADE00000609B407800BFAE7400BEAE7000B9AE6C00B8AE6800AFAE6400AEAE6000ADAE6A
:20AE00005C00ACAE5800ABAE5400AAAE5000A9AE4C00A8AE4800A7AE4400A6AE4000A5AE0E
:20AE20003C00A4AE3800A3AE3400A2AE7C00B6AE1000A1AE10B000000C00B6AE12B0000046
:20AE40000800B6AE00A0163C2000D6260000D68EFFFFD6260400C0160000000000A0163C4E
:20AE60005001D6260000D5AE049D163CB801D62609F8C0020000000000A0163C2000D62689
:20AE80000000D68EFFFFD6260400C0160000000000A0163C5001D6260000D58E0800B68E8C
:20AEA0001300C0020C00B68E1100C0021000A18E2C00B68E3400A28E3800A38E3C00A48EB0
:20AEC0004000A58E4400A68E4800A78E4C00A88E5000A98E5400AA8E5800AB8E5C00AC8E4E
:20AEE0006000AD8E6400AE8E6800AF8E6C00B88E7000B98E7400BE8E7800BF8E0060604183
:20AF0000C000000000A01A3C20005A2700005B8FFFFF7B2700005BAF8000BA8E7C00BB8EB9
:20AF200020E815002800B58F8400BD2700609A4000709B40C0000000180000420000000081
:20AF4000D8FFBD272400BFAF2000B3AF1C00B2AF1800B1AFDEFA400F1400B0AF59004010EA
:20AF600001A0133C8C8C702600A0123CB87F522680BF093C80BF083C0600072480BF063CDD
:20AF80001060238D000263300A00601088BF023C0010033C341043AC2400BF8F2000B38FA7
:20AFA0001C00B28F1800B18F1400B08F0800E0032800BD270C00028E0800048E4800445080
:20AFC00088BF023C0060048D060084302C00871440200200212892000000A590FF00A53034
:20AFE0000438B17CFFFF3132010084242120920000008490FF00843004FA917C01004224D2
:20B000001800048E2B2044000B1844000C0003AE0060028D060042301F004714FF0022329F
:20B020002060D1AC10000292FF004230D4FF401000000000A6FB400F000000008C8C638EE2
:20B04000CCFF601080BF093C0400058E1C000392FF00633013006010000000001400038E2F
:20B060002B104300C4FF401480BF083C8C8C628E09F8400003000424BEFF001080BF093CF3
:20B080002120520000008490FF0084300438917CDAFF0010FFFF31322060C2ACE1FF0010E5
:20B0A000000000001400038EB2FF435480BF093C8C8C628E09F8400003000424ADFF0010EF
:20B0C00080BF093C0010023C88BF033C641062AC88BF033C341062ACB0FF00102400BF8F8D
:20B0E0000010033C641043ACA9FF001088BF023C6700A010FBFF0224C8FFBD273400BFAFDD
:20B100003000BEAF2C00B7AF2800B6AF2400B5AF2000B4AF1C00B3AF1800B2AF1400B1AFFD
:20B120001000B0AF258080002588A0000000A38C160060102598C00014008010FAFF022439
:20B140004200839440006330110060503400BF8F040002244700E2100500E32C0B0060108E
:20B16000F9FF0224030002244500E25025A80000010002241100E210400015240200022479
:20B180004100E21080001524F9FF02243400BF8F3000BE8F2C00B78F2800B68F2400B58F5F
:20B1A0002000B48F1C00B38F1800B28F1400B18F1000B08F0800E0033800BD274000142453
:20B1C00001A0023C448C528C7A65400F25200002C018020021186200C01803002190430227
:20B1E0000000568E0C00C38EE8FF60102510000000003E8E0000628E24F0C20325B8000010
:20B200002528E002E9FD400F0000448E2588400000004294010043300F00601024105400BA
:20B220000E0055540100F7260800228E0000638E2410430008005E142528200299ED400F5B
:20B2400025204002FEFF072425300000080025266ED7400F252000020100F7260C00C28E42
:20B260002B10E202E6FF40143400BF8FC9FF00103000BE8F25A80000D1FF001025A000002D
:20B28000CFFF0010C0001424CDFF0010800014240800E00300000000D0FFBD272C00BFAF0C
:20B2A0002800B5AF2400B4AF2000B3AF1C00B2AF1800B1AF1400B0AF80BF143C80BF133C74
:20B2C00001A0103C8C8C102680BF123C01A0113C1060828E010042300C00401488BF023CE0
:20B2E0000008033C341043AC2C00BF8F2800B58F2400B48F2000B38F1C00B28F1800B18F70
:20B300001400B08F0800E0033000BD273060758E2800028E010042243000038E2B184300E2
:20B320000A1003002C00038E0D006214000000002000038E0A006010000000002400058ECE
:20B340002000028E09F84000010004242800028E010042243000038E2B1843000A10030050
:20B360002C00038EDAFF6210000000002800038E0060448E060084300600052423008554F5
:20B38000FF00B5322800038E40180300FF00A632B8812426212864000000A6A001006324DE
:20B3A000003AB57E21186400000075A0280002AE34000292FF004230C5FF40100000000049
:20B3C000ECFA400F000000002000038EC0FF605001A0113C2400058E3C000392FF00633010
:20B3E0000F006010000000003800038E2B104300B7FF405401A0113C2000028E09F840005E
:20B4000025200000B2FF001001A0113CB881242621186400000075A0E4FF00100000000010
:20B420003800038EAAFF435401A0113C2000028E09F8400025200000A5FF001001A0113C3D
:20B44000E0FFBD271C00BFAF1800B1AF1400B0AF258880002580A0002BF6400F252000008D
:20B46000252840008880828F1A004014010003248480828F57004014000000001600229206
:20B480005400401402000224888082AFACF7400F252000000800228E07004050888080AFE6
:20B4A00005000052888080AF0000028E1700401400000000888080AF2580000025100002F0
:20B4C0001C00BF8F1800B18F1400B08F0800E0032000BD2709004314258000008480828F4E
:20B4E0003C0040180000000016002392030060140100102401004224848082AFACF7400FB3
:20B5000025200000EEFF001025100002DFF7400F000000006C8082AF0800248E808084AF83
:20B520000000118E04000296768082A706000296748082A70800828C0400062409F8400071
:20B5400025282002040040148C8082AF888080AFDAFF0010258000007C8091AF05000624B7
:20B56000029D053C6898A524EAE3400F0A00042405004014788082AF3EE0400F2580000040
:20B58000CEFF0010888080AF8480828F01004224848082AF01000724010006242528000042
:20B5A000FDDA400F708084270100032405004310010002243EE0400F25800000BFFF001043
:20B5C000888080AF848082AF888082AFBBFF001001001024ACF7400F25200000B7FF0010CA
:20B5E00025800000D0FFBD272C00BFAF2800B5AF2400B4AF2000B3AF1C00B2AF1800B1AFCF
:20B600001400B0AF4B00C0102588C00046FD400F25A0A00054004010258040003000428CB1
:20B6200008004014259820023C00028E0004427C050040502588000081ED400F25200002FB
:20B64000259820022588000036000396090060543000158E3C00028E0004427C36004050AB
:20B660002510200281ED400F2520000232000010251020023000A0122510200234000296D1
:20B68000FFFF44302B206400010080542510600025904000FFFF42302B1062020100405486
:20B6A00025906002FFFF5232310040523400029605008012253040023800058EA9FD400F74
:20B6C0002520800221A0920223987202FFFF733221885102FFFF31323600029623105200CC
:20B6E000360002A63400029623105200340002A63800038E21187200FFFF423008004014FF
:20B70000380003AE0000A28E14004010300002AE0C004394340003A60800428C380002AE4E
:20B72000CAFF60563600039636000296CAFF40503C00028E251020022C00BF8F2800B58F8B
:20B740002400B48F2000B38F1C00B28F1800B18F1400B08F0800E0033000BD27340000A63F
:20B76000EFFF0010380000AEF2FF001025880000E5FF40500000A28EB4FF00103600039601
:20B78000E0FFBD271C00BFAF1800B1AF1400B0AF2588A0003BFD400F2580C00025184000BB
:20B7A0002500601025100000240000121C00BF8F0D00222E5600401080881100039D023C25
:20B7C000D4B74224211051000000428C080040000000000008B8029D4CB8029D70B8029D17
:20B7E00088B8029D10B9029D10B9029DA4B8029D10B9029DB8B8029DCCB8029DE0B8029DCE
:20B80000F0B8029D00B9029D8400628C021502000100423801004230000002A28400628CFA
:20B82000421502000100423801004230010002A2020000A6010002241C00BF8F1800B18F8B
:20B840001400B08F0800E0032000BD278400628C8003427C000002A26C006294020002A643
:20B8600080006290040002A2F3FF0010010002241800628C1400638C23104300000002A65E
:20B88000EDFF0010010002240400628C0000638C2310430001004224000002A6E6FF00102A
:20B8A000010002248400628C4006427C000002A2E1FF0010010002248400628C000B427CF5
:20B8C000000002AEDCFF0010010002248400628CC003427C000002A2D7FF00100100022402
:20B8E00081006290000002A2D3FF00100100022482006290000002A2CFFF0010010002240B
:20B9000088006290000002A2CBFF001001000224C9FF001025100000C8FFBD273400BFAFAE
:20B920003000B5AF2C00B4AF2800B3AF2400B2AF2000B1AF1C00B0AF258080002588A00068
:20B940002590C0001000A0AF1400A0AF7400828C0400401025A0E0000500052409F84000C6
:20B96000F40084241000A627E400058E01CD400F25202002259840007400028E44004010BE
:20B980000600052409F84000F4000426150040527400028E1000B18F120020527400028E96
:20B9A00000A0153C0400228E0B0043040000318E0800238E0400228E8002427C03004010D1
:20B9C000252075000080043C2520640009F84002252880020000318EF2FF2016000000004C
:20B9E0007400028E030040100500052409F84000F40004261000A38F1400A68F252800008B
:20BA0000130066540000678C100060542530A0007400028E030040100600052409F84000E6
:20BA2000F4000426251060023400BF8F3000B58F2C00B48F2800B38F2400B28F2000B18FBD
:20BA40001C00B08F0800E0033800BD272538A000080060ACE000048E000060AC140060ACD5
:20BA60000400828C05004054000043AC000083AC040083ACE2FF00102518E0000400888CA4
:20BA80000400622400E0427CF9FF0010140002ADD9FF40121000A38F1000B18FC0FF201602
:20BAA0001400A68FD5FF001000000000D0FFBD272C00BFAF2800B6AF2400B5AF2000B4AF74
:20BAC0001C00B3AF1800B2AF1400B1AF1000B0AF25A0A0002588C00046FD400F2590E00093
:20BAE000258040003D00001225100000270080165C0016923900C01625900000259800009B
:20BB0000FFFF052471F8400F90808427410020562A0002962A0011964500201600000000C6
:20BB2000EEE4400F00000000258840000100552CBDF7400F908084272800A01625100000A4
:20BB40003C00028E448C027C3C0002AE5C0014A2253040022528600263EA400F25200002A4
:20BB6000040040522A0011A6030040505C0016A22A0011A6010002243C00038E01000424A9
:20BB8000448C837C150000103C0003AEFFFF84260200842C11008010251000000300C012BF
:20BBA000000000000E00D4162C00BF8F1500401201000224D2FF8216259800000000428E8F
:20BBC0001200401025280000BFF4400F2520400225984000CAFF6016251000002C00BF8F42
:20BBE0002800B68F2400B58F2000B48F1C00B38F1800B28F1400B18F1000B08F0800E003C8
:20BC00003000BD27BEFF001025984002BCFF0010259800000600511000000000D1F5400F40
:20BC20002520200201005538C1FF0010FF00B532BDF7400F90808427C2FF00103C00028EFE
:20BC4000D8FFBD271C00B2AF01A0123C1400B0AFAC8D508E2400BFAF2000B3AF46000012C7
:20BC60001800B1AF01A0133CA88D718E3D00205201A0113C821F10000200022401006250FF
:20BC800000E0107E821F1100020002240100625000E0317ECAFD400F000000000000438C35
:20BCA0000400428C00A0043C2B280302211062000400A014B40184242B2802021400A05473
:20BCC0002B18300200E0857C2B2865000900A0142B2823020500A0142B2862002B2822023C
:20BCE0000E00A054251020022B2862000C00A054422704002400BF8F2000B38F1C00B28F98
:20BD00001800B18F1400B08F0800E0032800BD271C0060102B1822022518000242270400E2
:20BD2000050005241D00855000A0043C04000524210085100080043C25184000AC8D42AEBA
:20BD400001A0023CC88D43AC2400BF8F2000B38F1C00B28F1800B18F1400B08F0800E003F9
:20BD60002800BD270100023CD88E3126C8AF4224C0FF00102188220201A0103CB9FF00108D
:20BD8000D88E102642270400050005240B102302E6FF85142518000200A0043C2510440016
:20BDA00025186400A88D62AE01A0023CAC8D43AEE5FF0010C88D43AC251044002518640042
:20BDC000A88D62AE01A0023CAC8D43AEDEFF0010C88D43ACC8FFBD273400BFAF3000B5AF03
:20BDE0002C00B4AF2800B3AF2400B2AF2000B1AF1C00B0AF25A080002580A00025A8C00093
:20BE00002598E0000040E230160040104800B28F1400A0AF108082271000A2AF0000A78C14
:20BE20000000C68CE3B2400F0F00653225284000F7FF032406000424251080000A1065001A
:20BE40003400BF8F3000B58F2C00B48F2800B38F2400B28F2000B18F1C00B08F0800E00308
:20BE60003800BD2701A0023C7A65400F448C518CC018020021186200C018030021882302CE
:20BE8000252800024AD3400F0000248E25804000EBFF0012FEFF0224000002960200433024
:20BEA000130060100229130000206232020040100001A5300002A5342C002726253000003C
:20BEC00012E9400F252000020800078E1400A0AF108082271000A2AF0000A68E0F0065325D
:20BEE000E3B2400F25208002D5FF001001000224C0004330D2FF6010030002240900405254
:20BF0000000003961000028E030042AA000042BA14000292040042A215000292050042A2DB
:20BF20000000039680006330C5FF6010020002241800312604001226252840024CE9400F3B
:20BF40002520200201A0023C548C428C0C0002AE252840027EEA400F25202002B8FF0010BD
:20BF600002000224D8FFBD272400BFAF2000B4AF1C00B3AF1800B2AF1400B1AF1000B0AFEF
:20BF800025908000520080102598A0000C00828C52004010258800001000838C41006050B4
:20BFA000FFFF02241400908C3E000052FFFF022409F8400025200002258840003900201299
:20BFC000FEFF0224030024260408047C212811022328A4000408057CB0FFB4240002822E54
:20BFE00040004054258880008101410FC2A014002580400050004424049D023C24FA4224F8
:20C0000025180002200045240000498C0400488C0800478C0C00468C000069AC040068ACC5
:20C02000080067AC0C0066AC10004224F6FF4514100063240000428C000062AC240004AEBA
:20C04000540014AE500000AE280004AE2C0014AE300000AE340000AE380000AE0400428E8A
:20C060003C0002AE400011AE1000428E440002AE010007240100062425280000FDDA400F37
:20C08000480004260100032418004350258800021000428E09F84000252020022588000077
:20C0A000FDFF022401006056000062AE251020022400BF8F2000B48F1C00B38F1800B28FB4
:20C0C0001400B18F1000B08F0800E0032800BD2725888000F3FF0010FFFF0224F1FF001073
:20C0E000FFFF0224EFFF0010FCFF0224EDFF00102510000088FFBD277400BFAF7000B5AFAB
:20C100006C00B4AF6800B3AF6400B2AF6000B1AF5C00B0AF0F0005248EE5400F060004241E
:20C120000100423007004010F2FF1324F6FF122408001124BCEC400F060004240A00401422
:20C14000258040007400BF8F7000B58F6C00B48F6800B38F6400B28F6000B18F5C00B08F4B
:20C160000800E0037800BD271C00148E2C0006960800C22C390040141800158E2538000057
:20C1800025288002B2C0400F2520000234004014252840020000829631005114F3FF0524E8
:20C1A0001000A526D7F0400F2800048E2C004014F1FF05242800148E1C00048E000080A0A3
:20C1C000010080A00200829425284000FF0046300800C324FF0063300438657C0800632CEF
:20C1E00007006010003A427C01004224FF00423003004014047A457C0900C6240438C57CF2
:20C20000020085A4000000AE253000000100052436C2400F252000021800028E0C00438CB5
:20C220004800A3AF1000428C4C00A2AF5000B4AF25300000252800021895400F1000A427BB
:20C24000BCFF401406000624FAFF0524C2FA400F25200002B7FF00100000000025286002B6
:20C2600006000624C2FA400F25200002B1FF001000000000FAFF0010F3FF0524D8FFBD279D
:20C280002400BFAF2000B3AF1C00B2AF1800B1AF1400B0AF2580A000160085900300032488
:20C2A0005100A31001000224B880828F48004014010042240800828CC88082AFBC8080AF0D
:20C2C000C48080AF01A0023C108E40AC108E4224040040AC080040AC0C0040AC100040ACA6
:20C2E00001A0023CC08E40ACC08E4224040040AC080040ACC08080AF01A0023CFC8D40ACCA
:20C30000FC8D4224040040AC080040AC0C0040AC100040ACB48080AF3000001200000000B1
:20C320000000028E2D00401025300000029D053C404AA524EAE3400F0300042427004010AA
:20C34000C48082AF01A0043CACF4400F108E84242200401001A0043C2F00410FFC8D84244F
:20C360001E004010C880848F0800828C1000062409F840000000058E18004010C08082AFF7
:20C3800001A0043CFE00410FC08E84240000028E0C004010C080938F2590000001A0113C87
:20C3A000C08E312625286002F3FD400F25202002010052260000028E2B104202F9FF4014AF
:20C3C00010007326B08080AFB880828F01004224B88082AF040000100100022487E3400F48
:20C3E00000000000251000002400BF8F2000B38F1C00B28F1800B18F1400B08F0800E00341
:20C400002800BD27F00002245800A210F100A3282700601025100000C00003245300A3107B
:20C42000C100A328220060109100A3281D0060108000A3281E00601480FFA5241100A22CF1
:20C440004F00401080280500039D023C60C44224211045000000428C08004000000000009C
:20C4600018C5029D18C5029D44C5029D80C5029DB8C4029D80C5029D80C5029D80C5029D71
:20C48000F4C4029D80C5029D80C5029D80C5029D80C5029D80C5029D80C5029D80C5029D09
:20C4A00044C5029DA00003242200A3500000E28C0800E003000000000000E28C04004324C6
:20C4C0000000428C0600C0100000E3AC2016027C000082ACC317020004000010040082AC25
:20C4E000FFFF4230000082AC040080AC0800E003010002240000E28C040043240000428CB5
:20C500000300C0100000E3ACF1FF00102014027CF4FF0010FF0042300000E38C0000628C36
:20C5200004006324EFFFC0100000E3ACE9FF0010000082AC040043240000E3ACE4FF001010
:20C540000000428C0000E28C070042240410027C0000488C0400498C080042240000E2ACF7
:20C56000000088ACE1FF0010040089AC0000E28C040043240000E3ACDAFF00100000428C3F
:20C58000251000000800E00300000000D0FFBD272C00BFAF2800B5AF2400B4AF2000B3AF99
:20C5A0001C00B2AF1800B1AF1400B0AF2590A0002588C00025A0E0004400958C0000D08CEB
:20C5C0000400C28C340002160400B38C0000C0AC0400C0AC0400028EC439027C040002AEDB
:20C5E0000000228E0400238E330043540000438C000020AE31004014040020AE0000628E28
:20C600000400068E0800058E0C00048E1000038E000062AE040066AE080065AE0C0064AE47
:20C62000100063AE040000AE080000AE000000AE140000AE0400428E30004054000050AC6D
:20C64000000050AE040050AE0400628E01000324C439627C040062AE0400628E0500801244
:20C660000003427C040040142C00BF8F8464400F2520A0022C00BF8F2800B58F2400B48FBC
:20C680002000B38F1C00B28F1800B18F1400B08F0800E0033000BD270000028ECDFF0010C5
:20C6A0000000C2AC0400448E0400432400E0637C08000010140083AC000023AE000040ACF4
:20C6C000140040AC0400438EF6FF6054000062AC000042AE040042AE0400428CC0FF8012C7
:20C6E0000003427CBFFF40540000228E8464400F2520A002BBFF00100000228E0400438E0A
:20C700000400022600E0427CCEFF0010140062ACD0FFBD272C00BFAF2800B6AF2400B5AFEE
:20C720002000B4AF1C00B3AF1800B2AF1400B1AF1000B0AF258080008400828C0001033CA5
:20C740000100632424184300010004243D0064142590A0000300033C241043000100422C77
:20C76000259800004800038E13006010010003247100049210008314000000000E0040106C
:20C78000000000002BF6400F252000004800118E38002012252840002000228E08004230BC
:20C7A00038004014480000AEACF7400F252000000BE4400F252020022BF6400F2520000066
:20C7C0007800158E7C00168E7600119625284000ACF7400F25200000248832021C0020120F
:20C7E000259000001C00A05225880000740012864400148E1B006012000000008EE4400F89
:20C8000025200002050020122538C002253020022528800209F8A002252040022C00BF8F91
:20C820002800B68F2400B58F2000B48F1C00B38F1800B28F1400B18F1000B08F0800E0037B
:20C840003000BD2701000224C6FF001001001324E8FF001025A0000025900000E5FF00102B
:20C8600025A0000020D8400F25200002E5FF0010700000A2ACF7400F25200000CEFF00104B
:20C8800000000000ACF7400F25200000CAFF001000000000C8FFBD273400BFAF3000BEAF9E
:20C8A0002C00B7AF2800B6AF2400B5AF2000B4AF1C00B3AF1800B2AF1400B1AF1000B0AF74
:20C8C00025B0A00025A8C00025B8E0005000B38FFCFF62260200422C060040144C00BE8F21
:20C8E0002000A22C450040102000C22C44004010FAFF112419E1400F0100052442004010E0
:20C9000025A040000400528C04004296020043303700601008004230330040142580000092
:20C920006EFA400F84004426258040001D004010020011240F004390010002240500625009
:20C94000FF0073326080828FFEFF401400000000FF0073320C0013A2040016A6060015A60B
:20C960004800A28F0D0002A2080017AE010002240E0002A20300022404006216100014AE70
:20C980000400429608004234040042A6252800020BFC400F90004426020002240F0002A2D7
:20C9A00025880000BDF7400F252040020100C0570000D1AF251000023400BF8F3000BE8F72
:20C9C0002C00B78F2800B68F2400B58F2000B48F1C00B38F1800B28F1400B18F1000B08F53
:20C9E0000800E0033800BD27EEFF0010F8FF112425800000EBFF0010FCFF1124FBFF112409
:20CA0000EAFF001025800000FDFF0010FFFF1124D8FFBD272400BFAF2000B4AF1C00B3AFEB
:20CA20001800B2AF1400B1AF1000B0AF3400C0102588C0003BFD400F2598A0004F004010A6
:20CA40002580400048F9400F252040004D00401025904000251020022B8851020100205676
:20CA600025104002FFFF51302000058E1800028E2118B1002B1843000D00601025A00000B3
:20CA8000231045000100422405006012FFFF543025308002A9FD400F25206002219874021C
:20CAA00023883402FFFF31321400028E200002AE04006012253020022000058EA9FD400F2B
:20CAC000252060022000028E21105100200002AE21883402FFFF31326FDC400F252000028C
:20CAE00007004014239051022A9032020D004016010003248400028EC439627C840002AE39
:20CB0000251020022400BF8F2000B48F1C00B38F1800B28F1400B18F1000B08F0800E003A4
:20CB20002800BD278400028E04004230F5FF4014251020028400028E8410627C73F6400F82
:20CB4000840002AE6C80848F4018040021186400C018030021186400C01803006210043CA4
:20CB6000D34D842419006400101800008219030021186200E2FF0010280003AEE0FF001056
:20CB800025880000DEFF001025884000D0FFBD272C00BFAF2800B6AF2400B5AF2000B4AF29
:20CBA0001C00B3AF1800B2AF1400B1AF1000B0AF2588800025B0A00025A8C00025A0E000C7
:20CBC0004000B28F01A0023C888C508C050000124400B38F2000028E0800423009004050A5
:20CBE0001800048E75F9400F0000000025804000320000122510000001A0023C888C50AC81
:20CC00001800048E01000224000082A400080224020082A406000224040082A0040002244B
:20CC2000050082A02F006016060096A43C00228E0B0082A8080082B8400022960C0082A45B
:20CC4000110095A80E0095B80300428A0000429A150082A8120082B804004292160082A0E5
:20CC600005004292170082A01B0094A868F7400F180094B81000028E1C0003240C0043A463
:20CC800007FE400F252020020608072425304000252840020FDD400F2520000207004010A3
:20CCA00025280002000000AE280011AECFF9400F2520200227100200C21702002C00BF8F84
:20CCC0002800B68F2400B58F2000B48F1C00B38F1800B28F1400B18F1000B08F0800E003D7
:20CCE0003000BD270300628A0000629A0B0082A8080082B8040062920C0082A0050062929F
:20CD0000CFFF00100D0082A0C8FFBD273400BFAF3000B7AF2C00B6AF2800B5AF2400B4AF7F
:20CD20002000B3AF1C00B2AF1800B1AF1400B0AF3900A0102590A000258080000100D6309F
:20CD40004000D47C0400D33025A80000039D173C26000596F2FFA5246000028E25300000BC
:20CD6000FFFFA53009F84000380004243A004010258840000600C052A039E2261000438CF0
:20CD80001000629404004234100062A4A039E226080022AE070080120C0030AE1000228E01
:20CDA0000E004594F0FFA530260005A6EEFC400F4400048E2A006012000020AE7400028E7A
:20CDC000030040100500052409F84000F00004261000258E2538C002010006240800A52499
:20CDE000AFA0400F2520000225A040007400028E030040100600052409F84000F000042668
:20CE0000110080520100B5266400028E09F84000252020022590A002251040023400BF8F67
:20CE20003000B78F2C00B68F2800B58F2400B48F2000B38F1C00B28F1800B18F1400B08FCE
:20CE40000800E0033800BD27C1FF551625A00000F2FF001025104002EFFF00102590A0020E
:20CE60001000258E2538C002010006240800A524AFA0400F25200002E1FF001025A04000FA
:20CE8000C0FFBD273C00BFAF3800B5AF3400B4AF3000B3AF2C00B2AF2800B1AF2400B0AFE8
:20CEA00025A8A0002588C00025A0E000FE00410F1000A42701A0043CA6FA400F108E8424B4
:20CEC00001A0133C108E7326A2F9400F252060020C0040142580400001A0043C1000A28F33
:20CEE000108E82AC108E84241400A28F040082AC1800A28FB4FA400F080082AC2B000010F2
:20CF00003C00BF8F040002920100032420004314020003240800128E8FFC400F050004920A
:20CF2000252040000C00038E0000A28E2E0062142528000225008006FCFF05241400438EF8
:20CF40000300228A0000229A030062A8000062B804002292040062A005002292050062A0C1
:20CF60001F008010000040AECFF9400F2528400216004004FBFF05242528000201A0043CC1
:20CF8000F3FD400FC08E8424CFFF0010000000000300431400000000DFFF00100800128E8E
:20CFA000AC80828FFEFF40143C00BF8F3800B58F3400B48F3000B38F2C00B28F2800B18F1F
:20CFC0002400B08F0800E0034000BD2703000624C2FA400F25204002E8FF001025280002DA
:20CFE000FAFF0010FBFF0524F3FD400F1000A427B5FF00100000000000A0033CB40163240C
:20D0000058006414FAFF0224E0FFBD271C00BFAF1800B2AF1400B1AF1000B0AF2580A00033
:20D020002600A0102588C00000A0023C2802428C040040100500052400A0043C09F8400034
:20D04000A402842400A0053CB002A52400A0123CF1F6400FB401442600A0053CB402A52483
:20D0600002F7400FB4014426B40152267400428E040040100600052400A0043C09F8400034
:20D08000A402842400A0023CB4014224F800478CFC00468C0001458C0401448C0801438C31
:20D0A0000C01428C000007AE040006AE080005AE0C0004AE100003AE140002AE23002012D5
:20D0C0002510000000A0023C2802428C040040100500052400A0043C09F84000A802842450
:20D0E00000A0053CC802A52400A0103C13F7400FB4010426B40102261401438C5000448CB7
:20D1000021186400140143AC7400428C040040100600052400A0043C09F84000A802842436
:20D1200000A0023CB40142241001458C1401448C1801438C1C01428C000025AE040024AEB3
:20D14000080023AE0C0022AE251000001C00BF8F1800B28F1400B18F1000B08F0800E00394
:20D160002000BD270800E00300000000E8FFBD271400BFAF1000B0AFDDF1400F25808000C2
:20D18000500040101400BF8F20000396010062302E004010220005960020A33005000424E6
:20D1A0000B1083000004A330030060102520000010004234010004240008A3300300601045
:20D1C0002530000020004234010006243400039624000896260009960800078E00082A31E5
:20D1E000040040110100E79000020A311F0040550A00052400042931030020110001083172
:20D20000100000550C00052424186500000165301600A01412000524800065300900A01466
:20D2200014000524400065302900A014200063300400601424000524FEFF42300020423482
:20D24000252800001200001025180000100063300B000224030004240A1083002530000031
:20D260000B300300D9FF00102520C000421807002430C300251886002418E300C01803004E
:20D280002538E6002420870080200400251864002800048E050080501C0000A6000082ACBC
:20D2A000040085AC080083AC1C0000A61A0000A6180000A602000224020002A61E0000A62C
:20D2C0001400BF8F1000B08F0800E0031800BD27E6FF001022000524DAFF00101400052450
:20D2E000C8FFBD273400BFAF3000B3AF2C00B2AF2800B1AF2400B0AF258080002520A000AD
:20D300004400138E1800A0AF1C00A0AF1000A0AF1400A0AF1800A62701CD400FEC00058E13
:20D3200025884000010012241800A38F1C00A28F2D0062540000628C1800A0AF2B0060145B
:20D340001C00A0AF1000A28F05004010010007241000A627EC00058E63B1400F252000029A
:20D36000251020023400BF8F3000B38F2C00B28F2800B18F2400B08F0800E0033800BD2723
:20D380000400642400E0847C140044ACE6FF00101400A3AF000060AC140060AC0400828C84
:20D3A0000C004054000043AC000083AC040083AC080060AC0400628C0003427CDBFF405447
:20D3C0001800A38F8464400F25206002D7FF00101800A38F0400858C0400622400E0427CB8
:20D3E000F2FF00101400A2AC1800A2AF0400628C4002427CE7FF4050E800048E0400628C8D
:20D40000C4FF027C040062AC0400628C84F7027C040062AC0400628CC45A027C040062AC1C
:20D420000400628CC439427E040062AC000060AC140060AC1400A28FD1FF4054000043AC67
:20D440001000A3AFB8FF00101400A3AFE0FFBD271C00BFAF1800B2AF1400B1AF1000B0AF94
:20D460000800928C01A0023C0C8B42240200421225808000259000001C000296020003249D
:20D480002A0043100300432C440060501C0000A61D004014008006342528000047E8400FF1
:20D4A0002520000212004010030002241A0002A601000224DFF7400F1C0002A673F6400F10
:20D4C000258840002000438E0000638C02882372E70331266210033CD34D63241900230289
:20D4E0001088000082891100218822022C0011AE1C00BF8F1800B28F1400B18F1000B08F5A
:20D500000800E0032000BD2725280000F0E7400F25200002F6FF4010030002241A0002A632
:20D5200002000224F2FF00101C0002A6DDF1400F25200002EFFF40101C00BF8F3400028636
:20D54000130041040400022473F6400F000000002C00038E2B1043000500401003000224D8
:20D560001A0002A601000224E1FF00101C0002A61C0000A61A0000A6180000A602000224A6
:20D58000020002A6FDFF0224D9FF00101E0002A61A0002A6D6FF00101C0000A61A0000A6E8
:20D5A000180000A602000224020002A6F4FF0224CFFF00101E0002A6C8FFBD273400BFAFD1
:20D5C0003000B2AF2C00B1AF2800B0AF258080002588A00043FF400F2520A0001800A2AF56
:20D5E0004BFF400F252020021C00A2AF340012261000A0AF253800003C000626252840029F
:20D60000A4DB400F2520200264000292020042300300401038000526DA64400F25202002BF
:20D6200042002296200042300E0040100400062464000292080042300300401040000526A2
:20D64000E264400F2520200264000292100042302E00401044000526EA64400F2520200263
:20D6600004000624010005246EE5400F2520200202500724253040022528400281DF400FF7
:20D68000252020023400038E3C00028E241862001800A28F1C00A48F24104400050062106D
:20D6A000040007241C00A6271800A5273CAC400F252020022C00028E300002AE0900022405
:20D6C0005E0002A660000292010003244408627C0421627C4429627CC439027C600002A231
:20D6E000253800002530000008000524BFA1400F252020023400BF8F3000B28F2C00B18FD2
:20D700002800B08F0800E0033800BD272000A0AF2000A527EA64400F25202002D1FF00105C
:20D7200004000624D0FFBD272C00BFAF2800B5AF2400B4AF2000B3AF1C00B2AF1800B1AFE4
:20D740001400B0AF25A8800001A0113CD487312601A0143C3C8994260100132400A0123CD3
:20D76000E4FF22922700401025802002E8FF2296200042302400405024003126E6FF2392DA
:20D78000FFFF6224FF0042300300422C1D0040100100022439006254F0FF028EECFF228E86
:20D7A0001400428C09F84000EAFF248615004010FFFF052481F8400F7C7D442601000324D4
:20D7C0001100435424003126F0FF228E2800428C09F84000000000001600401400000000E6
:20D7E000F0FF228E0000428C09F84000ECFF248E1000401405000224E6FF22A2CEF7400F92
:20D800007C7D442624003126D5FF3416010073262C00BF8F2800B58F2400B48F2000B38FC3
:20D820001C00B28F1800B18F1400B08F0800E0033000BD27CEF7400F7C7D44260100032442
:20D84000F0FF431425380002F0FF028E0800428CEAFF06862528600209F840002520A00282
:20D860000300401405000224E6FF0010E6FF02A201000224E5FF02A2F0FF028E0C00428CA0
:20D8800009F8400025200002DEFF0010E6FF02A2E0FFBD271C00BFAF1800B2AF1400B1AF50
:20D8A0001000B0AF01A0023C188D42243400438C1400448C100044AC4300601001A0023C96
:20D8C0000C00628C3800410401A0023C188D42241400428CFF7F103CFFFF10362180500006
:20D8E000258800022B80020201A0123C188D52260400428E1800428C09F8400000000000C3
:20D90000251800001000448E2B2044000300801001A0043C2B180200FFFF4224388D848C67
:20D92000212882002B30A4002118C3002B3003020500C054212082002B0070142B282502BC
:20D940002900A0102120820001A0023C188D42241C0044AC01A0023C188D42241C00428C61
:20D960000400401401A0023C188D4224010003241C0043AC01A0023C188D42241C00448C5C
:20D980000400428C1400428C09F84000000000001C00BF8F1800B28F1400B18F1000B08F2C
:20D9A0000800E0032000BD270C00708C01A0023C188D42241400428C218050002588000204
:20D9C000C9FF00102B800202188D42241400428CFF7F103CFFFF1036218050002588000225
:20D9E000C1FF00102B80020201A0023C188D42241C0051ACD8FF001001A0023CC0FFBD273C
:20DA00003C00BFAF3800B5AF3400B4AF3000B3AF2C00B2AF2800B1AF2400B0AFB880828FB6
:20DA200043004018258880001000948CFE00410F1000A42701A0043CA6FA400F108E8424AF
:20DA400001A0133C108E732601A0123CC08E5226A2F9400F252060020C0040142580400014
:20DA600001A0043C1000A28F108E82AC108E84241400A28F040082AC1800A28FB4FA400FB5
:20DA8000080082AC2200001016002392040002920100032416004314020003240800158E52
:20DAA0008FFC400F050004920400805204000292280082162528000204000292FFFF422478
:20DAC000FF0042300200422C0400401003000624FBFF0524C2FA400F2520A0022528000280
:20DAE000F3FD400F25204002D9FF0010000000000300431400000000E9FF00100800158E7B
:20DB0000AC80828FFEFF401400000000160023920200022406006214B880828FFFFF42245B
:20DB200003004014B88082AF87E3400F000000003C00BF8F3800B58F3400B48F3000B38F7D
:20DB40002C00B28F2800B18F2400B08F0800E0034000BD27F3FD400F1000A427BCFF001099
:20DB600000000000E8FFBD271400BFAF1000B0AF2B00A0102580A0002550800001000824A7
:20DB800080BF0C3C06000B2401A0063C8C8CC62400A0073CB87FE724FFFF10250060828D1D
:20DBA0000600423030004B14000000000C00CD8C0800C28C010049241800C38C2B18230167
:20DBC0000A4803001600A9110000000001004391001A030000004D9125186D0000608D8D2C
:20DBE0000600AD311B00AB15FF006E3040100200216847000000AEA101004224021A0300D2
:20DC000021104700000043A00800C9AC010003252B1005010D00401402004A25258000014A
:20DC2000DEFA400F000000000300401088BF023C0010033C681043AC251000021400BF8F96
:20DC40001000B08F0800E0031800BD27D2FF001025406000FF00633021104700000043A0FB
:20DC6000E9FF0010000000000C00CD8C0800C28C010043241800C98C2B4869000A18090015
:20DC8000E7FFA31121488800FFFF2D910060898D060029310A002B55211047004010020013
:20DCA0002148470000002DA10100422421104700000040A00800C3ACD5FF001001000325A3
:20DCC00000004DA0FBFF001000000000E8FFBD271400BFAF1000B0AFDDF1400F258080004F
:20DCE000340040101400BF8F0800058E1000A38C06006230010040500400633438006230D6
:20DD00000900401420006234010063302C0060142518400002006430000802240010062441
:20DD2000150000100B10C400010062302600401010006430080080100800022402006430D6
:20DD400008400224080006240A10C4000400643001008054002042342000643006008010F8
:20DD6000020064300100805400104234040064300100805400084234340004963A00069623
:20DD8000252086000101423424108200150040541000A3AC1C0000A61A0000A6180000A642
:20DDA00002000224020002A6FAFF02241E0002A61400BF8F1000B08F0800E0031800BD2714
:20DDC000E5FF00100800022410006230D1FF4010020064300020022400400624E6FF001024
:20DDE0000B10C400480002A601018430010102240A0082143C0000AE0F000524F0E7400F8E
:20DE000025200002EAFF4010040002241A0002A602000224E6FF00101C0002A6040002248B
:20DE20001A0002A603000224E1FF00101C0002A6D0FFBD272C00BFAF2800B5AF2400B4AFE3
:20DE40002000B3AF1C00B2AF1800B1AF1400B0AF258880002BF6400F252000002528400069
:20DE60008880838F01000224420062148480828F4400401802000224888082AFACF7400FA5
:20DE8000252000007C80828F2300405016002392140022960100132404985300259000000A
:20DEA00001001424801812008C80828F211043000000508C13000052010052267A65400F06
:20DEC0004400048E0E00400404105400241053000B004010002006248400158E2510A00288
:20DEE0000400827E840002AE2528000079D4400F252000028400028E0400A27E840002AE4E
:20DF0000010052267C80828F2B104202E6FF4014801812001600239202000224120062149E
:20DF20008480828FFFFF42240F004014848082AF3EE0400F00000000CBFC400F70808427B2
:20DF4000888080AF2C00BF8F2800B58F2400B48F2000B38F1C00B28F1800B18F1400B08FD3
:20DF60000800E0033000BD2701000224F5FF0010888082AFACF7400F25200000F2FF001006
:20DF80002C00BF8FACF7400F25200000EEFF00102C00BF8F00A0023CB401422453004414B5
:20DFA0000000000000A0023CC8014290010042304E00401000000000E0FFBD271C00BFAF8A
:20DFC0001800B1AF1400B0AF00A0103CB40110263C00118E1000228E09F840000800048E09
:20DFE0001000038E010002241200621400A0023CC001508C1C00228E09F840002520000202
:20E00000010003240C0043101C00BF8F2000228E09F84000252000020B00401000A0103C70
:20E02000CCC7400FB4010426B4011026FFFF0224100002AE1C00BF8F1800B18F1400B08F3B
:20E040000800E0032000BD2700A0023CB401422414004390010004248410837C140043A03E
:20E060003400468C0100C2301700401000A0023CB4014224FF006330C418837C140043A0E3
:20E0800073F6400F00A0103CB4011026DFF7400F7C0002AE3200039602186270E703632478
:20E0A0006210023CD34D4224190062001018000082190300800003AE900000AE0200022452
:20E0C000DCFF0010100002AE0200C6300100C0540F00062400A0043CB401842493CB400F65
:20E0E0007800858CE6FF0010000000000800E00300000000700082900B00422C5300401019
:20E1000000000000E0FFBD271C00BFAF1800B1AF1400B0AF7000839080180300039D023CCB
:20E1200034E14224211043000000428C080040002580800024E2029D24E2029D68E1029D83
:20E1400068E1029D60E1029D60E1029D60E1029D60E1029D68E1029D60E1029D14E2029DFA
:20E1600031000010251000008400828C0005427C20004010000000000000828C100082AC18
:20E180000C0082AC080082AC1000A010251000001000A524FF00B1300100062425282002C7
:20E1A000466E400F25200002240042048400038E60000396060060508400038E0800048E38
:20E1C0001000038EF5FF8314010006248400038EC45A037C840003AE700004920800843837
:20E1E00004000324090005240A18A4000E000010700003A2E7FFA0541000A5240800838CFF
:20E200001000828CE2FF621425100000F0FF00108400038EC4B1400F25280000020000101D
:20E2200025100000010002241C00BF8F1800B18F1400B08F0800E0032000BD270100042455
:20E24000C45A837CF8FF0010840003AE0800E0030100022480BF023C105C428C0800423022
:20E260001A00401001A0033C808D63241800628C0800638C2B1843002D00601080BF033C22
:20E28000005C638C000863301500601001A0033C808D638C80200200211864000000648C08
:20E2A00080BF033C205C64AC0100422401A0033C808D6324180062AC0800638C03006214E3
:20E2C00080BF023C0C000324045C43AC88BF023C00040324441043AC0800E0030000000061
:20E2E00080BF033C005C638C000463300900601001A0033C808D638C40200200211864006A
:20E300000000649480BF033C205C64ACE7FF001001004224808D638C211862000000649013
:20E3200080BF033C205C64ACE0FF00100100422401A0033C808D63240800638CE3FF6214BA
:20E3400080BF023C105C428C80004230DFFF401080BF023C40000324145C43AC88BF023C1E
:20E3600000040324741043AC01A0023C808D42241C0040A02000428CD4FF401001A0023CC1
:20E38000E8FFBD271400BFAF808D42242400448C2000428C09F840000000000088BF023C15
:20E3A00000040324441043AC1400BF8F0800E0031800BD27D8FFBD272400BFAF2000B4AFD6
:20E3C0001C00B3AF1800B2AF1400B1AF1000B0AF2580800025A0A0007881918F8881928F96
:20E3E0008481938F8C81848FA1F8400F040084240A004014FFFF02248C81828F7481838F9B
:20E400002C00448C01000224041082002710020024104300748182AFFFFF02241D000256D4
:20E42000218030022F00801201A0023C4C8E45240400A38C8C81848F080083AC8C81848F7C
:20E440000800668C0C0086AC8C81848F040084240400C4AC8C81848F04008424080064AC60
:20E460008C81838F140065AC4C8E438C010063244C8E43AC2400BF8F2000B48F1C00B38F2B
:20E480001800B28F1400B18F1000B08F0800E0032800BD278C81828F2B881102070020126C
:20E4A000040050AC8C81858F0400A524F9EF400F25206002F0FF00102400BF8F8C81858FFE
:20E4C0000400A524F9EF400F252040025C81828F2B100202E7FF40545C8190AFE6FF0010F9
:20E4E0002400BF8FFFFF22268C81838F2B885100ECFF2016040062AC8C81858F0400A52420
:20E50000F9EF400F252040025C81828FDAFF00102400BF8F5500801025100000E0FFBD2717
:20E520001C00BFAF1800B1AF1400B0AF258080002C00828C8C81838F2C00638C2B18430047
:20E5400045006010000000001800838C07006004801802008C81838F2C00648C0500032473
:20E5600023186400180003AE80180200211862008018030001A0023C7C8B422421104300A3
:20E580001400038E2F00621404001126A1F8400F2520200208004014000000007481838F44
:20E5A0002C00048E01000224041082002710020024104300748182AF8C81828F2C00438CF1
:20E5C0002C0003AE7481848F010002240410620025104400748182AF01A0043C7C8B84248A
:20E5E000801003002110430080100200211082000400428C080002AE0800438C0C0003AEB1
:20E60000040071AC080051AC2C00058E80100500211845008018030021188300140003AEE6
:20E620000000628C01004224000062AC010002241C00BF8F1800B18F1400B08F0800E00350
:20E640002000BD278C81828F2C00428C2C0002AEF7FF0010010002248C81838F4800828C20
:20E660002C00638CF2FF00102B1043000800E00300000000FEFF09244050050040580700B7
:20E68000255864012558660125504B0104004015000000000000022447000010000000001D
:20E6A00040400500020080100000000001000825E0FF013C010021342B08010141002010FD
:20E6C00000000000404007000200C0100000000001000825E0FF013C010021342B0801010C
:20E6E00038002010000000001B00A104000000000400E00400000000FFFF02242E000010A8
:20E70000000000002B508600232086002B58AA002328AA002B50A70025504B012328A70038
:20E7200004004011000000000100022422000010000000002550A4000400401100000000BD
:20E74000FFFF02241C000010000000000000022419000010000000000400E1040000000031
:20E760000100022414000010000000002B508600232086002B58AA002328AA002B50A70040
:20E7800025504B012328A7000400401100000000FFFF022408000010000000002550A4001C
:20E7A0000400401100000000010002240200001000000000000002240800E00300000000BA
:20E7C0000000000025100900FBFF00100000000000000000FEFF0924405005004058070093
:20E7E000255864012558660125504B010400401500000000000002244700001000000000BC
:20E8000040400500020080100000000001000825E0FF013C010021342B080101410020109B
:20E8200000000000404007000200C0100000000001000825E0FF013C010021342B080101AA
:20E8400038002010000000001B00A104000000000400E00400000000FFFF02242E00001046
:20E86000000000002B508600232086002B58AA002328AA002B50A70025504B012328A700D7
:20E8800004004011000000000100022422000010000000002550A40004004011000000005C
:20E8A000FFFF02241C000010000000000000022419000010000000000400E10400000000D0
:20E8C0000100022414000010000000002B508600232086002B58AA002328AA002B50A700DF
:20E8E00025504B012328A7000400401100000000FFFF022408000010000000002550A400BB
:20E900000400401100000000010002240200001000000000000002240800E0030000000058
:20E920000000000001000234FBFF00100000000000000000D8FFBD272400BFAF2000B2AFC8
:20E940001C00B1AF1800B0AF258880001000A0AF2F00A0141400A0AF7400828C36004010EA
:20E9600025900000300000100500052483C2400F25202002259040000300028A0000029A59
:20E9800026004010258040000B00058A0800059A2300A0507400228E0C0002920D0006925F
:20E9A000003206002530C2001D00C0507400228EEEFF40121000A7277400228E1A004054C8
:20E9C000050005241000A38F1F0060101400A68FE000228E25280000040066540000678C61
:20E9E000190060102530A0002538A000000060AC140060AC0400448C1F008054000083AC7A
:20EA0000000043AC040043ACF3FF00102518E0002580A000DCFF0010259000007400228EEC
:20EA2000030040100500052409F84000F4002426E5FF40161000A38F1000A5271FDC400F34
:20EA400025202002259000007400228E030040100600052409F84000F400242625104002FE
:20EA60002400BF8F2000B28F1C00B18F1800B08F0800E0032800BD270400488C04006424B5
:20EA800000E0847CDFFF0010140004AD0C00828C0C00428C2800438C1C00458C2000448C1B
:20EAA0000800A4AC1C00458C040085AC180045240400648C04008554280040AC2000448C86
:20EAC000040064AC280040AC0000648CFFFF8424000064AC5481838F3600601401A0033CF7
:20EAE0001400438C0800458C0C00448C0800A4AC0800458C040085AC040044240400658CB7
:20EB00000400A454140040AC0C00458C040065AC140040AC0000658CFFFFA524000065AC3E
:20EB20002C00468C7481858F010003240418C30025186500748183AF01A0053C7C8BA5244C
:20EB40008018060021186600801803002118A3000400638C080043AC0800668C0C0046AC1F
:20EB60000400C4AC080064AC2C00468C8018060021206600802004002120A400140044AC39
:20EB80000000838C01006324000083AC8C81848F2C00438C2C00828C2B1843000300601061
:20EBA0002510000001000224688182AF0800E00300000000748E66240400C48C1C0044AC08
:20EBC0000800878C200047AC0400E5AC080085AC280046AC748E648C01008424EBFF00108A
:20EBE000748E64AC2518C0000400678CC0FFBD270000A28C3800B4AFC2A707003400B3AF9D
:20EC00003000B2AF2C00B1AF2800B0AF258880000800B28C0400A48C0C00B38C0000C68C0C
:20EC20003C00BFAF2580A000400080122000A2AF2B180600233807002338E300080080042D
:20EC4000233006004408027C050080162000A2AF2000A28F0400433025006010C000427CAA
:20EC6000FFFF42262000A3271800A3AF0A0003241400A3AF1000A2AF4EC1400F252000023D
:20EC80001D0080122D000324FFFF422421206202000083A01000068E2000A38FFFFFC62467
:20ECA0001000A3AF253840022330C20021286202D8CA400F252020020400238E00016330F0
:20ECC000040060103C00BF8F0400038E2A2043000B1064003800B48F3400B38F3000B28F33
:20ECE0002C00B18F2800B08F0800E0034000BD27DCFF0010231042022000A38F04006430E6
:20ED00000400805008006330FFFF4224DFFF00102B000324DFFF601020000424FFFF4224E6
:20ED200021186202DBFF0010000064A0C6FF83044408027CC7FF00102000A28F0600A05015
:20ED4000EC00828C0B00A0A80800A0B80C00A0A00D00A0A0EC00828C0000438C190060101B
:20ED6000010002240400628CC002427C0400648CC001847C13008054020002240400648C42
:20ED80003D0083040000638C3B0040540000638C0200E0100C0062240000E2AC2510A0001B
:20EDA00025206000254800002538000000A00D3C00800C3C0500405408008B8C1300C01494
:20EDC000000000000800E0030000000004008A8C80024A7D0200401125406D0125406C01ED
:20EDE0000B0048A8080048B80400888C003C0A7D0C004AA00016087D0D0048A003004888DC
:20EE00000000489825100001010029250400888CC001087DFDFF0015000000000100E72412
:20EE20000400888C8007087DE2FF00510000848C0100C0540000C7AC05004010000000008F
:20EE40000B0040A8080040B80C0040A00D0040A0DCFFA01025100000DAFF2715FCFF0224F0
:20EE60000400628C01000424C45A827C040062AC0800E00325100000BAFF601401000224D5
:20EE80000800E003000000000800E00300000000C8FFBD273400BFAF3000B3AF2C00B2AF30
:20EEA0002800B1AF2400B0AF258880002580A0002590C0001400A0A71800A0AF4800828C48
:20EEC0001000A52709F8400025200002190040041000B3972800228E1800A627252800000D
:20EEE00009F840002520000202000224310062120300632E0F006010F4FF02241400601607
:20EF00001800A68F5000228E1B00052409F84000252000020700400401000324050043100D
:20EF2000010005244C00228E09F8400025200002010002243400BF8F3000B38F2C00B28F9B
:20EF40002800B18F2400B08F0800E0033800BD275400228E1400A52709F840002520000273
:20EF6000F4FF400401000324F2FF4310000243321400A297050060141000423000085232A3
:20EF80000200405600A04234008042341400A2A7020003241000A3A71200A2A74C00228E96
:20EFA0001000A58F09F8400025200002E1FF0010010002241200A6971400A6A75800228EB6
:20EFC0001800A78F1B00052409F8400025200002D9FF40043400BF8F01004238D5FF00101A
:20EFE0000100422CC0FFBD273C00BFAF3800BEAF3400B7AF3000B6AF2C00B5AF2800B4AF66
:20F000002400B3AF2000B2AF1C00B1AF1800B0AF25A8A00025B0C0002588E0000000D28C09
:20F020005000A69337DD400F252840023400401025A00000258040003100201225A02002DD
:20F040001000B2AF25A00000029D173C2897F726029D1E3C0E0002960800138E2198620247
:20F060002398720227201300670107242530E002B83CC5278501410FC22704000C000296F6
:20F08000FFFF43302B182302010060542510200225184000FFFF4230FFFF64322B1082004D
:20F0A0000100405425186002FFFF7330100060122530600225284002A9FD400F2520A002D7
:20F0C0002190530221A074020000108E0C000012FFFF943223883302FFFF313208002012F8
:20F0E00021A8B3021000B2AFDAFF00100800128E0000108ED7FF00560800128E1000B28FCD
:20F100000000D2AE251080023C00BF8F3800BE8F3400B78F3000B68F2C00B58F2800B48FDF
:20F120002400B38F2000B28F1C00B18F1800B08F0800E0034000BD27D0FFBD272C00BFAFF9
:20F140002800B2AF2400B1AF2000B0AF16008014FFFF102401A0023C0C8B4290120040109D
:20F1600001A0023C308B42900F00401401A0023C0C8B42241C00438C1400638C25280000A9
:20F1800009F860000600449425884000FFFF02240C002216C404023C5880828FFEFF40149B
:20F1A0000000000025802002251000022C00BF8F2800B28F2400B18F2000B08F0800E003C0
:20F1C0003000BD2700B442341000A2AF01A0103C308B102601A0123C0C8B52261400428ED0
:20F1E0000800428C25280002049D043C09F8400060B184241400A2AF1800A0AF1C00428E57
:20F200001800428C1000A52709F84000252020020A00410401A0023C288B428C1C00428CEB
:20F2200009F84000252020025880828FFEFF401400000000DCFF0010FFFF102401A0033CEF
:20F240000C8B63241C00628C300062AC340071AC380060AC01000224240062A02C0063AC2B
:20F260000C00628C280062AC3C0060A4540060A03E0060A4400060A402000224CAFF001043
:20F28000260062A4D8FFBD272400BFAF2000B2AF1C00B1AF1800B0AF258080002590A00007
:20F2A00086EF400FDC8084870A0040100A00112425284002519A400F25200002258840008D
:20F2C000050002240A002212060002243B00221225300000251020022400BF8F2000B28FAB
:20F2E0001C00B18F1800B08F0800E0032800BD275E00029605000324180043540B00032461
:20F300006400028E050042302C004314253000002800028E2C0002AE5A0003960D006010A6
:20F32000080002241000A0AF3400028E1400A2AF013007241000A6271400A52781DF400F4F
:20F34000252040028D01410F00000000040002AE06000224DFFF00105E0002A6030043101E
:20F360000D000324DCFF4354251020020C00028E080002AE2C00028E300002AE0900022471
:20F380005E0002A660000392010002244408437C0421437C4429437CC439037C600003A2AF
:20F3A000253800002530000008000524BFA1400F25204002C8FF00102510200202000524DB
:20F3C000CDDF400F25200002C3FF001025102002E0FFBD271C00BFAF1800B2AF1400B1AF88
:20F3E0001000B0AF1C0082940B004010258080000100032428004310020002241C0080A4E1
:20F400001A0080A4180080A4020082A4F4FF02241B0000101E0082A40800928C1400428EB8
:20F420001000428C04004054400002AE029D023CE0604224400002AEDFF7400F3C0000AEE4
:20F4400073F6400F258840002000438E0000638C02882372E70331266210033CD34D63246F
:20F46000190023021088000082891100218822022C0011AE010002241A0002A61C0002A635
:20F480001C00BF8F1800B28F1400B18F1000B08F0800E0032000BD274000828C25288000FC
:20F4A000049D043C09F8400060B184240500401400000000020002241A0002A6F0FF00102F
:20F4C0001C0000A607004104020003241C0000A61A0000A6180000A6020003A6E8FF001013
:20F4E0001E0002A673F6400F000000002C00038E2B104300E2FF4014020002241C0000A634
:20F500001A0000A6180000A6020002A6FBFF0224DBFF00101E0002A6D8FFBD272400BFAFA6
:20F520002000B4AF1C00B3AF1800B2AF1400B1AF1000B0AF2590A0002588C0003BFD400F25
:20F540002598E00025804000350000122510000070000492FDFF8324FF0063300300632CE0
:20F560002F006014080003242E0083102400BF8F7100039203006010FF0044322A006414F6
:20F580002000B48F1E00601201000324240043162510000025280000BFF4400F25206002A8
:20F5A00025A040001E00801225100000160020565E000296AEE4400F000000002588400011
:20F5C0001700201225100000710012A2440014AE25306002FF00453277F5400F2520000253
:20F5E0005E0011A68400028E01004230140040503E0002966E0011A6090000100100022490
:20F60000EAFF00104400148EF0FF5150710012A29BF5400F25202002ECFF4054710012A26C
:20F620002400BF8F2000B48F1C00B38F1800B28F1400B18F1000B08F0800E0032800BD27A4
:20F640003C000396211043005C00039621104300268822026E0011A6F1FF001001000224DA
:20F66000D8FFBD272400BFAF2000B3AF1C00B2AF1800B1AF1400B0AF259880002588A000C9
:20F680002590C0002BE6400F2580E0001F004050258040001800668E010003243600C3143B
:20F6A000BA0407241C00438E07002316251800002B0043921D006014290043920200642CD6
:20F6C00035008010000000000400642480200400212024020000848C16008014252060006F
:20F6E000010064240200852C0600A0100400852480280500212825020000A58C0E00A0541B
:20F700001C0051AE0F00001600000000251000022400BF8F2000B38F1C00B28F1800B18FE9
:20F720001400B08F0800E0032800BD27E3FF0010010063241C0051AE290044A2F3FF0010D9
:20F7400025804000F1FF6010258000001000248E07008054253000000200632CEBFF6014DE
:20F76000258000001400238EE9FF605025100002F0FF00102520C000029D063C4897C624A2
:20F78000029D053C883CA5248501410F25200000DEFF001025800000EDFF00561000248E4B
:20F7A000DBFF001025100002E0FFBD271C00BFAF1800B1AF1400B0AF4700A010FFFF1024C7
:20F7C000450080142588A00001A0043C3DF6400F508D842401000324400043142510000225
:20F7E0000000228E01A0103C188D1026040002AE0C00428C09F84000000000000C0002AE06
:20F80000C404063C00B4C63425380000CC01032419004300122000002A8E400F1028000012
:20F8200002004224200002AE0400228E080002AE100000AEFFFF0224180002AEFF7F023CBE
:20F84000FFFF42341C0002AE2510000025180000280002AE2C0003AE340000AE300000A28D
:20F860000400028E0000428C25280000039D043C09F84000FC9D84240400028E1000428C05
:20F880000300401001A0033C09F84000308D648C01A0113C188D30261C00048E0400028E1C
:20F8A0001400428C09F84000000000000400028E0400428C09F8400000000000B4000624A0
:20F8C0002528000001A0043C61FE400F2089842402000224188D22AE251000021C00BF8FBD
:20F8E0001800B18F1400B08F0800E0032000BD27D8FFBD272400BFAF2000B4AF1C00B3AF20
:20F900001800B2AF1400B1AF1000B0AF020002242B008210FFFF10242598A0002588C000AA
:20F9200001000224300082142590E0002F00C010253800000000C28C2A00401025280000D4
:20F94000BFF4400F2520C0001D00401025A0400025380000253060022528400225A6400F71
:20F960000100042425804000FFFF02241400021280181000A880828F211043000000528CFA
:20F98000253020022528800263EA400F252040023C00428E010003248473627C3C0042AEC9
:20F9A0003C00428E01000324C47B627C3C0042AE3C00428E01000324448C627C3C0042AEBC
:20F9C000251000022400BF8F2000B48F1C00B38F1800B28F1400B18F1000B08F0800E003D6
:20F9E0002800BD2725880000253800002530600225A6400F2528400225804000FFFF022488
:20FA0000EFFF021280181000A880828F211043000000528C253020022528000063EA400F51
:20FA200025204002DFFF20163C00428EE2FF001001000324E8FFBD271400BFAF1000B0AF4A
:20FA400000606241C000000088BF023C301040AC88BF023C401040AC019D023C009042348F
:20FA600001788240C00000003600410FC0000000008002400300423400808240C000000008
:20FA800088BF023C0040438C020004240410837C004043AC0040438C030004240429837C00
:20FAA000004043AC88BF023C0020438C010004248431837C002043AC81BF023C00F2439074
:20FAC000C418037C00F243A0EEEC400F01A0103C11E2400F0000000072FD400F00000000E0
:20FAE00064D0400F00000000049D023C4CD5428C049D053C7C06A52409F840002520000002
:20FB0000B08E02AE049D053C5406A524EABD400F25200000B08E102657FE400F040002AEEB
:20FB2000049D053C7406A5243789400F252000009FF3400F080002AE0C0002AE89BF033C70
:20FB40000090648C01A0033CD08C63241C0064AC27DB400F240062ACD0FA400F000000009A
:20FB6000206062411400BF8F1000B08F0800E0031800BD27C8FFBD273400BFAF3000B2AFEC
:20FB80002C00B1AF2800B0AF1800A0AF1C00A0A700A0033CB401632414006414FAFF0224C2
:20FBA0002588A00000A0023CF801528C0700A010FFFF1024060006241800A52716FB400FE6
:20FBC000252020020F0040540300228A008005349A00410F25204002253000002538000090
:20FBE000B200410F25204002251000003400BF8F3000B28F2C00B18F2800B08F0800E00396
:20FC00003800BD270000229A1000A2AF040022921400A2A3050022921500A2A31000A227AE
:20FC20001600A827C104043CB71D8424254840000000439008000524403010000100673095
:20FC4000C28710000100F0542630C4002580C000FFFFA524F8FFA014421803000100422451
:20FC6000F2FF4814000023A12000A6AF0007D07C0C0000122520C00089BF023C58904224B4
:20FC8000C025847C0100032404188300000043AC008005349E00410F25204002D3FF0010B9
:20FCA0002510000089BF023CF5FF00104890422400A0033CB401632449006414FAFF02244C
:20FCC000D8FFBD272400BFAF2000B1AF1C00B0AF258060004400648CE000828C448082AFC0
:20FCE000FE65400F00000000408082AF4400048E0002828C3C8082AF1002828C388082AF85
:20FD00006701410F00000000348082AF6B01410F4400048E308082AF25380002049D063C91
:20FD2000BCCAC6242528000046AE400F2520000225280000D0A8400F252000022E0010964D
:20FD400022000012251000001000A0AF00A0023C2802428C040040100500052400A0043CA3
:20FD600009F84000A40284241000A52700A0113C02F7400FB4012426B40131267400228EB4
:20FD8000040040100600052400A0043C09F84000A40284241000A28F2B1802020A0060146B
:20FDA00000A0033CE40165940400A0140400062405000212232802020400062400A0043C2A
:20FDC00042B3400FB4018424251000002400BF8F2000B18F1C00B08F0800E0032800BD2729
:20FDE0000800E00300000000D8FFBD272400BFAF2000B3AF1C00B2AF1800B1AF1400B0AFE1
:20FE00002588800000A0123CC01004002110440040110200B4015226219042024400538EE4
:20FE20007301410F25206002A000438E248043002C00001200A0123CC01011002110510070
:20FE400040110200B401522621904202A400428E25105000A40042AE021110000004423007
:20FE60009C00448EC0191000000263302518620025186400401110000001423025186200E3
:20FE8000821110008100423025186200C210100070004230251862008210100008004230AE
:20FEA000251862004010100006004230251862009C0043AE252800023101410F2520600227
:20FEC000252800022B01410F25206002A800468E0500C01000A0023C9C00448E09F8C00052
:20FEE000AC00458E00A0023CC01811002118710040190300B40142242110430025FE400FB5
:20FF00009400448C2400BF8F2000B38F1C00B28F1800B18F1400B08F0800E0032800BD27AA
:20FF2000E0FFBD271C00BFAF1800B1AF1400B0AF258080000800848C480011964A0003967A
:20FF4000080025322B00A0101000828C010045302900A01000306330C21A110040190300EE
:20FF600001008290010045300200A014010464340100643444000596220003240600A31427
:20FF8000FFFF863046000396201663302016052405006510040005240200423001004054F6
:20FFA000000886340400052447E8400F252000020700401001013132010102240900221668
:20FFC000040002241A0002A6060002241C0002A61C00BF8F1800B18F1400B08F0800E00345
:20FFE0002000BD271A0002A608000224F8FF00101C0002A600306330030060100800433091
:020000041D03DA
:200000000600601440000624006026320400C050005031320001467C40330600005031328E
:20002000010020560001C63400014230010040540040C6342528000047E8400F25200002FA
:20004000E3FF4010040002241A0002A60A000224DFFF00101C0002A6E0FFBD271C00BFAF53
:200060001800B2AF1400B1AF1000B0AF2588800016008490030003240700831001000224E2
:200080009C80828F0A0040102580A000010042249C8082AF010002241C00BF8F1800B28FF6
:2000A0001400B18F1000B08F0800E0032000BD270800238EF8FF601025100000F6FFA010B4
:2000C000010007240100062425280000FDDA400F908084272520400001000324EEFF83146A
:2000E0002510000025300000029D053CF834A524EAE3400F0900042405004014948082AFB6
:20010000CBFC400F90808427E3FF0010251000000800248E0800828C0400062409F84000A8
:20012000000005960700401425904000CBFC400F90808427BFFC400F9480848FD6FF0010ED
:20014000251000002BF6400F252000000800238EA08083AF00000396A48083AF0200039620
:20016000988083A7A88092AF9C80838F010063249C8083AF25284000ACF7400F252000000C
:20018000BDF7400F90808427C3FF001001000224D0FFBD272C00BFAF2800B5AF2400B4AF48
:2001A0002000B3AF1C00B2AF1800B1AF1400B0AF25A080002588A0002598C00046FD400FB4
:2001C0002590E000258040002900001225100000100020165C0015922600A0162C00BF8F96
:2001E000280013A65D00029201004230040040143C00028E8410027C3C0002AE3C00028ECC
:2002000001000324448C627C3C0002AE1800001001000224FFFF24260200842C140080102F
:20022000251000000400A0523C00028E1100B1162C00BF8F3C00028E448C027C3C0002AE6F
:20024000E7FF40125C0011A22530400225282002CBE1400F252080020E0040140100042404
:200260005C0015A23C00038E448C837C3C0003AE2C00BF8F2800B58F2400B48F2000B38F33
:200280001C00B28F1800B18F1400B08F0800E0033000BD2701000224040022565D000292C3
:2002A0000000428E1C0002AE5D00029204004230CCFF4054280013A63C00028E0421027C8C
:2002C000C7FF00103C0002AE4B00C0102510E000D0FFBD272C00BFAF2800B5AF2400B4AFCC
:2002E0002000B3AF1C00B2AF1800B1AF1400B0AF2598A0002590C0002588E00037DD400F52
:20030000010006242C0040102580400025A000000E0002960800038E211862002318730004
:200320000C00029606004010FFFF6330252040002B1062000100405425206000FFFF833025
:2003400025A860002B1843020100605425A84002FFFFB5321500A012253000002528A00234
:20036000CE9C400F25206002272002000100823204004010FFFF8430C69C400F0000000068
:20038000252040000000108E0B0000122188240223905502FFFF52320700401221A8B402EA
:2003A000FFFFB432DAFF00100800138E0000108ED7FF00560800138EFFFF2332028C110062
:2003C00021887100007C227E2188220227881100FFFF22322C00BF8F2800B58F2400B48FBB
:2003E0002000B38F1C00B28F1800B18F1400B08F0800E0033000BD270800E00300000000A9
:200400004B00801000000000E0FFBD271C00BFAF1800B2AF1400B1AF1000B0AF2510A00083
:200420004800858C2B18A2000B2843002C00928C39004512258080004C00838C0100022487
:20044000360062541C00BF8F2C0085AC1800828C030040040500022423104500180082AC93
:2004600080181200211872008018030001A0023C7C8B4224211043001400038E260062148B
:2004800004001126A1F8400F25202002080040542C00038E7481838F0100022404104202F3
:2004A0002710020024104300748182AF2C00038E7481848F0100022404106200251044008B
:2004C000748182AF01A0043C7C8B8424801003002110430080100200211082000400428C48
:2004E000080002AE0800438C0C0003AE040071AC080051AC2C00058E8010050021184500B8
:200500008018030021188300140003AE0000628C01004224000062AC1C00BF8F1800B28F99
:200520001400B18F1000B08F0800E0032000BD270800E003000000000400828CC0FFBD2789
:200540003400B7AF1C00B1AF1800B0AF5800B78F3C00BFAF3800BEAF3000B6AF2C00B5AFFC
:200560002800B4AF2400B3AF2000B2AF2580C000020041042588E000010002241000958C58
:200580005000B68F0C00938C0000FE8EFFFFB526234056005400A28F21187502000060A048
:2005A000010012240200DE33C3A702001000A01E251011022B0040520000E38E3C00BF8FB7
:2005C0002510A0023800BE8F3400B78F3000B68F2C00B58F2800B48F2400B38F2000B28F2E
:2005E0001C00B18F1800B08F0800E0034000BD2707004014211016010600401C5400A68FAB
:20060000ECFFC01A00000000EAFFC013000000005400A68F2520000225282002253880023B
:200620001000A8AF478C400FFFFFB5262590400021187502300042245400A68F252000024D
:2006400025282002000062A02A8E400F25388002FFFFD6261000A88F25886000D3FF001013
:20066000258040000421037CD4FF00100000E3AE4A008010F2FF0224E0FFBD271C00BFAF3F
:200680001800B2AF1400B1AF1000B0AF258080002588A0000800838C01A0023C0C8B422499
:2006A000080062102590C000F2FF02241C00BF8F1800B28F1400B18F1000B08F0800E003E3
:2006C0002000BD270200848402000324F7FF8314F3FF0224F5FF2012F4FF0224F4FF4012BA
:2006E0001C00BF8F0400228E080042300600405001A0023C0800238E03006330EBFF601440
:20070000F9FF022401A0023C208B438CE7FF6010F4FF02240000648CE5FF80101C00BF8F25
:200720000400648CE3FF80501800B28F0800638CE0FF60501800B28F1000228E04004010C7
:2007400025280002049D043C09F8400060B1842401A0023C0C8B42240000238E020043A4F9
:200760000400238E100043AC0800238E0A0043A40C00238E010043A0280012AE010002246B
:20078000180002A61C0000A61A0000A6020002A61E0002A6C5FF0010010002240800E003C1
:2007A00000000000D8FFBD272400BFAF2000B3AF1C00B2AF1800B1AF1400B0AF01A0023C23
:2007C000448C508C2300001201A0023C408C428C190040102C0010262588000001A0123C58
:2007E000408C5326D4FF048E0F00805001003126CBEF400F000000008AEC400F2520000203
:200800008AEC400FECFF04268AEC400FD8FF04260800648E0C00828C09F84000D4FF058E7D
:20082000D4FF00AE01003126408C428E2B102202ECFF40144800102601A0103C408C102638
:200840000800048E0C00828C09F840000400058E040000AE01A0103C408C10260800058ED0
:2008600001A0043C5CFD400F608C8424080000AE1C00048E0600801001A0023CBFFC400F78
:200880000000000001A0023C5C8C40AC01A0023C888C448C0A0080102400BF8F2000828CA8
:2008A000080042300400401401A0023C0BE4400F0000000001A0023C888C40AC2400BF8FF8
:2008C0002000B38F1C00B28F1800B18F1400B08F0800E0032800BD27D8FFBD272400BFAF6A
:2008E0002000B4AF1C00B3AF1800B2AF1400B1AF1000B0AF258880002598A0002590C0009C
:200900002800948C1800908C0C00028E100002AE0400828E0C0002AEC69C400F02000496E2
:20092000020002A6C69C400F06000496060002A6080002920200401464000224080002A2E6
:200940001000238E0000028E801002003C0045300C0062942110A200090060120C0062A4A1
:200960000A0000A660008292040042300400401425300000CE9C400F252000020A0002A67E
:200980001B0040122400BF8F1400228E060044240900438806004398030043A8000043B8A8
:2009A00004008390040043A005008390050043A02800238E010060543C00632403006588F8
:2009C00000006598030085A8060045B804006290040082A005006290050082A01000238EEC
:2009E0000C0062940E0042240C0062A42400BF8F2000B48F1C00B38F1800B28F1400B18F8F
:200A00001000B08F0800E0032800BD274800A104FEFF0224D8FFBD272400BFAF2000B4AFB0
:200A20001C00B3AF1800B2AF1400B1AF1000B0AF258880002598A00025A0C0007400828C4B
:200A4000040040102590E0000500052409F84000F4008424E000228E0000508C0400438C63
:200A6000240003560000038E000040AC040040AC7400228E2300401406000524150000129B
:200A80000300022400E0627E080002AE00A4140080019436040014AE429F130004000224CE
:200AA00006006256000000AE0400028E010003248452627C040002AE000000AE140000AE36
:200AC0000400428E13004054000050AC000050AE040050AE2400BF8F2000B48F1C00B38F6C
:200AE0001800B28F1400B18F1000B08F0800E0032800BD27000043AC7400228EE1FF4010C0
:200B00000600052409F84000F4002426DBFF0010000000000400438E0400022600E0427C9E
:200B2000140062AC040050AEEAFF0010251000000800E003000000001400838C470060149A
:200B400003000224D8FFBD272400BFAF2000B0AF31008290030003241100431425808000A6
:200B60000C00828C1800A3271000A3AF2C00428C25380000360086943200859409F84000E4
:200B80001000848C180040501800A48F140002AE02000324010002241E000010300003A22B
:200BA000FFFF43240200632C17006010010003241C0043101800A3270C00828C1400A3AFBF
:200BC0001000A0AF3000428C34008794360086943200859409F840001000848CECFF4054EE
:200BE000140002AE1800A48F0200032409008310030002245880828FFEFF4014FEFF02249B
:200C0000050000102400BF8F5C80828FFEFF4014FFFF02242400BF8F2000B08F0800E0032F
:200C20002800BD270C00828C1400A3AF010003241000A3AF3000428C340087943600869401
:200C40003200859409F840001000848CE5FF401025180000D0FF0010251000000800E00378
:200C600000000000D8FFBD272400BFAF2000B3AF1C00B2AF1800B1AF1400B0AF0200022415
:200C800027008210FFFF10242588A000010002242B0082142590C0002A00C0102538000068
:200CA0000000C28C2700401025280000BFF4400F2520C0001A004010259840002538000057
:200CC00025302002252800007897400F0100042425804000FFFF02241100021280181000F3
:200CE0008C80828F211043000000518C440033AE253040027100259277F5400F2520200280
:200D00008400228E01000324C4DE627C840022AE8400228E0100032404E7627C840022AE2A
:200D2000251000022400BF8F2000B38F1C00B28F1800B18F1400B08F0800E0032800BD27A9
:200D400025380000253020027897400F2528000025804000FFFF0224F1FF0212801810005F
:200D60008C80828F211043000000518C440020AE253040027100259277F5400F2520200212
:200D8000E3FF401625100002E7FF00102400BF8FC00002242700A210C100A328230060109E
:200DA000251000009100A3281D0060108000A3281E00601480FFA5241100A22C3C00401085
:200DC00080280500039D023CDC0D4224211045000000428C0800400000000000340E039DCB
:200DE000340E039D8C0E039DB00E039D540E039DB00E039DB00E039DB00E039D700E039D3F
:200E0000B00E039DB00E039DB00E039DB00E039DB00E039DB00E039DB00E039D8C0E039D06
:200E2000A00003240400A3500000E28C0800E003000000000000E28C040043240000E3AC33
:200E40000000428C000082AC000046AC0800E003010002240000E28C040043240000E3AC2A
:200E60000000428C000082ACF8FF0010000046A40000E28C040043240000E3AC0000428C4F
:200E8000000082ACF1FF0010000046A00000E28C040043240000E3AC0000428C000082ACDA
:200EA000000046ACC3370600E8FF0010040046AC251000000800E00300000000C0FFBD2790
:200EC0003C00BFAF3800B7AF3400B6AF3000B5AF2C00B4AF2800B3AF2400B2AF2000B1AF7F
:200EE0001C00B0AF259080000700A0102580A0000000A0A00100A0A00200A0A00300A0A040
:200F00000400A0A00500A0A029004012010002240000438226006010258800003A00172429
:200F20000600162400005482D1FE400F252080021F0040102510000001005582D1FE400F1C
:200F40002520A002250040100438B37E047A937E3DE1400FFFFF64322118B103100062A039
:200F6000020042820800401000000000030057102D0003240E0043142510000001003126A3
:200F8000E8FF361603005226070000121000A28F030002AA000002BA1400A293040002A2ED
:200FA0001500A293050002A20500223A0100422C3C00BF8F3800B78F3400B68F3000B58F79
:200FC0002C00B48F2800B38F2400B28F2000B18F1C00B08F0800E0034000BD27F4FF001006
:200FE000251000004700E01001000224C8FFBD273400BFAF3000B5AF2C00B4AF2800B3AF64
:201000002400B2AF2000B1AF1C00B0AF258080002598A00025A0C0002190E5002588A00066
:2010200057E2400F252000022900401025100000020002241000A2A3021411001100A2A339
:20104000021211001200A2A31300B1A3B3F3400F2520000225380000253000000400052492
:20106000B391400F1000A427220040100000000007ED400F000000001E0040102538000082
:20108000232093022530000001000524B391400F21209100170040100000000007ED400FEA
:2010A0000000000025A84000C7F3400F252000021200A01264000524AEE5400F2520000259
:2010C0000E00401001003126D5FF3216000000003400BF8F3000B58F2C00B48F2800B38F6F
:2010E0002400B28F2000B18F1C00B08F0800E0033800BD27C7F3400F25200002F4FF001076
:20110000251000000800E00300000000D8FFBD272400BFAF2000B3AF1C00B2AF1800B1AFEB
:201120001400B0AF27008010258880003E00A0102580A00048009324FFFF052471F8400F47
:20114000252060022400328E3100401207000326C218030001006324251000000400458EE0
:201160002B20A300270080142320A3000300862C0300C0542518A0001E00A354040044AE2C
:201180001A0040500000428E0000448E000044AC2800248E01009250280022AE3000228E7E
:2011A00021186200300023AE3400228E2B10430001004054340023AEBDF7400F25206002ED
:2011C00008005126251020022400BF8F2000B38F1C00B28F1800B18F1400B08F0800E00372
:2011E0002800BD27DDFF001025908000E8FF0010240022AEC020040021904402E7FF001006
:20120000040043AE0000448EF6FF801425104002FAFF0224380022AEBDF7400F2520600236
:20122000E8FF001025880000E6FF001025880000E0FFBD271C00BFAF1800B1AF1400B0AF30
:20124000258880000E00A290030003241E0043102580A0000400432C050060100100032431
:2012600008004310020003242C004310000000006080828FFEFF4014070002240D000010DF
:201280000E0002A20500410F1000848C0A0040141C00BF8F040006968019C57C4020C67C43
:2012A0001000A53465F5400F1000248E030002240E0002A21C00BF8F1800B18F1400B08FEA
:2012C0000800E0032000BD270500410F1000848CF9FF40141C00BF8F25FD400F1000248EC1
:2012E000080002AE040005964020A67C8019A57C0100C6341000A53465F5400F1000248E0C
:201300000D0003920100633006000224020004240A108300E7FF00100E0002A20500410FA7
:201320001000848CE4FF40141C00BF8F25FD400F1000248E001C02000800028E251043008B
:20134000080002AE06000224DAFF00100E0002A2D8FFBD272400BFAF2000B4AF1C00B3AFC0
:201360001800B2AF1400B1AF1000B0AF25A0A0002590C00019E1400F01000524250040104F
:20138000FFFF1024258840000400538C252880029EE8400F2520400025284000190040102C
:2013A000FEFF10240A0040520E00A2900E004390FCFF6324FF0063300300632C04006050E5
:2013C0000E00A2900800428C000042AE0E00A290FFFF4324FF0063300400632C09006014C0
:2013E000010010240700432C13006010050003241B0043140600422C040002240E00A2A033
:20140000258000000400601225100002BDF7400F25206002251000022400BF8F2000B48FC4
:201420001C00B38F1800B28F1400B18F1000B08F0800E0032800BD276080828FFEFF401419
:20144000ECFF10240400268E030007249C00C6242DD0400F25206002EAFF00100000000015
:20146000E8FF401425800000F7FF00100400268EE8FFBD271400BFAF5481828F0500401046
:2014800001000224688182AF1400BF8F0800E0031800BD27688180AF8C81828F3000428C8E
:2014A0008C81838F8C81848F0000638C3000848C2B18830012006010A5A5033C0000448C1D
:2014C000A5A563340E008314A5A5033C0400448CA5A563340A008314A5A5033C0800448C46
:2014E000A5A5633406008314000000000C00438CA5A5023CA5A542340500621000000000D4
:201500008C81858F8C81848FADFE400F3400A5247481838F201863701F00022423104300C6
:2015200001A0043C7C8B8424801802002128620080280500212885000400A68C0400C68CCF
:20154000211862008018030008006324212083000300C4140400A6AC0C00A48C0400A4AC41
:2015600001A0033C8020020021208200802004007C8B6224211044000400428C0C00428CD4
:201580008C8182AF8C81828FC0FF00101400BF8FD8FFBD272400BFAF2000B4AF1C00B3AF70
:2015A0001800B2AF1400B1AF1000B0AF2A00E010258000002590A000020002242F00C2148E
:2015C0002598E000E000918CE400948C0000828E0F0040143800A68F1800052409F86002E9
:2015E000010004241C004010258000000000838E000043AC0400632400E0637C140043AC64
:20160000000082AE0400838E01006050040082AE1100401225804002258000003800A68F44
:201620001800052409F86002010004240B00405025100002000040AC140040AC0400238E6A
:2016400014006054000062AC000022AE01001026F2FF5016040022AE251000022400BF8FD9
:201660002000B48F1C00B38F1800B28F1400B18F1000B08F0800E0032800BD27010002248F
:20168000F5FFC21425800000E800918CCFFF0010EC00948C0400248E0400432400E0637C0C
:2016A000EAFF0010140083ACD8FFBD272400BFAF2000B4AF1C00B3AF1800B2AF1400B1AFB3
:2016C0001000B0AF258080003701410F2588A0000400401425900000E265400F25200002B7
:2016E000030012248465400F252000020000338E0400348EE200410F25200002E600410FFC
:2017000025200002049D033CC80363242510000008000624000064941B006402F4018000FB
:20172000122000002B2084020500801001004224F8FF46140200632407000224010042243C
:20174000FF004530EA00410F252000020800228E010042301200401000000000B600410F01
:20176000252000020800228E020042301000401000000000BE00410F2520000225104002CA
:201780002400BF8F2000B48F1C00B38F1800B28F1400B18F1000B08F0800E0032800BD2723
:2017A000BA00410F25200002EFFF00100800228EC200410F25200002F1FF00102510400252
:2017C0000080013C2430A10040380500423D0700FF0701242C00E1100000000033040924A8
:2017E000233827013500E12C0B002014000000002100E004000000002F00C01000000000E1
:201800004048050025482401270020150000000029000010000000000500C010000000003F
:201820002B48040023200400232805002328A9001F00E93001000824044028012340080069
:201840002000E12C0500201400000000000004242428A80002000010000000002420880028
:201860000500C010000000002B48040023200400232805002328A900251004002518050016
:201880000800E003000000000F00013CFFFF21342448A100254824010B00201500000000DF
:2018A000F5FF001000000000F0BF053C00000424F1FF001000000000252806000000042491
:2018C000EDFF001000000000F8FF053C00000424E9FF001000000000C0FFBD273C00BFAF67
:2018E0003800B3AF3400B2AF3000B1AF2C00B0AF2590A0001000A0AF1400A0AF1800A0AF20
:201900001C00A0AF2000A0AF2400A0AF40100400211044008010020001A0103C7C8A1026F6
:20192000218002022BF6400F2520000025984000A2F9400F25200002258840002528600283
:20194000ACF7400F252000000C002012000000002800228E0500521425282002F3FD400F21
:201960001000A427EFFF001000000000F3FD400F1C00A427EBFF001000000000A2F9400F84
:201980001000A427060040102520400001000624C2FA400FF5FF0524F8FF00100000000037
:2019A0001C00A28F0B0040103C00BF8F2BF6400F25200000258840001C00A52799F4400F8F
:2019C0002520000225282002ACF7400F252000003C00BF8F3800B38F3400B28F3000B18F31
:2019E0002C00B08F0800E0034000BD274100A01001000224D8FFBD272400BFAF2000B2AF87
:201A00001C00B1AF1800B0AF258080005C008390320062142588A0004F01410F2520A000C5
:201A20000000448C1C0004AE3C00038E1000023C000142242418620001006254140004AE6B
:201A40004C01410F252020020000528C1000B2AF200012AE3C00028E20004230130040148E
:201A60001000A527D7F0400F2800248E0F004014F0005232E00002240C0042121000A28F1C
:201A80001800038E060062503C00028E3C00038EC439037C3C0003AE180002AE3C00028E4F
:201AA000010003248431627C3C0002AE2800228E240002AE28000296060040501C00228EB1
:201AC0003C00028E4005427C050040142400BF8F1C00228E00004294280002A62400BF8F88
:201AE0002000B28F1C00B18F1800B08F0800E0032800BD270800E00300000000C03A0500F1
:201B0000425D04002538EB00C03204000080013C2538E1000080013C2448A100404005009A
:201B20004245080080FC0825FFFF0B25FE00612D12002010000000000200C010000000009F
:201B40000100E7348000E7248000EB2C21400B01025A070001006B312338EB004038070015
:201B6000423A0700C05D08002538EB002510E9000800E00300000000000000007F040124C4
:201B8000080001150000000040580700255866010400601100000000C0FF023CF4FF00102F
:201BA00000000000FF0001290500201400000000807F013C25102101EDFF00100000000034
:201BC00001000A24235048012000412D040020140000000025100900E5FF00100000000022
:201BE00020000C2423608A01045887012530CB0006384701000008240080013C2538E100D6
:201C0000CDFF001000000000000000004000A01025100000E0FFBD271C00BFAF1800B2AFFD
:201C20001400B1AF1000B0AF2580A0000000A38C310060102588C000300080101C00BF8F15
:201C400042008394400063302D0060501800B28F01A0023C7A65400F448C528CC01802008D
:201C600021186200C01803002190430225280002BECF400F0000448E258040001E000012E6
:201C80002510000000000396C00063301B0060101C00BF8F09002052000003961000028E7A
:201CA000030022AA000022BA14000292040022A215000292050022A20000039680006330EB
:201CC0000D006010010002241800522604001126252820024CE9400F2520400201A0023C3C
:201CE000548C428C0C0002AE252820027EEA400F25204002010002241C00BF8F1800B28FE3
:201D00001400B18F1000B08F0800E0032000BD270800E00300000000D8FFBD272400BFAFF9
:201D20002000B4AF1C00B3AF1800B2AF1400B1AF1000B0AF3500A010259880001000A28CE6
:201D400004004010780011241400432C140011240A8843001400B48C0100805242A01100C7
:201D60001800B08C080000169224023C244942242B10220227004014C210110025802002A6
:201D80000410107C23800202DAFE400FCCCC123CCDCC52361900520010200000022104000C
:201DA00080180400211864008018030023104300F6FF942621105400DAFE400F100062AE5E
:201DC00019005200109000000291120080181200211872008018030023104300F6FF1026C2
:201DE00021105000140062AE180071AE2400BF8F2000B48F1C00B38F1800B28F1400B18F27
:201E00001000B08F0800E0032800BD27780011243C001424C080110023801102DAFF00106B
:201E2000C2801000D8FFBD272400BFAF2000B4AF1C00B3AF1800B2AF1400B1AF1000B0AFA6
:201E4000259080002588A00025A0C000EAEA400F2598E00029004010FFFF102401A0023C31
:201E6000188D438C020002242200621400000000200020122B1032021E00401401A0033C1B
:201E800025800000208963240500022400006490230080540100102601000224000062A0F7
:201EA000010060A0180060A0190060A03800A28F040062AC080071AC100074AC140073ACED
:201EC000238832020C0071AC1C808297FFFF10320024020025800402200070AC0100422491
:201EE000FFFF4230FFFF033401004350010002241C8082A761F6400F0000000025100002E0
:201F00002400BF8F2000B48F1C00B38F1800B28F1400B18F1000B08F0800E0032800BD279B
:201F2000DAFF021624006324F2FF0010FFFF1024E0FFBD271C00BFAF1800B1AF1400B0AF9A
:201F40002580800003F1400F9400848C25280000D1E0400F2520000225FE400F9400048E49
:201F60002C80828F0C0002560C00048E03F1400F9400048E25FE400F9400048EA80000AE4B
:201F8000980000AE9C0000AEA00000AEA40000AE2C8080AF0C00048EFFFF022406008210DC
:201FA0003C00118E1800228E09F8400000000000FFFF02240C0002AE0800048EFFFF02249F
:201FC00007008210253800020800228E09F8400000000000FFFF0224080002AE25380002D5
:201FE000029D063C9091C6240200052419E0400F2520000225300000FEFF0524E0D1400FC0
:202000002520000225380002049D063CD89EC6240100052419E0400F25200002100000AE60
:20202000140000A61C00BF8F1800B18F1400B08F0800E0032000BD27E0FFBD271C00BFAF95
:202040001800B2AF1400B1AF1000B0AF0800928C01A0023C0C8B42240200421225808000A7
:2020600025900000DDF1400F252000021D0040101C00BF8F34000296220002A60002423066
:202080001D00401400000000DFF7400F0000000073F6400F258840002000438E0400638C21
:2020A00002882372E70331266210033CD34D632419002302108800008289110021882202A9
:2020C0002C0011AE01000524F0E7400F2520000203004010050002241A0002A61C0000A67C
:2020E0001C00BF8F1800B28F1400B18F1000B08F0800E0032000BD2773F6400F00000000D3
:202100002C00038E2B1043000500401025280000F0E7400F25200002F2FF00101C00BF8F0A
:202120001C0000A61A0000A6180000A602000224020002A6F6FF0224E9FF00101E0002A6B4
:202140003F008014FFFF0224E0FFBD271C00BFAF1800B2AF1400B1AF1000B0AF01A0023C00
:20216000DC89438C020002240E0062142580A00001A0023CD8894294010042300A00401057
:20218000A800062401A0023CD48942241C00BF8F1800B28F1400B18F1000B08F0800E0037A
:2021A0002000BD27A80006242528000001A0043C61FE400FD4898424F4FF0012FFFF02243F
:2021C00001000724010006242528000001A0043CFDDA400FD48984242520400001000324A2
:2021E000EAFF8314FFFF022401A0023CD4894224040043A402000324080043AC0C0040A49E
:202200000400038E100043AC01A0103C088A10260100122401A0113C588A31260F0012A254
:20222000252800020BFC400F2520200214001026FAFF111601A0023CD4FF0010D4894224A3
:202240000800E003000000000C00838C0019637C80180300ECFF6324FF0063303A00601037
:20226000180202241400842421388300010006240200052434006010180202242B1087008A
:202280003100401018020224000082902800401001008824FFFF632423004610FF006330B6
:2022A000170045540200622C0300632C260060141802022401008590040003242200A31458
:2022C0002518000002008290047A437C030082900438437C25106000FFFF6330B505632CF1
:2022E00001006050B4050224FFFF43301802632C01006054180202240800E003FFFF4230E4
:202300000D00401400000000010082902B4062000B00001502004824212088002318620088
:20232000D4FF0010FF006330D2FF0010252000010800E003180202240800E00318020224AB
:202340000800E003180202240800E00300000000E0FFBD271C00BFAF1800B1AF1400B0AF2F
:2023600046FD400F2588A000258040003500001225100000330020125400062425280000ED
:2023800061FE400F252020025C000392010002240C006254280002961400028E040022AE16
:2023A0001800028E140022AE1C00028E240022AE2000028E340022AE01000224000022AE46
:2023C00028000296440022A62A000296460022A62400028E480022AE4800028E4C0022A6A9
:2023E0000400028E0000038E231043004E0022A63C00048E5D000392010062304010020087
:20240000040085388000A57C25104500080085300100A05004004234020065300100A0542C
:2024200008004234100084300100805010004234040063300100605420004234500022AE01
:20244000010002241C00BF8F1800B18F1400B08F0800E0032000BD27D8FFBD272400BFAF04
:202460002000B3AF1C00B2AF1800B1AF1400B0AF1880848FFFFF02240600821001A0023C2C
:2024800098E7400F00000000FFFF0224188082AF01A0023CE48D42940E0040102C81918F30
:2024A0002580000001A0123CE48D5326030007240200062425282002B0D2400F252060025D
:2024C00001001026E48D42962A100202F7FF4014700031268F01410F0000000001A0023C6E
:2024E000EC8D448C0800801001A0033C0C00828C09F840002C81858F01A0023C13FF400FBF
:20250000EC8D448C01A0033CE48D6224080040AC0C0040AC2C8180AFE48D60A4040040A476
:20252000048180AF088180AF01A0023C388E40AC388E4224040040AC080040AC0C0040AC96
:20254000100040AC2400BF8F2000B38F1C00B28F1800B18F1400B08F0800E0032800BD27AC
:202560003F00801025100000E0FFBD271C00BFAF1800B1AF1400B0AF258080004C00838C9F
:20258000FFFF63244C0083AC2C00858C4800848C2F00A4101C00BF8F2C006014040011267E
:2025A000A1F8400F25202002090040544800038E7481838F2C00048E0100022404108200D4
:2025C0002710020024104300748182AF4800038E2C0003AE0500022423104300180002AE06
:2025E0007481848F010002240410620025104400748182AF01A0043C7C8B84248010030074
:202600002110430080100200211082000400428C080002AE0800438C0C0003AE040071ACC2
:20262000080051AC2C00058E80100500211845008018030021188300140003AE0000628CB9
:2026400001004224000062AC010002241C00BF8F1800B18F1400B08F0800E0032000BD27DA
:202660000800E00300000000D0FFBD272C00BFAF2800B5AF2400B4AF2000B3AF1C00B2AF10
:202680001800B1AF1400B0AF2590A000251880003800842C020080102588C00038000324F7
:2026A00003006324FCFF703011005526FCFFB5321200B426FFFF94323081848F18000526D0
:2026C000212885020400828C09F84000FEFFA5301C0040102598400018000626252800000B
:2026E00061FE400F25204000211870020E0075A4120074A4270066240408067C040066AC56
:20270000F4FFD3ACADDE023CDEFA4234F8FFC2AC01000224100062A4100063AE0400668C77
:202720000200C224080062AC140062AE0400117C03004012200071AE1000C624180066AE2C
:202740002F0060A2251060022C00BF8F2800B58F2400B48F2000B38F1C00B28F1800B18F4D
:202760001400B08F0800E0033000BD27E0FFBD271C00BFAF1800B1AF1400B0AF25888000A2
:202780000E00A290030003241F0043102580A0000400432C050060100100032408004310AD
:2027A000020003242B004310000000006080828FFEFF4014070002240E0000100E0002A233
:2027C0000500410F1000848C0B0040141C00BF8F040006968019C57C080007964020C67CFA
:2027E0001000A53469F0400F1000248E030002240E0002A21C00BF8F1800B18F1400B08F96
:202800000800E0032000BD270500410F1000848CF9FF40141C00BF8F040005964020A67C7D
:202820008019A57C0A0007960100C6341000A53469F0400F1000248E0D00039201006330B3
:2028400006000224020004240A108300E9FF00100E0002A20500410F1000848CE5FF40142E
:2028600006000224E3FF00100E0002A2010003243B00A31425100000E0FFBD271C00BFAFEC
:202880001800B1AF1400B0AF258080002588C00056008394540082942B18620028006010A7
:2028A000251000003C00828CC002477CC03D07000002423003004010480004240400E734BA
:2028C000600004240200E73410000696B4EA400F080005241A004010039D033C689A6324B7
:2028E000080043AC0C0050AC3C00038E0002633018006010480044241000438C000064AC50
:2029000001000324580043A4251800000A00205256000396000003AE1000049621206400A8
:20292000040004AE080003AE010003245C0003A20C0002AE5600039601006324560003A6CD
:202940001C00BF8F1800B18F1400B08F0800E0032000BD271C00438CECFF001008006324FE
:202960000800E00300000000D8FFBD272400BFAF2000B4AF1C00B3AF1800B2AF1400B1AF31
:202980001000B0AF258880002590A0002598C0007A65400FE880948F4080020021800202A9
:2029A0008080100021800202C0801000218090026000029201004230230040102400BF8F93
:2029C0000A006052600002925E0002960900422C0500401425380000070006242528200284
:2029E0004294400F25200002600002924408027CC418027C010003244429627C600002A2DC
:202A0000200000AE56000296540002A65000048E0300801000000000E5D6400F2528000032
:202A2000080040525E0000A6600002920421027C0400027C600002A2420022960400027C5F
:202A4000420022A62400BF8F2000B48F1C00B38F1800B28F1400B18F1000B08F0800E00352
:202A60002800BD27E0FFBD271C00BFAF1800B2AF1400B1AF1000B0AF258080002588C0000F
:202A80003800928C4000868C1100C014000000000000828C050040142588000058C9400F25
:202AA0000800848C25884000080000AE01005226380012AE251020021C00BF8F1800B28FD0
:202AC0001400B18F1000B08F0800E0032000BD270E00201600000000A9FD400F0400848C17
:202AE0000400028E4000038E21104300040002AE0800038E2B104300EDFF40540100522639
:202B00000000028EE9FF0010040002AEA9FD400F0C00848C4000038E232003000C00028EB5
:202B2000231043000C0002AE0000038E2B10430005004010020002240800028E21104400CA
:202B40000C0002AE02000224D8FF221625880000D7FF405201005226D4FF0010FFFF52269B
:202B6000C0FFBD273000B4AF5000B48F3400B5AF010094322C00B3AF2800B2AF2400B1AF92
:202B80002000B0AF3C00BFAF3800B6AF259080002598A0002580C0002588E0000300801652
:202BA0002BA8C7001300A05623A83002253000022528600271EE400F252040020D00A01677
:202BC00023A83002258800023C00BF8F251020023800B68F3400B58F3000B48F2C00B38F92
:202BE0002800B28F2400B18F2000B08F0800E0034000BD271100A22E100006240B30A202A0
:202C0000200005241000A42761FE400F25B0A0021000C22E0B0040100F00A6321000A5274D
:202C200071EE400F25204002E7FF8016253000022528600271EE400F25204002E3FF0010B6
:202C40003C00BF8F100006241000A52771EE400F25204002EEFF0010F0FFD626E0FFBD27F4
:202C60001C00BFAF1800B1AF1400B0AF258080004400918C0466400F25202002EA65400F9B
:202C800025202002FA65400F252020022201410F25202002FDFF401400000000E265400FF8
:202CA00025202002FE65400F2520200225004014C0000226C00000AEC40000AEE00002AEC3
:202CC000C80000AECC0000AEC8000226E40002AED00000AED40000AED0000226E80002AEF0
:202CE000D80000AEDC0000AED8000226EC0002AEEF6305243401410F252020022528000074
:202D00005265400F25202002252800005A65400F252020024465400F252020028465400FED
:202D20002520200200060524F665400F252020021C00BF8F1800B18F1400B08F0800E003EC
:202D40002000BD278464400F25202002D5FF0010000000003B008014FFFF0224E0FFBD2737
:202D60001C00BFAF1800B1AF1400B0AF5480918F060020162580A000700006242528000082
:202D800001A0043C61FE400F0C8B842401A0023C0C8B439001000224080062541800038E8E
:202DA00001A0023C0C8B42241C00BF8F1800B18F1400B08F0800E0032000BD2701A0023C54
:202DC000288B43ACF8FF6010FFFF022401A0033C0C8B622422000496060044A401000424F6
:202DE0000C8B64A002000324040043A4080040A40400038E0C0043AC1000038E140043AC04
:202E0000049D043C60B18424180044AC2400048E200044AC240040A0140064940100805069
:202E20000041042401A0023C0C8B42245C0044A4160063945E0043A401003126DAFF001076
:202E4000548091AF0800E00300000000E0FFBD271C00BFAF1800B2AF1400B1AF1000B0AFCA
:202E60002580A000C2180500100063300200A5300700A010010062340400C5300100A05478
:202E8000090062340800C6300100C054040042344400918C89BF033C009262AC02911000DB
:202EA00004000332040042320100642C25104400B240423489BF043C109282AC150002245C
:202EC000120005240A2843009264400F252020020C000524E2FF400F25202002120005248F
:202EE0009A64400F25202002370005241266400F252020020F0005248A00410F2520200217
:202F000000401032090000121C00BF8F8E00410F252020029200410F2520200201004532A4
:202F20009600410F252020021C00BF8F1800B28F1400B18F1000B08F0800E0032000BD27EF
:202F4000E8FFBD271400BFAF1000B0AFDDF1400F25808000130040101400BF8F34000296E2
:202F60002000433012006014040043302800028E0400401000100324000043AC040040AC9F
:202F8000080040AC1C0000A61A0000A6180000A602000224020002A6F5FF02241E0002A64B
:202FA0001400BF8F1000B08F0800E0031800BD270F006014000142302800028E0500405036
:202FC0001C0000A6000040AC040040AC080040AC1C0000A61A0000A6180000A602000224F7
:202FE000020002A6F5FF0224EDFF00101E0002A6080040100F000524F0E7400F252000024E
:20300000E7FF4010020002241A0002A6E4FF00101C0000A606000524F0E7400F252000023F
:20302000DFFF4010050002241A0002A6DCFF00101C0000A6E0FFBD271C00BFAF1800B1AF03
:203040001400B0AF46FD400F2588A000258040002C000012251000003C00028E0030423058
:20306000040040543C00028E07F2400F252000023C00028E448C027C3C0002AE000B437C8D
:203080005C0003A2251840000040423001004050240000AE00806230070040543C00038E23
:2030A000180000AE3C00028E8431027CC439027C3C0002AE3C00038E8000023C04004224EF
:2030C0002418620001006250280000A6120020522C00058E46F7400F25200002A2F9400FD1
:2030E000400004262528400063E0400F252000023C00028E01000324448C627C3C0002AE72
:20310000010002241C00BF8F1800B18F1400B08F0800E0032000BD277BC6400F25200002AD
:20312000F4FF00103C00028ED8FFBD272400BFAF2000B2AF1C00B1AF1800B0AF25808000DA
:203140002588A0007A65400FE880928F40180200211862008018030021106200C010020076
:2031600021904202600042920100433016006010001023321A00601025300000252800009B
:203180005ACA400F25200002010002241000A2AF253800002530000025280000A4DB400F20
:2031A0002520000202000624010005246EE5400F2520000225380000253000000C000524A2
:2031C000BFA1400F252000022400BF8F2000B28F1C00B18F1800B08F0800E0032800BD277C
:2031E00000083132F8FF20121000423001000324020005240A2862007CD2400F25200002EE
:2032000025380000253000000D000524BFA1400F25200002EDFF00102400BF8FE0FFBD279F
:203220001C00BFAF1800B1AF1400B0AF070082300600401025808000F7FF43242B186400E1
:203240002C0060140800902423800202A265400F000000004881828F0400401400A0023C05
:203260002B0342240410027C488182AF070000564C81828FAFA5400F00000000B6FE400F4D
:20328000258800001600001025102002271810002B1862000500601021805000AFA5400F07
:2032A00000000000F5FF001000000000586D032E050060544881918FAFA5400F00000000CF
:2032C000EEFF00100000000021882202AFA5400F4C8190AFE9FF2012000000002510200204
:2032E0001C00BF8F1800B18F1400B08F0800E0032000BD27A265400F000000004881828F9A
:20330000DCFF401425800000D5FF001000A0023C0000A28C0400A38CC0FFBD273800B3AF79
:203320003400B2AF3000B1AF2C00B0AF0800B38C0C00B28C3C00BFAF258880002580A00030
:20334000030060042000A2AF4408027C2000A2AF2000A2271800A2AF080002241400A2AF75
:203360001000B3AF0400C78C0000C68C4EC1400F252000022000A38F100063300400601024
:2033800030000424FFFF422421184202000064A02000A38F08006330040060102000042447
:2033A000FFFF422421184202000064A01000068E2000A38FFFFFC6241000A3AF2538600229
:2033C0002330C20021284202D8CA400F252020020400238E00016330040060103C00BF8FAC
:2033E0000400038E2A2043000B1064003800B38F3400B28F3000B18F2C00B08F0800E00377
:203400004000BD270000A28C3800401025380000251800002540000001000B2400E08A7CBD
:203420000400498C2D0023052540400004008010000000000800498C28002A5525404000FC
:203440000400438CC001637C1A006014010003240400438CC001637CFDFF60140000000060
:203460000000438C000040AC140040AC0400C98C15002055000022AD0000C2AC0400C2ACFF
:203480000400428C8007427CF1FF405025106000020000510000A3AC000003AD1100801409
:2034A0000100E7242510600025186001DCFF4014000000000200E0142510000001006224EC
:2034C0000800E003000000000400CC8C0400492400E0297DE9FF0010140089ADF3FF00106A
:2034E0000000428CF3FF001001000324F3FF001025180000D8FFBD272400BFAF2000B2AFC7
:203500001C00B1AF1800B0AF258880000800928C0A0050961000A0AF69ED400F1000A52795
:20352000400003320A0060101000A2970A0042A6258040001000428E800143300E0060102A
:20354000010043300400027C0D000010444A027C11000332F7FF4310020002241C0020A6B3
:203560001A0020A6180020A6020022A6F9FF0224F0FF00101E0022A601006050444A027C03
:20358000080003320C0060100400033200204234100042AE010002241A0022A61C0020A6B8
:2035A0002400BF8F2000B28F1C00B18F1800B08F0800E0032800BD270300601002000332E4
:2035C000F3FF0010001042340300601001001032EFFF00100080423480831000ECFF0010AB
:2035E00025100202D0FFBD272C00BFAF2800B5AF2400B4AF2000B3AF1C00B2AF1800B1AFBB
:203600001400B0AF2580800025A0A0001400828C09F840001000958C259040000C00028E88
:203620001200401025880000259800000800118E0000028E021851722188620000002296E7
:203640000100423013004014253080022000028E2528200209F8400025200002020033A637
:203660002400028E01004224240002AE251020022C00BF8F2800B58F2400B48F2000B38F55
:203680001C00B28F1800B18F1400B08F0800E0033000BD271C00028E2528200209F84000C7
:2036A00025200002F1FF4010219055020C00028E2B18420201006050239042020100732616
:2036C0002B106202D9FF401425880000E8FF0010251020023900801025100000E0FFBD2763
:2036E0001C00BFAF1800B1AF1400B0AF258080003C00838C260060102588A0004000828CB4
:2037000019006200101800002100601425100000A9F6400F000000000000038E4000048EEB
:203720003C00028E0210827021286200080005AE380000AE040003AE2310440021186200A6
:203740000C0003AEFFFF0224440002A2450002A214002016000000001000028E0900401074
:2037600000000000A3BA400F100004260500401000000000006802400001423400688240C3
:20378000C000000041EE400F00000000010002241C00BF8F1800B18F1400B08F0800E003C4
:2037A0002000BD2773FF400F1000042673FF400F24000426F3FF0010000000000800E0030E
:2037C00000000000E0FFBD271400B1AF2588C0000004C6281C00BFAF1800B2AF1F00C0145D
:2037E0001000B0AF049D123C88B0468E8CB0478E6993400F01FC30260004042A09008014E1
:2038000088B0468E8CB0478E25204000252860006993400F02F830260004052AFF03042461
:203820000A808500FF031026002D1000254000002538A00025300001252040006993400F7C
:20384000252860001C00BF8F1800B28F1400B18F1000B08F0800E0032000BD2702FC262A18
:20386000251080002518A000EEFFC01025802002049D123C90B0468E94B0478E6993400FCB
:20388000C903302602FC052AE6FFA01090B0468E94B0478E25286000920730266993400F30
:2038A0002520400002FC062A02FC0524DDFF00100B80A600E0FFBD271C00BFAF1800B2AF4B
:2038C0001400B1AF1000B0AF259080003BFD400F2580A000258840002B0020122510000085
:2038E00029000012010002243C0006242528000061FE400F25200002710023920100022471
:20390000080062545C0022963C00228E040002AE4000228E140002AE01000224000002AEAA
:203920005C002296240002A65E002296260002A64400228E280002AE700022922C0002AEF7
:203940001800228E1400238E23104300300002A60400228E0000238E23104300320002A6D7
:2039600048F9400F25202002340002A6CEE4400F25204002360002A689F5400F25202002DA
:20398000380002AE010002241C00BF8F1800B28F1400B18F1000B08F0800E0032000BD27C3
:2039A000D8FFBD272400BFAF2000B3AF1C00B2AF1800B1AF1400B0AF1000918C2B00201246
:2039C0002580A0001400B39001007332259020020000318E1B006012000040AE7400028E90
:2039E000030040100500052409F84000F00004260800458EB8B4400F252000027400028E0A
:203A0000030040100600052409F84000F0000426010006240400458E0BF5400F2520000231
:203A20002520400010004296040042300B0040506400028E2000828CC418027C0900001073
:203A4000200082AC010006240400458E0BF5400F25200002252040006400028E09F84000C6
:203A600000000000DAFF2016259020022400BF8F2000B38F1C00B28F1800B18F1400B08F84
:203A80000800E0032800BD270700A22C3600401080280500E8FFBD271400BFAF1000B0AF6B
:203AA000039D023CB83A4224211045000000428C0800400025808000543B039DD43A039D42
:203AC000F03A039D043B039D183B039D2C3B039D403B039D0100072401000624FDDA400FAB
:203AE00025280000010042381B0000100100422CCBFC400F000000000100423816000010AD
:203B00000100422C71F8400FFFFF052401004238110000100100422CBDF7400F0000000049
:203B2000010042380C0000100100422C2BF6400F25200000000002AE0700001001000224DC
:203B40000000858CACF7400F252000000200001001000224251000001400BF8F1000B08FFE
:203B60000800E0031800BD270800E003251000002D0080102510000001A0023C4C8D428CC6
:203B80000C00878C2A004010000000000C00438C2B18E3002B00601401A0033C254800009F
:203BA00025280000254000000C00438C2118A3002B2865002150A800252860002558400061
:203BC0001C00428C0C004010254040010C00468C2118C3002B3066002130CA002B502601A1
:203BE000060040551C0082ACEFFFC9142B18E300EDFF6010000000001C0082AC1C0064AD1C
:203C0000251000002338E5000C0087AC1C00838C05006010000000000C00858C0C00648C37
:203C2000232085000C0064AC0800E003000000000C0087AC01A0023C4C8D44AC0800E003E3
:203C4000010002244C8D64AC1C0082AC25280000ECFF001001000224E8FFBD271400BFAF4E
:203C60001000B0AF1C0082940B004010258080000100032413004310020002241C0080A42D
:203C80001A0080A4180080A4020082A4F4FF0224080000101E0082A4F0E7400F252800009A
:203CA00004004010020002241A0002A6010002241C0002A61400BF8F1000B08F0800E0033F
:203CC0001800BD27DDF1400F00000000FAFF40101400BF8F34000286110043041C0000A64A
:203CE00073F6400F000000002C00038E2B10430004004010020002241A0002A6EDFF001097
:203D00001C0000A61C0000A61A0000A6180000A6020002A6FCFF0224E6FF00101E0002A61B
:203D20001A0000A6180000A602000224020002A6E0FF00101E0000A6D8FFBD272400BFAF33
:203D40002000B3AF1C00B2AF1800B1AF1400B0AF2598A0002588C0003BFD400F2580E000A3
:203D60001C004050258800001A0020122590400048F9400F25204000211811022A184300C3
:203D80000200601023105000FFFF51302000428E212850001800508E2B1005020600405058
:203DA000238005021400428E23100202271002002128A2002380050201001026FFFF1032F9
:203DC0002B1011020B00401425302002A9FD400F25206002251020022400BF8F2000B38FF8
:203DE0001C00B28F1800B18F1400B08F0800E0032800BD2725300002A9FD400F25206002D1
:203E0000233030021400458EA9FD400F21207002F1FF001025102002D0FFBD272C00BFAFEA
:203E20002800B3AF2400B2AF2000B1AF1C00B0AF258080002590A000049D023CAC06438C9E
:203E40001000A3AFAC064224040042941400A2A71400938C07FE400F2800848C1E00401084
:203E60002518000025884000060006242528600216FB400F252040000600401006000624CE
:203E80001000A52716FB400F2520200212004014251800001800108E090004921100022450
:203EA0000D0082142518000021801202C69C400F0200049625884000C69C400F00000496E8
:203EC000DA8084970400911425180000D8808397261862000100632C251060002C00BF8FD6
:203EE0002800B38F2400B28F2000B18F1C00B08F0800E0033000BD27D0FFBD272C00BFAFEC
:203F00002800B5AF2400B4AF2000B3AF1C00B2AF1800B1AF1400B0AF2580800025A0A0001A
:203F20001400828C09F840001000958C259040000C00028E1300401025880000259800008F
:203F40000800118E0000028E021851722188620000002296010042301400401025308002DC
:203F60001C00028E2528200209F84000252000020F00401421905502000022964408027CB1
:203F8000000022A6251020022C00BF8F2800B58F2400B48F2000B38F1C00B28F1800B18F9E
:203FA0001400B08F0800E0033000BD27219055020C00028E2B1842020100605023904202DC
:203FC000010073262B106202DDFF401425880000EDFF001025102002E0FFBD271C00BFAF2B
:203FE0001800B2AF1400B1AF1000B0AF0800928C01A0023C0C8B42240200421225808000E8
:2040000025900000DDF1400F252000020D0040101C00BF8F34000296220002A62800028E72
:204020000D00401401000524F0E7400F2520000203004010030002241A0002A61C0000A688
:204040001C00BF8F1800B28F1400B18F1000B08F0800E0032000BD27DFF7400F00000000E6
:2040600073F6400F258840002000438E0800638C02882372E70331266210033CD34D6324FB
:20408000190023021088000082891100218822022C0011AE25280000F0E7400F25200002BC
:2040A000E7FF4010040002241A0002A6E4FF00101C0000A6D8FFBD272400BFAF2000B3AF5A
:2040C0001C00B2AF1800B1AF1400B0AF258880002580A0002520C0000F00A390FF00E230AE
:2040E000040062102590E0006080828FFEFF40140000000048EA400F252800021900021672
:20410000140006240C0013922528000061FE400F25200002252800020BFC400F84002426FB
:20412000010002240F0002A203000224120062120000000002000224040042162400BF8F00
:204140007D01410F1000248E2400BF8F2000B38F1C00B28F1800B18F1400B08F0800E00308
:204160002800BD276080828FFEFF401402000224F1FF0010000000000C00410F1000248EAB
:2041800004002296C418027CEAFF0010040022A680BF033C006060AC80BF023C0094043411
:2041A000186044AC80BF023C03010424406044AC88BF023C0004043C641044AC0008043CE9
:2041C000641044AC0010043C641044AC01A0043C8C8C8224200040AC280040AC2C0040ACF0
:2041E000340040A03C0040A0380040AC8C8C80AC080040AC0C0040AC100040A01C0040A04F
:20420000140040AC400040AC0060628C06004230060003240E004314000103248C8C822434
:20422000300043AC180043AC80BF023C00800334086043AC88BF023C0004033C681043AC9E
:204240000008033C681043AC0800E0030000000001A0023C8C8C422400020324300043AC20
:20426000180043ACF1FF001080BF023CE0FFBD271C00BFAF1800B2AF1400B1AF1000B0AF11
:20428000A9F6400F2580800045001192208C117C0D00201A240012262400028E0B00401038
:2042A000FFFF0224A3BA400F2520400203004010FFFF31260A01410F00000000208C117C6B
:2042C000F6FF20562400028EFFFF0224450002A241EE400F00000000A9F6400F0000000046
:2042E00044001192208C117C0D00201A100012261000028E0B004010FFFF0224A3BA400F44
:204300002520400203004010FFFF31260A01410F00000000208C117CF6FF20561000028ECF
:20432000FFFF0224440002A241EE400F000000001C00BF8F1800B28F1400B18F1000B08F8D
:204340000800E0032000BD27A8FFBD270400A1AF0800A2AF0C00A3AF1000A4AF1400A5AF0D
:204360001800A6AF1C00A7AF2000A8AF2400A9AF2800AAAF2C00ABAF3000ACAF3400ADAF49
:204380003800AEAF3C00AFAF4000B8AF4400B9AF4800BFAF124000004C00A8AF10400000A0
:2043A0005000A8AF029D1A3CE8935A2700000000006804400060054009F8400300000000D0
:2043C0005000A88F110000014C00A88F130000010400A18F0800A28F0C00A38F1000A48FBF
:2043E0001400A58F1800A68F1C00A78F2000A88F2400A98F2800AA8F2C00AB8F3000AC8FF1
:204400003400AD8F3800AE8F3C00AF8F4000B88F4400B98F4800BF8F5800BD27C000000098
:2044200018000042E8FFBD271400BFAF1000B0AF1C008294020003241F0043102580800074
:204440000300432C260060501C0080A40C00401400000000F0E7400F0200052404004010CF
:20446000020002241A0002A6010002241C0002A61400BF8F1000B08F0800E0031800BD27CF
:20448000DDF1400F00000000FAFF40101400BF8F34000296440002A603000524F0E7400F4A
:2044A00025200002F2FF4010020002241A0002A6EFFF00101C0002A6DDF1400F00000000AB
:2044C000ECFF40101400BF8F34000296460002A6030002241A0002A6E5FF00101C0000A6E4
:2044E0001A0080A4180080A402000224020082A4F4FF0224DEFF00101E0082A4E0FFBD27E5
:204500001C00BFAF1800B1AF1400B0AF29008014FFFF10242588A00001A0043C3DF0400F8D
:20452000D48984242300401025204000080025320500A05014008294060042941B004014B5
:20454000000000001400829420004010140083242400829415004014FFFF10242400832466
:2045600001000624080060A0090060A00A0060A00B0060A001000224000062A4020066A4B1
:20458000040064AC020002240400A0100C0062AC0400829404004234040082A40600829437
:2045A00001004224060082A425806000BDF7400F00000000251000021C00BF8F1800B18F67
:2045C0001400B08F0800E0032000BD27E5FF001025300000E8FFBD271400BFAFECFA400FCE
:2045E0000000000017004010A48183931E006014AC818397000205242328A3002B20450097
:204600000B2844002500A01001A0043CB8838424DBD4400F2120830025284000AC818497F3
:2046200000020324231064002B18A2000B10A3000400401021208200F264400FAC8184A703
:20464000A88182AFAC81839707006010A4818293060040141400BF8F0002632C0500601442
:2046600001000224A48182A31400BF8F0800E0031800BD27F264400F00000000A881838FA0
:2046800023104300409C03342B104300F6FF401401000224F4FF0010A48182A3EEFF6014F5
:2046A0001400BF8FF1FF00100000000000A0033CB40163243000641425100000D8FFBD27E5
:2046C0002400BFAF2000B4AF1C00B3AF1800B2AF1400B1AF1000B0AF2588A00000A0023CC0
:2046E0004C02438C1C0060102510000000A0103CB40110264400148EC3F2400F2520A00036
:204700002590400003F1400F9400048E259840009C00028E27881100248822029C0011AE27
:20472000A400038E2710120024104300A40002AE252840022B01410F2520800225284002CF
:204740002E01410F25208002252860027DFD400F9400048E010002242400BF8F2000B48F79
:204760001C00B38F1800B28F1400B18F1000B08F0800E0032800BD270800E00300000000FD
:20478000C8FFBD273400BFAF3000B3AF2C00B2AF2800B1AF2400B0AF258080002590A00028
:2047A0002588C0001000A0AF1400A0AF0700C0101800A0AF7400828C050040104800132634
:2047C0000500052409F84000F400842448001326DFF8400F2520600213004014252840008C
:2047E00006002012000000007400028E030040100600052409F84000F4000426DFF8400F76
:204800001000A4270C004014252040003400BF8F3000B38F2C00B28F2800B18F2400B08FAC
:204820000800E0033800BD27DFFD400F1000A427E7FF0010000000006800028E4010062403
:2048400009F8400025284002ECFF001000000000D8FFBD272400BFAF2000B1AF1C00B0AF45
:20486000258080001000A0AF3C00918C1C00228E09F840000C00848C0100032409004310AE
:204880002400BF8F2000228E09F840000C00048E080040508400028EC1F8400F25200002FC
:2048A0002400BF8F2000B18F1C00B08F0800E0032800BD2701004230150040101000A52720
:2048C0003400228E09F840000C00048E1000A28F0100423000800534004003240B286200AC
:2048E0008800028E2528A200880005AE8C00068E93CB400F25200002140002920100032492
:204900000421627C140002A2E5FF0010900000AEC1F8400F25200002E2FF00102400BF8FF8
:2049200031008010F2FF0224E0FFBD271C00BFAF1800B1AF1400B0AF258080000800838C2B
:2049400001A0023C0C8B4224070062102588A000F2FF02241C00BF8F1800B18F1400B08F89
:204960000800E0032000BD270200848401000324F8FF8314F3FF0224180004960100032496
:20498000F5FF83141C00BF8F1A000396010002240300621004000424EEFF6414F3FF02242A
:2049A0003000049202000324EAFF8314F4FF022441D7400F2520000225184000E5FF6004FC
:2049C000F4FF022402000424E2FF641001000224E0FF20122510000034000296000022A63E
:2049E000DCFF0010251000000800E00300000000D8FFBD272400BFAF2000B3AF1C00B2AF60
:204A00001800B1AF1400B0AF259080002588A0007A65400FE880938F40800200218002020A
:204A20008080100021800202C080100021807002FDFD400F252040025E0002A66000029294
:204A4000010003240400627C600002A25C0011A6420042960400627C420042A65000028E2F
:204A60000500401401000524039D043CA7DF400F183E8424500002AEFFFF31260200312E4A
:204A8000080020120100032456000296540002A6600002924429627C8B01410F600002A2AB
:204AA000200002AE2400BF8F2000B38F1C00B28F1800B18F1400B08F0800E0032800BD2753
:204AC000D8FFBD272400BFAF2000B3AF1C00B2AF1800B1AF1400B0AF258880002580A0002D
:204AE000100085AC5800A294140082A4160086A0170087A0049D123C18C95226049D133CFB
:204B0000C4C87326F4FF52260800428E09F8400025202002FBFF53162528000236C6400F88
:204B2000010004245000048E060080504C00048E4400028E2000428C09F8400000000000B3
:204B40004C00048E06008050500000AE4400028E0C00428C09F8400000000000500000AEB6
:204B60004C0000AE420002968431027C8473027C420002A62400BF8F2000B38F1C00B28F9E
:204B80001800B18F1400B08F0800E0032800BD2700A0033CB40163242E006414FAFF022493
:204BA000D8FFBD272400BFAF2000B4AF1C00B3AF1800B2AF1400B1AF1000B0AF0300E01058
:204BC0002590A000080002240000E2AC19004012251000001700C0100900C32C0800022417
:204BE0000B10C3002588400025A00000049D103CB891102600A0133CB4017326240006242E
:204C00002528000275FE400F252040020C00028E09F840004400648E240042AE2800522635
:204C2000010094262B109102F4FF401410001026251000002400BF8F2000B48F1C00B38FF6
:204C40001800B28F1400B18F1000B08F0800E0032800BD270800E0030000000030008010B6
:204C6000F2FF0224E8FFBD271400BFAF1000B0AF0800838C01A0023C0C8B422406006210F6
:204C800025808000F2FF02241400BF8F1000B08F0800E0031800BD2702008484010003240E
:204CA000F9FF8314F3FF02241800049601000324F6FF83141400BF8F1A00039601000224AB
:204CC0000300621004000424EFFF6414F3FF022430000392ECFF6014F4FF02240100022451
:204CE000300002A2320005A603000224310002A2360006A6CEC2400F252000022518400080
:204D0000E1FF6004F4FF022403000424DEFF641425100000300000A2DBFF0010010002249E
:204D20000800E00300000000E0FFBD271C00BFAF1800B1AF1400B0AF2580800079CD400F96
:204D40002588A0001B004054000043942400048E0C00038E1F0083141C00BF8F1800038E64
:204D60001D0060501800B18F09F8600025200002180040101C00BF8F000043940100633029
:204D80000700601025282002000043940400037C000043A42400028EFFFF4224240002AE00
:204DA00079CD400F252000020A0040101C00BF8F00004394010063300A0060140100042441
:204DC000000043940400837C4408837C000043A41C00BF8F1800B18F1400B08F0800E003C7
:204DE0002000BD27000043944408037CF8FF0010000043A4D0FFBD272C00BFAF2800B3AF48
:204E00002400B2AF2000B1AF1C00B0AF258880002598A0002590C00090000224B3F3400F68
:204E20001000A2AF253800002530000004000524B391400F1000A4271D0040100000000057
:204E400007ED400F0000000019004010020007241400A62725280000B391400F2520000073
:204E6000130040100000000007ED400F0000000025804000C7F3400F252020020400001221
:204E80001400A293000062A21500A293000042A2251000022C00BF8F2800B38F2400B28F17
:204EA0002000B18F1C00B08F0800E0033000BD27C7F3400F25202002F5FF0010258000001F
:204EC000D0FFBD272C00BFAF2800B3AF2400B2AF2000B1AF1C00B0AF2400E0100100102432
:204EE000258880002598C0002590E000030002241000A2A3021405001100A2A3021205006B
:204F00001200A2A3B3F3400F1300A5A3253800002530000004000524B391400F1000A4279D
:204F20000F0040102518000007ED400F000000000B004010251800002538400225306002A4
:204F400025280000B391400F25200000040040102518000007ED400F0000000025184000DB
:204F600001007030C7F3400F25202002251000022C00BF8F2800B38F2400B28F2000B18F40
:204F80001C00B08F0800E0033000BD27D8FFBD272400BFAF2000B4AF1C00B3AF1800B2AFF0
:204FA0001400B1AF1000B0AF259080002580A0002598C00001A0023C7A65400F448C518C5D
:204FC000000005964000A3301000601403001424C018020021106200C01002008000A530D0
:204FE0001700A01421882202040005264CE9400F2C0024260100142418002726253060029B
:205000008000052412E9400F252000022538800210000626080005266ED7400F25204002ED
:205020002400BF8F2000B48F1C00B38F1800B28F1400B18F1000B08F0800E0032800BD274A
:20504000040005264CE9400F18002426EAFF00100200142480BF043C1060838C0E00633069
:2050600001A0023C8C8C4224400043AC1060828C0E0042301800401001A0023C1060828CE1
:20508000020042300300401080BF023C02000324146043AC80BF023C1060428C0100423012
:2050A0000700401080BF033C80BF043C3060828C1060628C01004230FCFF401400000000DE
:2050C00088BF023C0004033C341043AC0008033C341043AC01A0023C8C8C42242000428C10
:2050E0000C00401000000000E8FFBD271400BFAF01A0023C8C8C42242400458C2000428CC7
:2051000009F84000020004241400BF8F0800E0031800BD270800E0030000000001A0093C0A
:20512000148D2A8D2B004011251000002518400125300000253800000000658C0800A41485
:205140001000688C0200C050148D28AD1000C8AC0800E00310006224F7FF0010251800017A
:205160002B58850007006011000000001B0040502538C00000004B8C2B28AB000B38C5000A
:205180000B106500F4FF00152530600011004010000000000000438C1000458C2318640022
:2051A0001100682C0700001510004624000044ACF0FF63242120C400100085AC000083ACD9
:2051C00025288000020042551000E5AC148D25AD2510C0000800E00300000000E9FF00107D
:2051E00025106000E0FFBD271C00BFAF1800B2AF1400B1AF1000B0AF258080002588A000FF
:20520000700082900A00432C090060102590C0000800432C1A0060100600432C0F00605070
:20522000070003240200422C160040500000028E0300313204002012010003248400028EC2
:2052400004C6627C840002AE25284002C4B1400F25200002050000101C00BF8FF4FF43140F
:205260000200A230F2FF40141C00BF8F1800B28F1400B18F1000B08F0800E0032000BD27C0
:205280000000028E100002AE0C0002AE080002AE2530000014000524466E400F252000026E
:2052A000E4FF001003003132E0FFBD271C00BFAF1800B2AF1400B1AF1000B0AF0800C01014
:2052C000258000002588A0002590C0003BFD400F2580E000130040547100459025800000C9
:2052E000251000021C00BF8F1800B28F1400B18F1000B08F0800E0032000BD27F8FFA35434
:20530000258000000000438E140000123C0043AC8400438C0100042484F7837CF0FF0010D1
:20532000840043ACFF003132EDFFB1542580000070004490FDFF8324FF0063300300632CF7
:20534000E7FF60542580000008000324EBFF831401000324E2FF001025800000E0FF0010B1
:2053600001001024DEFF0010258000002510A00001A0053C8C8CA5242C00A38C2800A98C16
:205380001C00405001A0043C2700695025182001254080002530000080BF0C3C06000B244C
:2053A00001A0073CB881E7242550A0000060858D0600A5301700AB14402803002168A700F2
:2053C0000000AD9100000DA10100A5242128A7000000A590010005A1010063243000458DC1
:2053E0002B2865000100C624060046140A18050001A0043C8C8C84242C0083AC0800E0039C
:2054000000000000E9FF231502000825F8FF00102510C000212867000000AD902128860085
:20542000EDFF00100000ADA0F1FF001025100000D0FFBD272C00BFAF1800A0AF1C00A0AFCF
:205440002000A0AF2400A0AF029D033CF83D632425100000000064801800A5272128A200E8
:20546000040080100000A4A001006324F9FF0010010042241800A32721106200000040A008
:20548000588182271400A2AF1000A0AF253800008000062425286000049D043CF798400F53
:2054A000C4E28424010003240E004314029D023C00600240847A027C000C42340060824072
:2054C000C0000000FFFF02245C8182AF01000224708182AF788180AFE2EF400F0000000049
:2054E000029D023C3C95428C2C00BF8F0800E0033000BD272B008010F2FF02240800838CCE
:2055000001A0023C0C8B422423006250020088840800E003F2FF022418008894010003246E
:2055200022000315000000001A0083940100022403006210040008241A006814F3FF022486
:205540003000839017006014F4FF0224E8FFBD271400BFAF01000224300082A0320085A443
:205560002800A29301004224310082A0340086A4CEC2400F360087A4251840000300600492
:20558000F4FF0224030063380100622C1400BF8F0800E0031800BD2701000324DEFF031163
:2055A000F3FF02240800E003000000000800E0030000000070FFBD278400B2AF8000B1AFE5
:2055C0007C00B0AF2588A000258080002590C000252800004C0006242400A4278800B3AF6D
:2055E0008C00BFAF61FE400F2598E000FFFF02241000A2AF02010224020000161400A2AF3B
:205600007000B0271800B0AF1C00B1AF0200201225100000FFFF22260C0021062000A2AFFD
:2056200000A0023C4F000324847043ACFFFF02248C00BF8F8800B38F8400B28F8000B18FE6
:205640007C00B08F0800E0039000BD2701002056000000A225306002252840021000A427F6
:205660002800B0AFEDF9400F2400B0AFF1FF00108C00BF8FD8FFBD272400BFAF2000B4AF41
:205680001C00B3AF1800B2AF1400B1AF1000B0AF2598800025A0A0002588C0003BFD400F9A
:2056A0002590E00025804000190000122510000070000492FDFF8324FF0063300300632C43
:2056C0001300601408000324120083102400BF8F0700401201000724253040022528800212
:2056E000AAD4400F252060020A0040102400BF8F07002012010002245C0011A68400028EE3
:2057000001000324C4FF627C840002AE010002242400BF8F2000B48F1C00B38F1800B28FD9
:205720001400B18F1000B08F0800E0032800BD272C00A010FBFF0224E0FFBD271C00BFAF86
:205740001800B2AF1400B1AF1000B0AF258080000000A38C1D0060102588A0001B00801014
:20576000FAFF02244200839440006330180060101C00BF8F01A0023C7A65400F448C528C31
:20578000C018020021186200C01803002190430225282002BECF400F0000448E25884000B9
:2057A0000A002012FFFF02242528200299ED400F25204002FEFF07242530000008002526EE
:2057C0006ED7400F25200002251000001C00BF8F1800B28F1400B18F1000B08F0800E00368
:2057E0002000BD270800E00300000000E0FFBD271C00BFAF1800B1AF1400B0AFDC8084871B
:20580000FFFF022406008210E880908F60F4400F00000000FFFF0224DC8082A7E880908F72
:2058200011000012E480828F0A004010258800005000048E030080100100312631F8400F84
:2058400000000000E480828F2B102202F8FF401468001026D080848F0C00828C09F84000CD
:20586000E880858FE88080AFD080858F01A0043C5CFD400F248E8424D480848F0500805092
:20588000E48080AFBFFC400F00000000D48080AFE48080AF1C00BF8F1800B18F1400B08F40
:2058A0000800E0032000BD27E0FFBD271C00BFAF1800B2AF1400B1AF1000B0AF2588A00003
:2058C0000C00B28C7A65400FE880908F40180200211862008018030021106200C0100200D4
:2058E00021180202040002240B0042520400248E07000224070042120300042413004416CC
:20590000251000005C006594020004241000A4101C00BF8F0400248E060084280B0080149E
:20592000FFFF02240000228E36000424000044A004000424010044A027006488240064980D
:20594000050044A8020044B8060002241C00BF8F1800B28F1400B18F1000B08F0800E003DB
:205960002000BD27E0FFBD271C00BFAF1800B0AF1400A0AF010010241000B0AF25380000FB
:2059800000040624029D053CB83DA524049D043CF798400F00EF84241400A0AF1000B0AF13
:2059A0002538000000040624029D053CC83DA524049D043CF798400F4CF684241400A0AFA2
:2059C0001000B0AF2538000000040624029D053CD83DA524049D043CF798400F78F684243A
:2059E000448182271400A2AF1000B0AF2538000000040624029D053CEC3DA524029D043C29
:205A0000F798400F289484240CD5400F000000001C00BF8F1800B08F0800E0032000BD2764
:205A20000000A28C0400A38CC0FFBD273800B3AF3400B2AF3000B1AF2C00B0AF0800B28CD2
:205A40000C00B38C3C00BFAF258880002580A000030060042000A2AF4408027C2000A2AFCC
:205A60002000A2271800A2AF0A0002241400A2AF1000B2AF0400C78C0000C68C4EC1400FC7
:205A8000252000021000068E2000A38FFFFFC6241000A3AF253840022330C200212862021E
:205AA000D8CA400F252020020400238E00016330040060103C00BF8F0400038E2A20430025
:205AC0000B1064003800B38F3400B28F3000B18F2C00B08F0800E0034000BD27E0FFBD27AB
:205AE0001C00BFAF1800B1AF1400B0AF258880000E00A29001000324090043102580A000FB
:205B00000200032419004310000000006080828FFEFF4014070002240F0000100E0002A2B0
:205B20000500410F1000848C0C0040141C00BF8F040006960600059665F5400F1000248E7A
:205B40000D0003920100633006000224020004240A1083000E0002A21C00BF8F1800B18FA8
:205B60001400B08F0800E0032000BD270500410F1000848CF9FF40141C00BF8F25FD400F47
:205B80001000248E080002AE06000224F2FF00100E0002A2E0FFBD271C00BFAF1800B2AFE6
:205BA0001400B1AF1000B0AF258880002580A00001A0123CA6FA400FFC8D4426FC8D428E66
:205BC000130040102590000006005150251020020000428C0E00401025900000FDFF22565A
:205BE0000000428C080043902B18030008007010259000001000001200000000B480838F11
:205C000001006324B48083AF080050A00100122401A0043CB4FA400FFC8D842425104002E1
:205C20001C00BF8F1800B28F1400B18F1000B08F0800E0032000BD27B480838FFFFF632444
:205C4000B48083AFF1FF0010080050A02B00A01025100000E0FFBD271C00BFAF1800B2AF10
:205C60001400B1AF1000B0AF2588A0002580C0002BE6400F2590E000190040101C00BF8FC7
:205C80001C00401225180000253000022520000025280000254040000000C78C1000F11067
:205CA0001C00BF8F0600E0540100A524040060540100A524251800012520A0000100A52407
:205CC000F5FF45160400C62404006010251060008020040021800402000011AE1C00BF8F0A
:205CE0001800B28F1400B18F1000B08F0800E0032000BD27F9FF0010251000000800E00391
:205D000000000000E0FFBD271C00BFAF1800B0AF30008390020002240800621025808000B5
:205D20005880828FFEFF4014000000001C00BF8F1800B08F0800E0032000BD271000848C59
:205D4000060080540C00028E5C80828FFEFF4014FFFF0224F6FF00101C00BF8F3800428CF6
:205D60001000A62709F840001400058E2518400001000424EDFF64100200022407006304C2
:205D8000310004925880828FFEFF4014FEFF0224140000AEE5FF0010300000A2030003242D
:205DA000FBFF8314251000001000A28F340002A6F7FF001025100000D0FFBD272C00BFAF78
:205DC0002800B4AF2400B3AF2000B2AF1C00B1AF1800B0AF2588800025A0A0002598C0002F
:205DE0002590E00001A0043CA6FA400F608C842401A0023C608C508C1200005201A0043CBE
:205E00000C00028E040040500800028E0A0051540000108E0800028E1000A2AF0400028EE0
:205E200025384002253060022528800209F84000252020020000108EF2FF00560C00028E14
:205E400001A0043CB4FA400F608C84242C00BF8F2800B48F2400B38F2000B28F1C00B18FC8
:205E60001800B08F0800E0033000BD27D8FFBD272400BFAF2000B3AF1C00B2AF1800B1AF08
:205E80001400B0AF0000918C18002012258080000C00228E15004010259800002528600276
:205EA000E9FD400F2520200225904000252840006BFC400F252020021000048E0C00828CEB
:205EC00009F840000400458E300006242528000061FE400F25204002010073260C00228E78
:205EE0002B106202EEFF4014252860021000048E0C00828C09F840000000058E000000AED5
:205F0000260000A62400BF8F2000B38F1C00B28F1800B18F1400B08F0800E0032800BD27E2
:205F2000E8FFBD271400BFAF1000B0AF14008290200042300C0040142580800073F6400FB0
:205F4000000000007C00038E231043008000038E2B1043000C0040140100032414000292FF
:205F60004429627C140002A214000292080042300900401401000324140002920421627CCC
:205F8000140002A2900000AE1400BF8F1000B08F0800E0031800BD273C00028E3800428CA1
:205FA000253000002528000009F840000C00048E0500410403000224C1F8400F252000029E
:205FC000F2FF00101400BF8FEFFF0010900002AEE0FFBD271C00BFAF1800B2AF1400B1AFE6
:205FE0001000B0AF0800928C01A0023C0C8B42240200421225888000259000002800228E20
:206000000C004014020002241C0020A61A0020A6180020A6020022A61E0020A61C00BF8F40
:206020001800B28F1400B18F1000B08F0800E0032000BD27DFF7400F0000000073F6400F98
:20604000258040002000438E0000638C02800372E70310266210033CD34D632419000302EE
:206060001080000082811000218002022C0030AE020002241A0022A6E8FF00101C0020A6EB
:206080005E0082946E0082A40000828C080082AC0C0082AC100082AC1400828C1C0082ACD0
:2060A000200082AC8400828C4440027C000242348452027C8494027CC4BD027CC49C027CBF
:2060C000840082AC380080AC340080AC830080A0500080ACFFFF0324580083AC0100032457
:2060E000600083A46A0083A4251840008007427C010040503C0080AC010063045C0080A4E5
:20610000730080A08400828C000C427C710082A0C006627C01004050440080AC0007637C72
:2061200001006050400080AC0800E00300000000E0FFBD271C00BFAF1800B2AF1400B1AF1D
:206140001000B0AF2588A0000C00B28C7A65400FE880908F401802002118620080180300F4
:2061600021106200C010020021180202FDFF42260200422C060040140100042413004416B9
:206180001C00BF8F3400648C110080101800B28F0400248E060084280B008014FFFF02244C
:2061A0000000228E32000424000044A004000424010044A03700648834006498050044A89C
:2061C000020044B8060002241C00BF8F1800B28F1400B18F1000B08F0800E0032000BD2740
:2061E0000C00838C2800601025100000D8FFBD272400BFAF2000B4AF1C00B3AF1800B2AFF0
:206200001400B1AF1000B0AF25808000F080928F1C00548E25880000810013242528200213
:20622000E9FD400F25200002000043948100633009007354010031261400448E0100805018
:206240001800448C0800438C231883022B18640005006010010031260C00028E2B10220250
:20626000EFFF4014252820022400BF8F2000B48F1C00B38F1800B28F1400B18F1000B08F3E
:206280000800E0032800BD270800E00300000000E0FFBD271C00BFAF1800B2AF1400B1AFE2
:2062A0001000B0AF01A0113C188D31260400228E1800428C09F8400025908000140022AE91
:2062C0001400308E1000228E2380020211EA400F252000024400410F000000002800288E82
:2062E0002C00298E212808022B80B00021380902280025AE2C0027AE4B00410F252040008D
:20630000DCCE400F25204002080040101C00BF8F4400410F0000000024B6400F2580400099
:206320004B00410F252000021C00BF8F1800B28F1400B18F1000B08F0800E0032000BD2726
:20634000D8FFBD272400BFAF2000B1AF1C00B0AF25808000200002241000A2A3021405001A
:206360001100A2A3021205001200A2A357E2400F1300A5A3160040102400BF8FB3F3400FA7
:2063800025200002253800002530000004000524B391400F1000A427110040100000000008
:2063A00007ED400F0000000025884000C7F3400F252000020400201225100000F4010524D4
:2063C000AEE5400F25200002010042302400BF8F2000B18F1C00B08F0800E0032800BD27FD
:2063E000C7F3400F25200002F7FF001025100000C23D0400FF00E7300080013C2430810067
:20640000FFFFE924FE00212D0D002010000000008003E724404A0400024B09002530C90058
:20642000402F0400004D07002530C90025100500251806000800E00300000000000000000F
:206440000000052421208400F6FF8010000000000900E01400000000FFFFE72421208400FE
:206460008000013C2B088100FBFF201400000000E7FF001000000000FF07072400FF013C1A
:20648000010021342B088100E6FF201400000000F8FF063CE3FF00100000000000000000AE
:2064A000E0FFBD271C00BFAF1800B1AF1400B0AF258880000E00A2900100032409004310B3
:2064C0002580A000020003241A004310000000006080828FFEFF4014070002241000001052
:2064E0000E0002A20500410F1000848C0D0040141C00BF8F080007960400069606000596C4
:2065000069F0400F1000248E0D0003920100633006000224020004240A1083000E0002A236
:206520001C00BF8F1800B18F1400B08F0800E0032000BD270500410F1000848CF8FF401497
:2065400006000224F6FF00100E0002A2E0FFBD271C00BFAF1800B2AF1400B1AF1000B0AFAF
:206560001C00A010258000002590A0001900C0102580C00046FD400F000000001C00401009
:20658000258840008AFA400F2520400011004050258000000800248E0400228E231044008B
:2065A00025184000FFFF42302B1002020100405425180002FFFF70300600001225300002CE
:2065C000A9FD400F252840020800228E21105000080022AE251000021C00BF8F1800B28F2C
:2065E0001400B18F1000B08F0800E0032000BD27F8FF001025800000D8FFBD272400BFAF10
:206600002000B4AF1C00B3AF1800B2AF1400B1AF1000B0AF258880002598A0002590C0001E
:206620000800908C0400838C238003022720100044070724049D063C7804C624029D053C85
:20664000883CA5248501410FC22704002B10500225A04002060060120AA00202040080129A
:20666000253080020400258EA9FD400F252060020400268E2130D400040026AE2B101202EC
:20668000010042382400BF8F2000B48F1C00B38F1800B28F1400B18F1000B08F0800E00365
:2066A0002800BD27D8FFBD272400BFAF2000B4AF1C00B3AF1800B2AF1400B1AF1000B0AF24
:2066C000259880002580A0002590C00025A0E000A6FA400F2520A0001000401025884000FD
:2066E00025286002D9E9400F252000021400401025204000030080120000000009F8800292
:2067000000000000B4FA400F252000020C00428E2528600209F8400025204002251020028B
:206720002400BF8F2000B48F1C00B38F1800B28F1400B18F1000B08F0800E0032800BD2733
:20674000B4FA400F25200002F4FF001025880000E0FFBD271C00BFAF1800B1AF1400B0AF0D
:20676000EAEA400F258080001A004010010011242CE4400F25200002140040102580400042
:206780000100429011004014258800000C00028E0400401401A0023C0800028E0C0002AEED
:2067A00001A0023C488D42901000401400000000A4D8400F25200002180000A2190000A268
:2067C00001000224010002A22588000061F6400F00000000251020021C00BF8F1800B18F81
:2067E0001400B08F0800E0032000BD27DCCE400F25200002F0FF001000000000D0FFBD2765
:206800002C00BFAF2800B3AF2400B2AF2000B1AF1C00B0AF258880002598A0002510C00055
:206820000300E0142590E00017008010FFFF102415004010FFFF102401A0033C248D638CDC
:20684000E80306242538000019006200122000002A8E400F102800001000B2AF25386002AA
:20686000253020022528400089C7400F2520000025804000FFFF02240400021225100002D8
:20688000D4D9400F25200002251000022C00BF8F2800B38F2400B28F2000B18F1C00B08F7A
:2068A0000800E0033000BD27E0FFBD271C00BFAF1800B2AF1400B1AF1000B0AF2588800003
:2068C000A9F6400F2580A0007881848F0000028EFFFF032409004310259000000400238EFE
:2068E0006481858F0000268E0D00C5102B2883000B00A01401001224000000AE41EE400F11
:2069000000000000251040021C00BF8F1800B28F1400B18F1000B08F0800E0032000BD27AB
:20692000232883002B28A2000700A0102310440021104300000002AEAA65400F252020027D
:20694000EEFF001025900000000000AEEBFF001001001224E0FFBD271C00BFAF1800B2AFE0
:206960001400B1AF1000B0AF2588A00046FD400F2590C000258040001A000012251000009A
:206980005C00049201000324170083141C00BF8F3C00038E03006330140060541800B28F41
:2069A0000100022409002212FFFF0324020003240C002316251000009BFC400F252040023E
:2069C000251840000700601025100000140003AE3C00028E010003240442627C3C0002AEC5
:2069E000010002241C00BF8F1800B28F1400B18F1000B08F0800E0032000BD272700801064
:206A000025108000E0FFBD271C00BFAF1800B2AF1400B1AF1000B0AF258080000000838CE4
:206A200018006010251000005201410F00000000259040000200422C100040142588000080
:206A40008FFC400F25202002B3FC400F2520400008004010010031260000038E0400448C5D
:206A6000261864000800448C24186400060060101C00BF8FF2FF511600000000F5E9400F97
:206A8000010004241C00BF8F1800B28F1400B18F1000B08F0800E0032000BD270800E0038D
:206AA00000000000E0FFBD271C00BFAF1800B2AF1400B1AF1000B0AF2590A0000F00801039
:206AC0002588C00042008294400042301B004014258080000B00E014252820027FDA400F95
:206AE000252040020E0040102580400043FF400F252000020A000010000022AEF7FFE01024
:206B0000252820024EE5400F2520000004004014258040007FDA400F2520400225804000EE
:206B2000251000021C00BF8F1800B28F1400B18F1000B08F0800E0032000BD27EBFFE010EF
:206B400025100002F8FF00101C00BF8FE8FFBD271400BFAF2C81828F060040102520A00047
:206B600001A0023CE48D42241400BF8F0800E0031800BD27FCFFA010FFFF0224248180AF73
:206B80001C8180AF188180AF208180AF108180AF0C8180AF01A0023CE48D40ACE48D422402
:206BA000040040AC080040AC0C0040AC100040AC140040AC1400A28C008182AF01000324E1
:206BC00009004014048183AF498B400F0000000025184000E4FF6010FFFF022401A0023CAB
:206BE000E1FF0010E48D422401A0023CDEFF0010E48D4224E0FFBD271C00BFAF1800B1AF66
:206C00001400B0AF258080000700A0102588E000010002241B00A2102520C000000000AEF1
:206C200013000010FFFF02240200E32C1000601025100000030006242528000034E2400F68
:206C4000010004242520400011004010000002AE010002240E002216253800002530000056
:206C6000B8A4400F25280000010042380100422C1C00BF8F1800B18F1400B08F0800E00332
:206C80002000BD27E5F4400F2528E000000002AE0000028EF6FF00102B100200E8FFBD274E
:206CA0001400BFAF81BF043C99AA023C5566422430F282AC6699023C30F282AC8FBF023CC7
:206CC00004F0423400200524000045AC1C00032458A743AC18A7438C4449037C600063344E
:206CE00018A743AC040045AC30F280AC8FFC400F25200000B08182AF01A0033CD08C64245E
:206D0000FFFF0224420082A4D08C60ACAC8180A7A48180A3928182A7908180A7D7FC400F4D
:206D20000F00042403000524D9B6400F24808427D7FC400F020004241400BF8F0800E0032A
:206D40001800BD27E0FFBD271800B1AF01A0113CC88D228E1400B0AF1C00BFAF1C004010A0
:206D6000258080000D00000601A0033CA88D638C231862002B18700010006054FFFF02249F
:206D80001C00BF8F21805000C88D30AE1800B18F1400B08F0800E0032000BD2701A0033CEB
:206DA000AC8D638C23201000231843002B186400F4FF60101C00BF8FFFFF02241C00BF8FD8
:206DC0001800B18F1400B08F0800E0032000BD2710AF400F00000000C88D228EE1FF4014D2
:206DE00000000000F5FF0010FFFF0224E0FFBD271C00BFAF1800B2AF1400B1AF1000B0AFC2
:206E0000F080928F0B00401225100000258080002510A0000D00A0102588C0000500801096
:206E200025100000420082944000423009004014010005241C00BF8F1800B28F1400B18F75
:206E40001000B08F0800E0032000BD27F9FF80100100052461F8400F25200002F5FF40100F
:206E60000100032442000496C418647C03002316420004A6EFFF0010040050AE0200032401
:206E8000ECFF2352080050AEEBFF00101C00BF8F2600801000000000D8FFBD272400BFAF25
:206EA0002000B3AF1C00B2AF1800B1AF1400B0AF258080002598A0002590C0002588E00064
:206EC0002BF6400F2520000003006012252840000000628E040002AE030040120000000002
:206EE0000000428E080002AE03002012000000000000228E0C0002AEACF7400F2520000032
:206F0000420002963800A3930463627C420002A62400BF8F2000B38F1C00B28F1800B18F71
:206F20001400B08F0800E0032800BD270800E00300000000E0FFBD271C00BFAF1800B1AF57
:206F40001400B0AF258080002588C0002000A38C080063342000A3AC2800A4AC2530000002
:206F6000E7DC400F01000424170020121C00BF8F2BF6400F010004245A00039610006334F0
:206F80005A0003A62481838F01006324248183AF00A0033C087B6324180064940100843426
:206FA000180064A425284000ACF7400F01000424253000000100052400A0043C51F8400F12
:206FC000187B84241C00BF8F1800B18F1400B08F0800E0032000BD27756C023CC8FFBD27A8
:206FE000286E42242000B0AF1800A2AF2580C0006C2902242400B1AF3400BFAF3000B4AFD4
:207000002C00B3AF2800B2AF258880002530E0001C00A2A7020000161E00A0A31800B0272A
:207020000400B28C0800B38C0400C0140000B48CB4FD400F2520000225304000020040068B
:207040002B1046020B3042021000B4AF2538600225280002D8CA400F252020023400BF8FD3
:207060003000B48F2C00B38F2800B28F2400B18F2000B08F0800E0033800BD270000A28CCE
:20708000240040102530A000E0FFBD271C00BFAF1800B1AF1400B0AF258080004400918CC9
:2070A0000400438C01000424C4FF837C040043AC0400A28C0400438C84F7837C040043ACAD
:2070C00025380000E400058E63B1400F252000020E66400F252020020700401400000000AD
:2070E000E400028E0000458C0400A52400E0A57C5265400F25202002F265400F2520200203
:207100001C00BF8F1800B18F1400B08F0800E0032000BD270800E00300000000E0FFBD27BD
:207120001C00BFAF1800B1AF1400B0AF258880000E00A290010003240F0043102580A0009E
:20714000FCFF4224FF0042300200422C160040100800A52441EF400F1000848C10004014B3
:20716000050002241C00BF8F1800B18F1400B08F0800E0032000BD270500410F1000848C6B
:20718000F9FF40141C00BF8F0400069606000596F2F1400F1000248EF2FF00100E0002A251
:2071A000F0FF00100E0002A26080828FFEFF401407000224EBFF00100E0002A2E0FFBD2740
:2071C0001C00BFAF1800B2AF1400B1AF1000B0AF25888000620092941800908C1400828CBE
:2071E0002380020248F9400FFFFF103223180202FFFF63300E0003122B20430211008010F4
:20720000251000004228100068002296FFFF44302B20A40002008010231872002510A0002A
:20722000FFFF42302A18430006006010251000000100062410000524466E400F25202002E0
:20724000010002241C00BF8F1800B28F1400B18F1000B08F0800E0032000BD27D8FFBD27F7
:207260002400BFAF2000B3AF1C00B2AF1800B1AF1400B0AF258080000F0080A02590800009
:20728000258800000F0013248300410F00004492FF00423013004014000042A2211811024A
:2072A00001001026218011020E00022423105100FF0042302180020220000224000062A0CD
:2072C00001006324FDFF70142400BF8F2000B38F1C00B28F1800B18F1400B08F0800E003DF
:2072E0002800BD2701003126FF003132E6FF331601005226F5FF00102400BF8FE0FFBD27E8
:207300001C00BFAF1800B1AF1400B0AF0200822C1C004014258000002588A0002580C00081
:20732000FFFF8430002104002530000000A0023C087B4224BDEB400F212044000001223289
:2073400009004010000000002BF6400F252000000881838F01006324088183AF25284000B4
:20736000ACF7400F2520000006000016253000002528200200A0043C51F8400F187B842443
:2073800001001024251000021C00BF8F1800B18F1400B08F0800E0032000BD27D8FFBD27C2
:2073A0002400BFAF2000B3AF1C00B2AF1800B1AF1400B0AF258080002598A0002588C00062
:2073C0002BF6400F25200000259040004018100021187000801803002528600201A0043CC7
:2073E0007C8A8424F3FD400F2120830025284002ACF7400F2520000008002012FFFF10329C
:2074000000811000253000000100052400A0043C087B8424BDEB400F212090000100022462
:207420002400BF8F2000B38F1C00B28F1800B18F1400B08F0800E0032800BD272500C01084
:2074400025100000E0FFBD271C00BFAF1800B1AF1400B0AF258880002520E0000900A010B4
:207460001400308E0300A2880000A298030002AA000002BA0400A290040002A20500A29053
:20748000050002A20300C2880000C298090002AA060002BA0400C2900A0002A20500C290CA
:2074A000C69C400F0B0002A20C0002A61000238E0C0062940E0042240C0062A40100022448
:2074C0001C00BF8F1800B18F1400B08F0800E0032000BD270800E003000000001300C010DA
:2074E0001000828C23004010000000001C00848C0800438C2B3083001C00C0540000428C1C
:207500000E004694211866002B3064001700C0540000428C2B20A400030080142B186500FE
:2075200014006010000000000000428C11004010000000000800438C2B20A30007008054F8
:207540000000428C0E004494211864002B18650008006010000000000000428CF6FF405463
:207560000800438C0800E00300000000E1FF40540800438C0800E00300000000D8FFBD2758
:207580002400BFAF2000B1AF1C00B0AF25808000010002241000A2A357E2400F1100A5A3DC
:2075A000160040102400BF8FB3F3400F25200002253800002530000002000524B391400F47
:2075C0001000A427110040100000000007ED400F0000000025884000C7F3400F25200002EF
:2075E000040020122510000064000524AEE5400F25200002010042302400BF8F2000B18F25
:207600001C00B08F0800E0032800BD27C7F3400F25200002F7FF001025100000D8FFBD27D2
:207620001C00B0AF00A0103C2003028E2000B1AF2400BFAF0D0040102588800010F0400F45
:20764000000000001000A427DEF9400F1000A2AF0F0044241000A58F7FFE400F0418047CA5
:207660000B00401025100000200300AE010010240B8031020F0010260418107C09000016AA
:2076800000A0023C0C000324847043AC251000002400BF8F2000B18F1C00B08F0800E003A9
:2076A0002800BD2747D4400F25200002F8FF4054FCFF50ACF7FF00102400BF8FE0FFBD2750
:2076C0000055E57C1800B1AF1400B0AF1C00BFAF258080002510C0002518E0000C00A01488
:2076E000028D0700049D023C2548C0006CB0478C68B0468C252020016993400F25286000B1
:207700000055647C0200801000080524C1FF8524C2270200401803004010020025188300B0
:20772000000002AE1C00BF8F00A0637C2000023C2510430000083132CCFBA524040002AE2B
:207740000C0011AE251000021800B18F080005AE1400B08F0800E0032000BD27E0FFBD270F
:207760001C00BFAF1800B2AF1400B1AF1000B0AF2590A00019E1400F0100052415004010F6
:20778000FFFF1124252040000400508C9EE8400F25284002252840000A004010FEFF1124D4
:2077A0000E0042900600422C11004014900006269C000626030007242DD0400F25200002CB
:2077C000258800000400001225102002BDF7400F25200002251020021C00BF8F1800B28F2B
:2077E0001400B18F1000B08F0800E0032000BD27F1FF001002000724D8FFBD272400BFAF7D
:207800002000B4AF1C00B3AF1800B2AF1400B1AF1000B0AF25A080002598A0002580C00004
:207820002590E0002BF6400F252000000B000012258840003BFD400F25208002070040500F
:20784000258000007800438C0400605425800000780050AC760053A47C0052AC2528200215
:20786000ACF7400F25200000251000022400BF8F2000B48F1C00B38F1800B28F1400B18FBA
:207880001000B08F0800E0032800BD27F3FF001025800000D8FFBD272400BFAF2000B4AF2B
:2078A0001C00B3AF1800B2AF1400B1AF1000B0AF25A080002590A0002580C0002598E00052
:2078C0002BF6400F252000000B0000122588400046FD400F25208002070040502580000054
:2078E0004C00438C04006054258000004C0050AC500053AC5A0052A425282002ACF7400FC8
:2079000025200000251000022400BF8F2000B48F1C00B38F1800B28F1400B18F1000B08FBC
:207920000800E0032800BD27F3FF00102580000001A0023C4C8C428C2200401800000000AA
:20794000E8FFBD271400BFAF1000B0AF16008590040003241400A314FFFF422401A0023C07
:20796000508C42900C00401001A0023C448C508C7A65400F1000848CC018020021186200AF
:20798000C018030021200302040080101400BF8F73F4400F000000001400BF8F1000B08F69
:2079A0000800E0031800BD2701A0033CFAFF40144C8C62ACE9C1400F00000000F7FF0010CE
:2079C0001400BF8F0800E0030000000001A0023C4C8D438C22006010251000000F00645049
:2079E0001C00828C252860001C00638C0900601000000000FCFF8354252860001C00828C83
:207A000009004014000000001C00A2AC12000010251000000800E00325100000090040508F
:207A200001A0023C252800000C00868C0C00438C211866000C0043ACF3FFA0541C00828C77
:207A400001A0023C188D42243400438C1C00638C340043AC010002240800E0031C0080ACB1
:207A60000800E00300000000D8FFBD272400BFAF2000B2AF1C00B1AF1800B0AF258880002D
:207A80002590A0009FFF0224B3F3400F1000A2A3253800002530000001000524B391400F14
:207AA0001000A4270E0040102580000007ED400F000000000A004010030007242530400286
:207AC00025280000B391400F25200000040040100000000007ED400F000000002580400005
:207AE000C7F3400F25202002010002322400BF8F2000B28F1C00B18F1800B08F0800E00370
:207B00002800BD27D8FFBD272400BFAF2000B1AF1C00B0AF258080006000022457E2400FDE
:207B20001000A2A3160040102400BF8FB3F3400F2520000225380000253000000100052400
:207B4000B391400F1000A427110040100000000007ED400F0000000025884000C7F3400F1D
:207B600025200002040020122510000088130524AEE5400F25200002010042302400BF8F81
:207B80002000B18F1C00B08F0800E0032800BD27C7F3400F25200002F7FF001025100000A8
:207BA000C03A0500425504002538EA000080013C2538E1004050050042550A001E04062467
:207BC0002330CA000D00C018000000002000C12C0200201400000000000007340638C70020
:207BE0000200A1040000000023380700251007000800E003000000000000000002008010C3
:207C0000000000000100A534F07F013C010021342B08A10004002014000000000080023CBE
:207C2000F3FF001000000000FF7F023CFFFF4234EFFF00100000000000000000E0FFBD2751
:207C40001C00BFAF1800B1AF1400B0AF258080003C00918C1C00228E09F840000C00848C08
:207C600001000324090043101C00BF8F2000228E09F840000C00048E080040508400028EBB
:207C8000C1F8400F252000021C00BF8F1800B18F1400B08F0800E0032000BD27010042301E
:207CA000050040541400028EC1F8400F25200002F6FF00101C00BF8F0001427C03004010B7
:207CC00002000224F0FF0010900000AEEEFF0010900002AEE8FFBD271400BFAF1000B0AF46
:207CE000DDF1400F25808000160040101400BF8F0800028E1000438C01006230140040100C
:207D00000800643006008010251000004000627C04006330020060104013020000104234FA
:207D200034000396241043004A0002A63C0000AE040002241A0002A6030002241C0002A64A
:207D40001400BF8F1000B08F0800E0031800BD27F3FF801025100000020063300010022409
:207D600000200424EEFF00100B108300E8FFBD271400BFAF1000B0AFDDF1400F2580800022
:207D8000160040101400BF8F3400029604004330050060542800048E200003961200601426
:207DA000010005242800048E050080108000437C100042300100405404006334000083AC2A
:207DC0001C0000A61A0000A6180000A602000224020002A61E0000A61400BF8F1000B08F1C
:207DE0000800E0031800BD27F0E7400F25200002F9FF4010020002241A0002A6F6FF0010F8
:207E00001C0000A62300A010FBFF0224D8FFBD272400BFAF2000B2AF1C00B1AF1800B0AFEC
:207E20002580A0002588C0000000A38C130060102590E0001200C0102400BF8FB3FC400FF7
:207E400000000000252040000C008010FAFF02244200829400104230030040100010433230
:207E600006006010F8FF02241000A0AF253840022530200275AF400F252800022400BF8FC6
:207E80002000B28F1C00B18F1800B08F0800E0032800BD270800E00300000000D0FFBD2739
:207EA0002C00BFAF2800B1AF2400B0AFC880908F19000012251000021C0080102588A0005B
:207EC0001000A0AF1800A0AF1400A4AF1800A5A30C0007241000A6272528000201A0043CD1
:207EE00069E6400FFC8D84240A004010258040000800201201A0113CA6FA400FFC8D24268A
:207F0000B480828F01004224B48082AFB4FA400FFC8D2426251000022C00BF8F2800B18F67
:207F20002400B08F0800E0033000BD27F9FF001025800000E8FFBD271400BFAF1000B0AF76
:207F4000258080005E0085A4010002240800C0105C0082A45400829440100200FFFF4230C8
:207F60004100432C1700605040000224540082A460000292200042300A00401001000324A2
:207F8000600002924429627C600002A22000028E06004054600002928B01410F0000000084
:207FA000200002AE6000029201000324C439627C600002A21400BF8F1000B08F0800E0035A
:207FC0001800BD27EAFF0010540082A4E8FFBD271400BFAF88BF023C6010428C88BF033C9C
:207FE0003010638C8006637C050060108006427C0400401088BF023C15D4400F0000000023
:2080000088BF023C6010428C88BF033C3010638CC006637C05006010C006427C04004010F6
:2080200088BF023CA6AC400F0000000088BF023C6010428C88BF033C3010638C0007637CBC
:20804000050060100007427C040040101400BF8FD0AB400F000000001400BF8F0800E00319
:208060001800BD27D8FFBD272400BFAF2000B3AF1C00B2AF1800B1AF1400B0AF25808000A8
:208080002598A0002588C0000200A230090040102590E0002530E0002528200269E9400F0F
:2080A000E000848C253040022528200269E9400FE400048E010073320800601225304002FC
:2080C0002528200269E9400FE800048E253040022528200269E9400FEC00048E2400BF8F7F
:2080E0002000B38F1C00B28F1800B18F1400B08F0800E0032800BD27E8FFBD271400BFAFD2
:208100001000B0AF8C80828F100040107C80828F0E00401025800000801810008C80828F9E
:20812000211043000000448C030080102530000079D4400F02000524010010267C80828F08
:208140002B100202F5FF4014801810008080848F0C00828C09F840008C80858F8C8080AF27
:208160007C8080AF7880848F050080101400BF8FBFFC400F00000000788080AF1400BF8F3F
:208180001000B08F0800E0031800BD27E0FFBD271C00BFAF1800B1AF1400B0AF258080004C
:2081A0002C00848C040080102588A00009000624C2FA400F02000524140020122C0011AE08
:2081C0001C00238E1000228E300002AE0C004294F8FF4224340002A604006294360002A63F
:2081E0001C00228E08004224380002AE252820027BC6400F252000021C00BF8F1800B18F55
:208200001400B08F0800E0032000BD27300000AE340000A6360000A6F3FF0010251020022F
:208220000400A38C0600632820006014FFFF02240000A38C010065900300A6301B00C014D5
:208240000400A52C1900A01400000000600082900400423013004014010005240500628814
:2082600002006298430082A8400082B864008290C418A27C640082A0010062900800422CBC
:2082800009004054010062900900628806006298470082A8440082B8640082900421A27CB3
:2082A000640082A001006290020042240800E00300000000E0FFBD271C00BFAF1800B1AF2D
:2082C0001400B0AF258080003C00918C1C00228E09F840000C00848C010003240900431000
:2082E0001C00BF8F2000228E09F840000C00048E080040503C00228EC1F8400F2520000292
:208300001C00BF8F1800B18F1400B08F0800E0032000BD27840006262528000009F840001B
:208320000C00048E0500410404000224C1F8400F25200002F3FF00101C00BF8FF0FF001071
:20834000900002AEE8FFBD271400BFAF1000B0AF0100A5300B00A0104400908CEA65400F92
:20836000252000022501410F25200002FDFF4014000000002801410F25200002FDFF401499
:2083800000000000EA65400F25200002FA65400F252000024465400F252000028465400F8C
:2083A000252000020466400F252000022201410F25200002FDFF4014EF6305243401410F6C
:2083C000252000021400BF8F1000B08F0800E0031800BD27480083940800878C08006530A7
:2083E0000200A0141000E28C0400027C4A0085940030A6300100C050C418027C00606630FD
:208400000100C0500421027C001866300100C0504429027C005066300001A8302530C80022
:208420000100C0504408027C002863308000A53025186500010060508410027C1000E2AC4E
:208440002800838C000062AC1C0080A41A0080A4180080A402000224020082A40800E003E2
:208460001E0080A4E8FFBD271400BFAF1000B0AF0D0080102580000000008294190040103D
:20848000258080000C00838C0200022406006254258000000900A0500400828C3DF0400F8C
:2084A0000400848C0A800200251000021400BF8F1000B08F0800E0031800BD27FAFF4050C4
:2084C000258040000800448C02000324F6FF8354258000000400429401004230F2FF0010F7
:2084E0000A800200F0FF001025800000EEFF0010258040002016047C031A020000474228E4
:208500000300401425288000E0FF6224047A457C2014047C4700422802004014E0FF842451
:208520000438857C2016057C031A0200003A422810004054D0FF6324C9FF6324201C037C80
:20854000047A657C201C057C3A0062280B004054D0FF6324C9FF6324201C037C0438657C1F
:20856000003AA27C00110200251045000800E003FF004230F2FF0010201C037CF7FF0010F8
:20858000201C037CE0FFBD271C00BFAF1800B2AF1400B1AF1000B0AF2588A00046FD400F98
:2085A0002590C0002580400012000012251000008AFA400F252000020F0040101C00BF8F25
:2085C000020040520000038E0800038E212871000000038E2B18A3000600605425100000BD
:2085E0000400038E2B1865000200605425100000080005AE1C00BF8F1800B28F1400B18F81
:208600001000B08F0800E0032000BD27F9FF001025100000E8FFBD271400BFAF1000B0AF23
:20862000DDF1400F258080000E0040101400BF8F340006962000C2301500405422000596F0
:2086400073F6400F000000002C00038E2B1043000700401001000524F0E7400F2520000239
:208660001400BF8F1000B08F0800E0031800BD271C0000A61A0000A6180000A602000224FA
:20868000020002A6F5FF0224F5FF00101E0002A601F8400F25200002F2FF00101400BF8F5A
:2086A000E8FFBD271400BFAF1000B0AF46FD400F2580A000251840001800601025100000ED
:2086C00011000052240060AC4200029640004230030040543C00628C0B000010240060AC6F
:2086E000448C027C3C0062AC07004004240070AC5D00629002004230040040143C00628C12
:20870000C418027C3C0062AC3C00628C01000424448C827C3C0062AC010002241400BF8FC1
:208720001000B08F0800E0031800BD272000C01025100000E0FFBD271C00BFAF1800B1AF19
:208740001400B0AF2580A00046FD400F2588C0002518400011006010251000005C006490DF
:20876000FF0010320D009014010005240C0085141C00BF8F3C00648C030084300700801450
:20878000010004240000228E140062AC3C00628C0442827C3C0062AC010002241C00BF8F95
:2087A0001800B18F1400B08F0800E0032000BD270800E003000000000000A294010043308A
:2087C0001E00601080004230E0FFBD271C00BFAF1800B1AF1400B0AF258880000D00401453
:2087E0002580A00026008294FFFF42242016027C260082A42710020017010724029D063C37
:20880000C894C624029D053C883CA5248501410FC2270200252800026BFC400F0000248E2D
:20882000270000A2260000A21C00BF8F1800B18F1400B08F0800E0032000BD270800E003B8
:208840000000000088BF023C00010524741045AC00020424741044AC00040324741043ACB8
:2088600080BF023C005C40AC80BF023C205C428C88BF023C441045AC441044AC441043AC1B
:2088800080BF023C01000324305C43AC80BF023C40000324145C43AC80BF033C0100023CB8
:2088A00020014224085C62AC05000224085C62AC01A0023C808D42241C0040A0200040ACC8
:2088C00000800234085C62AC0800E00300000000E0FFBD271C00BFAF1800B2AF1400B1AF4B
:2088E0001000B0AF1600801025800000259080001900850010100000110040142588A00019
:2089000002208570B8FF822C0E0040102510000287CC400F48008424090040102580400076
:208920000100205648004224000002AE3C0012AE400011AE01000524B5CD400F2520000225
:20894000251000021C00BF8F1800B28F1400B18F1000B08F0800E0032000BD27D8FFBD27D0
:208960002400BFAF2000B1AF1C00B0AF2588800006000224B3F3400F1000A2A3253800006A
:208980002530000001000524B391400F1000A427110040102580400007ED400F0000000061
:2089A00025804000C7F3400F2520200205000012251000024DE4400F252020024000507C21
:2089C000251000022400BF8F2000B18F1C00B08F0800E0032800BD27C7F3400F25202002CC
:2089E000F8FF00102510000200A0033CB40163241D006414251000000300E0100000000061
:208A0000200002240000E2AC1700A010251000002000C62C1400C0140000000000A0023CAE
:208A2000B401422424004A8C2800498C2C00488C3000478C3400468C3800448C3C00438C08
:208A40004000428C0000AAAC0400A9AC0800A8AC0C00A7AC1000A6AC1400A4AC1800A3AC71
:208A60001C00A2AC200002240800E0030000000000A0033CB40163241D0064142510000076
:208A800000A0023CC8014390040063301800601025100000E8FFBD271400BFAF1000B0AF4C
:208AA00000A0103CB40110263C00028E1000428C09F840000800048E9000028E80100200A8
:208AC000029D033C28956324211043000000428C09F8400025200002140002920001427C43
:208AE0001400BF8F1000B08F0800E0031800BD270800E003000000001F00A010FBFF022404
:208B00000000A38C1C006010000000001A008010FAFF022442008394400068301600001179
:208B200000000000E0FFBD270B00E0101C00BFAF0010633005006014F8FF02241000A6AF4F
:208B40000100072475AF400F040086241C00BF8F0800E0032000BD2703C7400F0000000056
:208B600025284000FFFF03240200042425108000F6FF00100A1065000800E00300000000F5
:208B8000D0FFBD272C00BFAF2800B3AF2400B2AF2000B1AF1C00B0AF2588A0003C00A7AF9F
:208BA0003C00A7276DD5400F1000A7AF25804000272002001F090724049D133C780566263A
:208BC000029D123CF83C45268501410FC22704002B2030022309072478056626F83C4526CA
:208BE0008501410F01008438251000022C00BF8F2800B38F2400B28F2000B18F1C00B08FA7
:208C00000800E0033000BD27E0FFBD271C00BFAF1800B1AF1400B0AF8081828F17004010A4
:208C200001A0103C608E1026A9F6400F000000000C00028E0C00518CA1F8400F040024267A
:208C40007C81828FFFFF42247C8182AF8081828FFFFF4224808182AF41EE400F000000004E
:208C6000A101410F3000248EA101410F252020028081828FECFF4014000000001C00BF8F0C
:208C80001800B18F1400B08F0800E0032000BD2700A0033CB40163241C006414FAFF02246C
:208CA000E8FFBD271400BFAF1000B0AF2580A00025386000049D063CBCCAC6242528000056
:208CC00046AE400F2520600007000012251000021000438C09006050F5FF02240000428CDC
:208CE000FCFF40541000438C2528000200A0043CD0A8400FB4018424010002241400BF8F2A
:208D00001000B08F0800E0031800BD270800E0030000000071008590010003241C00A314B1
:208D2000FFFF02243C00838C1900601001000624E8FFBD271400BFAF3E0082943C0083941C
:208D4000211043005C008394211043005E008394261043006E0082A4720080A06C80828FA7
:208D6000821002004C0082AC466E400F02000524050040101400BF8F03004018FFFF022481
:208D8000010002241400BF8F0800E0031800BD270800E00300000000E8FFBD271400BFAF2B
:208DA00046FD400F1000B0AF1700401025180000258040005C00449001000224120082142A
:208DC00001000524A1E9400F252000020600401401000624010005241BCA400F252000021F
:208DE00009004010251800003C00028E0002423005004014C00503240400038E0800028E2B
:208E000023186200FFFF6330251060001400BF8F1000B08F0800E0031800BD27E8FFBD272C
:208E20001400BFAFBC80848F05008010C880858F21F8400F00000000BC8080AFC880858F41
:208E400001A0043C5CFD400FFC8D8424B48080AF01A0043C8AEC400F108E8424C480848FB2
:208E600005008010C080858FBFFC400F00000000C48080AFC080858F0500A010C880848F28
:208E80000C00828C09F8400000000000C08080AFC88080AF1400BF8F0800E0031800BD2748
:208EA0001E008010F7FF0224E8FFBD271400BFAF1000B0AF2400828C150040102580800070
:208EC0003000828C0700401000000000F9FF0224380082AC1400BF8F1000B08F0800E003DD
:208EE0001800BD27CBFC400F48008424240006242528000061FE400F252000024400028E0C
:208F000009F840004000048EF2FF001025100000F9FF0224EFFF0010380082AC0800E0039B
:208F20000000000088FFBD277400BFAF7000B1AF6C00B0AFEC80828F160040182580800039
:208F4000F080918F1000A527D4C8400F24002486060040105800A38F1000028E03006214F3
:208F6000010005240DCC400F24002486160003920200022407006214EC80828FFFFF4224A0
:208F800004004014EC8082AF11EE400F25202002F08080AF7400BF8F7000B18F6C00B08F6B
:208FA0000800E0037800BD271E00A010251000000200832C1B00601400000000FFFF833076
:208FC0002700632C1700601000000000FFFF84300021040000A0023C087B42242110440041
:208FE0000000438C03006010000000000D006554251000000800C010000045AC1081838FC8
:2090000025206000201E037C2A186600010060542520C0002036047C0A0046A40800E003D7
:209020000C0046A40800E003000000002000828C010042301C00401400000000E0FFBD277B
:209040001C00BFAF1800B1AF1400B0AF1000918C0C00201225808000252820021000A29456
:2090600001004230050040140000318E3081848F0C00828C09F8400000000000F7FF20161A
:20908000252820023081848F0C00828C09F84000252800021C00BF8F1800B18F1400B08FDE
:2090A0000800E0032000BD270800E00300000000FFFF8324FEFF632C1C00601025100000E4
:2090C000FFFF83300500652C1800A01001A0053CC010030021104300801002002089A52454
:2090E000211045002000458C1000A41425100000C0100300211043008010020001A0043C52
:209100002089842421104400000044900700801025100000C01003002118430080180300FF
:2091200001A0023C20894224211043000800E00300000000E0FFBD271C00BFAF1800B0AF1E
:2091400025808000050002241000A2A3B3F3400F1100A0A325380000253000000100052445
:20916000B391400F1000A427040040100100072407ED400F00000000010007241100A627B4
:2091800025280000B391400F25200000030040100000000007ED400F00000000C7F3400F0B
:2091A000252000021100A2931C00BF8F1800B08F0800E0032000BD2746524D54584F4B2027
:2091C000000000006CFF039D46524D52584F4B2000000000C4FE039D5258425546434E546D
:2091E00000000000A8FE039D52584F56464C4F570000000050FF039D4643534552524F524D
:2092000000000000E0FE039D414C474E455252200000000034FF039D53434F4C46524D209C
:209220000000000018FF039D4D434F4C46524D2000000000FCFE039DE8FFBD271400BFAF60
:209240001000B0AF258080000C000224700082A02BF6400F2520000074000486802004005F
:209260008C80838F21186400000060AC25284000ACF7400F252000008080848F0C00828C36
:2092800009F840001400058E8080848F0C00828C09F840000000058E8080848F0C00828CB8
:2092A00009F84000252800021400BF8F1000B08F0800E0031800BD27D8FFBD272400BFAF39
:2092C0002000B3AF1C00B2AF1800B1AFDAFE400F1400B0AFFFFF503000C010360040112484
:2092E000FFFF133400C012349BF5400F252000020A004054251000020300135225804002D9
:2093000001001026FFFF1032FFFF3126F6FF20160000000025800000251000022400BF8F08
:209320002000B38F1C00B28F1800B18F1400B08F0800E0032800BD27E8FFBD271400BFAF7F
:209340003BFD400F1000B0AF258040001600001225100000710004920100032413008314FC
:209360001400BF8F4800038E110060501000B08F70000392030002240300621008000424CF
:20938000090064142510000058EF400F252000020400038E0000048E23186400FFFF6324EF
:2093A00023106200FFFF42301400BF8F1000B08F0800E0031800BD27D8FFBD272400BFAFC3
:2093C0002000B3AF1C00B2AF1800B1AFDAFE400F1400B0AFFFFF503000C010360040112483
:2093E000FFFF133400C01234D1F5400F252000020A004054251000020300135225804002A2
:2094000001001026FFFF1032FFFF3126F6FF20160000000025800000251000022400BF8F07
:209420002000B38F1C00B28F1800B18F1400B08F0800E0032800BD27E0FFBD271C00BFAF7E
:209440001800B1AF1400B0AF2580A00046FD400F2588C000251840001200601025100000A9
:20946000110020121C00BF8F5C006490FF00023203008210010004240A00001025100000AF
:2094800008000416251000000000228E180062AC3C00628C60004234C439027C3C0062ACDA
:2094A000010002241C00BF8F1800B18F1400B08F0800E0032000BD271D008010251000009F
:2094C000E0FFBD271C00BFAF1800B2AF1400B1AF1000B0AF25888000049D103CECFC1026AB
:2094E000049D123C0CFD52260400058E0C00A05008001026BFFD400F25202002080040541D
:20950000080010260000028E1C00BF8F1800B28F1400B18F1000B08F0800E0032000BD2728
:20952000F2FF12560400058EF7FF0010251000000800E003000000001D00A0102510A00073
:209540000000A78C1A00E0102510000001A0023CE48D439416006010251000002C81828FF9
:20956000252860002530000004008050420043940C0082540100C624420043944000633043
:20958000080060500100C6240400438C2618E3000800488C2418680005006010000000003F
:2095A0000100C624F0FFC51470004224251000000800E00300000000040002240700C214FB
:2095C000010002240B00A21401000324420082940400627C0800E003420082A402000224C6
:2095E0001300C21000000000030002241000A21000000000E8FFBD271400BFAF42008294F6
:20960000F8FF4230010003240463627C420082A42400828C100082AC2800828CC1F0400F66
:20962000140082AC1400BF8F0800E0031800BD270800E00300000000E0FFBD271C00BFAF67
:209640001800B2AF1400B1AF1000B0AF2580A000FFFF84300021040000A0113C087B3126CB
:20966000218824022BF6400F25200000252840000800329627101000241042020001103207
:2096800004000012080022A60881828FFFFF4224088182AFACF7400F25200000251040027E
:2096A0001C00BF8F1800B28F1400B18F1000B08F0800E0032000BD27D8FFBD272400BFAF08
:2096C0002000B3AF1C00B2AF1800B1AF1400B0AF25988000F264400F2580A0002590400084
:2096E000409C1134028811728BFF400F2520600208004014010002242400BF8F2000B38F65
:209700001C00B28F1800B18F1400B08F0800E0032800BD27F264400F00000000F2FF0012A2
:20972000231852002B187100EFFF601425100000F2FF00102400BF8F00A0033CB4016324C3
:209740001A006414FAFF0224E8FFBD271400BFAF1000B0AF2580A00000A0023CC401448CE4
:20976000020003240D008314FEFF02240B00A0102510000000A0023C4BFB400FF801448CCD
:2097800003000224080002AE010002240C0002AEDC050224100002AE251000001400BF8FA7
:2097A0001000B08F0800E0031800BD270800E00300000000E8FFBD271400BFAF1000B0AFCC
:2097C000DDF1400F258080000E0040101400BF8F34000296080042300D00401000120624A8
:2097E0002528000047E8400F2520000204004010040002241A0002A60A0002241C0002A623
:209800001400BF8F1000B08F0800E0031800BD271C0000A61A0000A6180000A60200022448
:20982000020002A6F7FF0224F5FF00101E0002A6E0FFBD271C00BFAF1800B1AF1400B0AF60
:209840002580800046FD400F2588A000130040101C00BF8F2C00438C100060102530200245
:209860001C00658C1000648C300044AC0C008494F8FF8424340044A40400A494360044A482
:209880001C00638C08006324380043AC2528000079AD400F252000021C00BF8F1800B18F3C
:2098A0001400B08F0800E0032000BD27E0FFBD271C00BFAF1800B1AF1400B0AF2588800001
:2098C0002580A0008CFB400F2520A000120040101C00BF8F42000396080063300D006010C9
:2098E000251000001800238E01000224FFFF6214000000000400038E06006010251000008F
:209900001000038E03006014010002241400028E2B1002001C00BF8F1800B18F1400B08F12
:209920000800E0032000BD27E8FFBD27160082300A0040141400BFAF5A00A294252082006E
:209940005A00A4A42481828F01004224248182AF1400BF8F0800E0031800BD275A00A29499
:20996000252082005A00A4A42481828F01004224248182AF00A0023C087B422418004394D5
:2099800001006334180043A4253000000100052400A0043C51F8400F187B8424EDFF001002
:2099A0001400BF8FD8FFBD272400BFAF2000B3AF1C00B2AF1800B1AF1400B0AF25988000D1
:2099C0002520A0002588C0002590E0000400A28C09F840002528E0000900401025804000C2
:2099E000040020122530400225282002A9FD400F25204000252800027EEA400F2520600204
:209A0000251000022400BF8F2000B38F1C00B28F1800B18F1400B08F0800E0032800BD273C
:209A20000800E003000000002518E003029D043CD4FF842416008010000000000000858C0A
:209A40001300A010040084240000868C0400842400008B8404008424029D0C3CC8968C2528
:209A600080580B0021606C0100008C8D09F88001000000002520400003008424FCFF062425
:209A80002420C4000000858CECFFA0140000000025F860000800E00300000000200005245D
:209AA000000082800A004510F7FF43240500632C070060142B000324070043102D000324D9
:209AC00007004314252800000400001001000524F3FF0010010084242528000001008424FC
:209AE00025100000030000100A000724010084242310430000008380D0FF63240A00662CD5
:209B0000FAFFC054021047700100A050231002000800E00300000000E8FFBD271400BFAF11
:209B20001000B0AF258080000800828C1400438C0000638C0A00469425288000049D043C17
:209B400009F8600060B1842409004014010003243C0000AE040002241A0002A61C0002A6CC
:209B60001400BF8F1000B08F0800E0031800BD27FBFF4310020003241C0000A61A0000A655
:209B8000180000A6020003A6F5FF00101E0002A6E8FFBD271400BFAF1000B0AFDDF1400FB9
:209BA000258080000C0040101400BF8F34000296080042300B004014020002241C0000A633
:209BC0001A0000A6180000A6020002A6F7FF02241E0002A61400BF8F1000B08F0800E003DF
:209BE0001800BD27001206242528000047E8400F25200002F7FF4010020002241A0002A6EB
:209C0000F4FF00101C0000A6E0FFBD271C00BFAF1800B1AF1400B0AF1100A0102580C00021
:209C20002588A00019E1400F010005240D004050FFFF022410000016080051ACBDF7400F75
:209C40000400448C25802002251000021C00BF8F1800B18F1400B08F0800E0032000BD272E
:209C6000FDFF0224F9FF005225100002000002AEF5FF001025800000F0FF0010000000AE3B
:209C8000E0FFBD271C00BFAF1800B2AF1400B1AF1000B0AF258080002590A0002BF6400F31
:209CA00025200000258840003BFD400F2520000207004010258000007800438C05007214D6
:209CC00025282002780040AC760040A40100102425282002ACF7400F252000002510000245
:209CE0001C00BF8F1800B28F1400B18F1000B08F0800E0032000BD27E0FFBD271C00BFAFC2
:209D00001800B2AF1400B1AF1000B0AF258080002590A0002BF6400F2520000025884000CB
:209D200046FD400F2520000207004010258000004C00438C05007214252820024C0040AC01
:209D40005A0040A40100102425282002ACF7400F25200000251000021C00BF8F1800B28FF0
:209D60001400B18F1000B08F0800E0032000BD271B00C01000000000E0FFBD271C00BFAF19
:209D80001800B2AF1400B1AF1000B0AF2590A0002588C000B4FD400F2520C0004100442CEF
:209DA000400003240B184400258060002530600025282002A9FD400F2000448E2000428ED5
:209DC00021105000000040A01C00BF8F1800B28F1400B18F1000B08F0800E0032000BD27CD
:209DE0000800E00300000000E0FFBD271C00BFAF1800B2AF1400B1AF4400410F1000B0AF3B
:209E00002588400001A0103C188D10260400028E1800428C09F84000000000001000038E31
:209E2000231843002800048E2C00058E219064002B184302218065004B00410F2520200286
:209E400025104002251800021C00BF8F1800B28F1400B18F1000B08F0800E0032000BD27F7
:209E6000E0FFBD271C00BFAF1800B1AF1400B0AFEAEA400F258080001100401001001124CB
:209E80002CE4400F252000020B0040102580400001004290040040100000000073DE400F15
:209EA00025200002010000A2180000A2190000A2000000A22588000061F6400F000000004E
:209EC000251020021C00BF8F1800B18F1400B08F0800E0032000BD27E0FFBD271C00BFAFDA
:209EE0001800B1AF1400B0AF258880002580A0002528800031FB400F252000020A0040101C
:209F000025284000010006240BF5400F25200002252040001000428C000040AC6400028EB0
:209F200009F84000000000005C00028E2528200209F840005400048E1C00BF8F1800B18F9C
:209F40001400B08F0800E0032000BD27E8FFBD271400BFAF1000B0AF258080000800828CC8
:209F60001400438C0400638C1000468C25288000049D043C09F8600060B184240A00410412
:209F8000020003241C0000A61A0000A6180000A6020003A61E0002A61400BF8F1000B08F36
:209FA0000800E0031800BD27FBFF4014040002241A0002A605000224F7FF00101C0002A68B
:209FC000E8FFBD271400BFAF1000B0AF2580800001000224300082A0320085A403000224A3
:209FE000310082A00800828C02004294CEC2400F360082A40D004104030042381C0000A654
:20A000001A0000A6180000A602000224020002A6F4FF02241E0002A6251000001400BF8F7A
:20A020001000B08F0800E0031800BD27FBFF00102B100200E8FFBD271400BFAF1000B0AFE7
:20A04000DDF1400F258080000C0040101400BF8F340002960010422C0B0040140900052425
:20A06000F0E7400F2520000203004010030002241A0002A61C0000A61400BF8F1000B08FC2
:20A080000800E0031800BD2706000524F0E7400F25200002F8FF4010050002241A0002A609
:20A0A000F5FF00101C0000A6E8FFBD271400BFAF1000B0AFDDF1400F258080000C00401080
:20A0C0001400BF8F34000296001042300B004014020002241C0000A61A0000A6180000A609
:20A0E000020002A6F8FF02241E0002A61400BF8F1000B08F0800E0031800BD2725280000EE
:20A10000F0E7400F25200002F8FF4010020002241A0002A6F5FF00101C0000A6E8FFBD2710
:20A120001400BFAF1000B0AF2580800001000224300082A0320085A4310082A0340086A484
:20A140000800828C02004294CEC2400F360082A40D004104030042381C0000A61A0000A685
:20A16000180000A602000224020002A6F4FF02241E0002A6251000001400BF8F1000B08F8A
:20A180000800E0031800BD27FBFF00102B100200E8FFBD271400BFAF1000B0AFDDF1400FB8
:20A1A00025808000140040101400BF8F340004964A000296002045300200A010FFFD83300E
:20A1C000000283340010423002004010FFFE6630000166340900052447E8400F25200002CD
:20A1E00004004010040002241A0002A6080002241C0002A61400BF8F1000B08F0800E00391
:20A200001800BD27E0FFBD271C00BFAF1800B2AF1400B1AF1000B0AF1000A010F9FF1024AD
:20A220002590A00019E1400F010005240B004010FFFF10240400518C25284002AAC5400F9B
:20A240001000248E258040000400229602004234040022A6BDF7400F2520200225100002B6
:20A260001C00BF8F1800B28F1400B18F1000B08F0800E0032000BD271000A0102510A000F4
:20A280000F00A490FEFF8324FF0063300200632C0A006050251000000E00A3900600632CEF
:20A2A00008006010020003240E008310000000006080838FFEFF6014000000000800E0030E
:20A2C000000000000300032406008310000000006080838FFEFF6014000000000800E0036D
:20A2E000000000000800E00300000000E8FFBD271400BFAF1000B0AF8400878C0004023CDE
:20A300002438E2000400E010258080004400838C0F006014010002242B3807004000062613
:20A320003C000526A9DA400F4400048E25184000440002AE06006010251000008400028EDE
:20A340000100032484D6627C840002AE010002241400BF8F1000B08F0800E0031800BD27AA
:20A36000E8FFBD271400BFAF1000B0AF25808000C69C400F00008494000002A6C69C400FDA
:20A3800002000496020002A6C39C400F0400048E040002AEC39C400F0800048E080002AE7F
:20A3A000C69C400F0E0004960E0002A6C69C400F10000496100002A6C69C400F120004961E
:20A3C000120002A61400BF8F1000B08F0800E0031800BD27E8FFBD271400BFAF3BFD400F57
:20A3E0001000B0AF2580400013000012251000008400028E4005427C0A0040140100032412
:20A400008400028E04C6627C840002AE010005243DB8400F252000022518400006006010A4
:20A4200001000224253000000100052479D4400F25200002010002241400BF8F1000B08FBB
:20A440000800E0031800BD27251080002520E000000043948439037C251865000800C010AE
:20A46000000043A40300C3880000C398100043AC0400C390140043A00500C390150043A0AF
:20A4800001A0033C548C638C0C0043AC0100032408008010160043A4E8FFBD271400BFAF08
:20A4A0007EEA400F040045241400BF8F0800E0031800BD270800E00300000000E0FFBD2781
:20A4C0001C00BFAF1800B2AF1400B1AF1000B0AF1000801025800000258880004800922426
:20A4E000FFFF052471F8400F252040022400228E06004010000000000400438C2B200302A9
:20A500000000428CFCFF40140B806400BDF7400F25204002C01010001C00BF8F1800B28F02
:20A520001400B18F1000B08F0800E0032000BD27D8FFBD272400BFAF2000B3AF1C00B2AF3D
:20A540001800B1AF1400B0AF100082900D00401025880000258080002590A0000C009324A7
:20A56000FFFF052471F8400F2520600225284002D9E9400F2520000225884000BDF7400F7E
:20A5800025206002251020022400BF8F2000B38F1C00B28F1800B18F1400B08F0800E003F6
:20A5A0002800BD27E0FFBD271C00BFAF1800B2AF1400B1AF1000B0AF258080002588A00074
:20A5C0002590C0000000048E0400028E0A0082540000828C000000AE08008014040000AEF6
:20A5E0001C00BF8F1800B28F1400B18F1000B08F0800E0032000BD27000002AEF2FF2052F3
:20A600000000048E09F8200225284002EEFF00100000048E16008490030003241700831069
:20A6200001000224E8FFBD271400BFAF6880828F0E00401425300000039D053CF4C0A52498
:20A64000EAE3400F0600042407004014648082AF30FD400F00000000251000001400BF8F2D
:20A660000800E0031800BD276880828F01004224688082AFF9FF0010010002240800E00360
:20A6800000000000E0FFBD271C00BFAF1800B2AF1400B1AF1000B0AF258880002590A0008F
:20A6A0002BF6400F252000000C00308E08000012252840002000028E0800423004004010F6
:20A6C0000000000002004012258000000C0020AEACF7400F25200000251000021C00BF8FCF
:20A6E0001800B28F1400B18F1000B08F0800E0032000BD27E8FFBD271400BFAF1000B0AFB3
:20A7000007F2400F258080003C00028E448C027C3C0002AE46F7400F252000022C00048E35
:20A720000300801009000624C2FA400FEFFF05241200038680180300A880828F211043004E
:20A74000000040ACA080848F0C00828C09F84000252800021400BF8F1000B08F0800E00394
:20A760001800BD27E8FFBD271400BFAF1000B0AF0000828C080045142580A000A2F9400F83
:20A7800000000000251000021400BF8F1000B08F0800E0031800BD27FCFF40101400BF8F3D
:20A7A0000000438CFCFF7054251060000000038E000043AC0400838C01007050040082ACF0
:20A7C0000800828CFFFF4224080082ACEEFF001025100002E8FFBD27050080101400BFAFB3
:20A7E000B3FC400F2881848F140040141400BF8F01A0023CE48D43940F00601025100000FA
:20A800002C81828F25200000420045944000A5300600A05001008424640045900100A53057
:20A820000600A0141400BF8F01008424F6FF831470004224251000001400BF8F0800E0036F
:20A840001800BD2701A0023C4C8D428C0B00405001A0023C0900805001A0023C0C00438C69
:20A860002B1864000A006014000000000C00438C231864000C0043AC01A0023C188D422454
:20A880001400438C100043AC0800E003000000000C00438C0C0040AC1C00428CF6FF4010E9
:20A8A00023208300EDFF801400000000F3FF001001A0023C18008010F2FF02240800838C9B
:20A8C00001A0023C0C8B422410006250020085840800E003F2FF02240F00C010F4FF0224D5
:20A8E000280086AC200087A402000224180082A41C0080A41A0080A401000224020082A480
:20A900001E0082A40800E0030100022402000324F1FFA310F3FF02240800E0030000000012
:20A920000000828C0800451400000000E8FFBD271400BFAF6EFA400F000000001400BF8F42
:20A940000800E0031800BD270E004010000000000000438CFCFF6554251060000000A38C6B
:20A96000000043AC0400838C01006550040082AC0800828CFFFF4224080082AC0800E00352
:20A980002510A0000800E003000000000B00A010240085AC3C00828C080040040000000051
:20A9A0005D0082900200423004004014000000003C00828CC418027C3C0082AC0C00C01072
:20A9C000251000005C008590010003240800A314000000000000C28C180082AC3C00828C0C
:20A9E00060004234C439027C3C0082AC010002240800E00300000000100082901700401001
:20AA000000000000E0FFBD271C00BFAF1800B2AF1400B1AF1000B0AF258080002588A0001B
:20AA20000C009224FFFF052471F8400F2520400225282002F3FD400F25200002BDF7400FF6
:20AA4000252040021C00BF8F1800B28F1400B18F1000B08F0800E0032000BD270800E0032F
:20AA6000000000002881828F0400401001A0033C1500441400000000288180AFE48D63943B
:20AA8000030060142C81828F0D0000102510000025200000420045944000A5300600A054C0
:20AAA0002881838F01008424FAFF831470004224251000002881838F030060140000000065
:20AAC0000800E003288182AF0800E00300000000E0FFBD271C00BFAF1800B1AF1400B0AF8E
:20AAE0002588A0002510C0002530E0004004E57C14001024280003240B806500211022025E
:20AB0000211002029AC9400FFFFF4530070040101C00BF8F060020121800B18F1800438CA3
:20AB2000211870001C0043AC1C00BF8F1800B18F1400B08F0800E0032000BD27E8FFBD2792
:20AB40001400BFAF88BF023C7010428C88BF033C4010638C0002633005006010000242305D
:20AB60000400401088BF023CB496400F0000000088BF023C7010428C88BF033C4010638CCB
:20AB8000000463300500601000044230040040101400BF8F95B8400F000000001400BF8F7F
:20ABA0000800E0031800BD2701A0023C488D43901600601401000224E8FFBD271400BFAF29
:20ABC0001000B0AFFFFF052401A0043C81F8400F508D842425204000010003240700831466
:20ABE0002510000001A0103C188D102603F1400F0800048E310002A2010002241400BF8F1D
:20AC00001000B08F0800E0031800BD270800E0030000000080BF023C000640AC80BF023C27
:20AC200000064494010003240429647C000644A480BF043C0F270524200685AC88BF043C57
:20AC4000A010858C8420657CA01085AC88BF043C3010858C0421057C301085AC88BF043C57
:20AC60006010858C0421657C601085AC00064494C47B647C000644A40800E00300000000D6
:20AC8000200003240B20A5000B180500022C04000400A014021205001000633425288000FE
:20ACA000021205000400401402210200080063342510A000022102000400805482100400F7
:20ACC000040063342520400082100400040040544210020002006334251080004210020030
:20ACE000010042380800E0032510430017008010F2FF02240800838C01A0023C0C8B4224C5
:20AD00000F006250020085840800E003F2FF02240E00C010F4FF0224280086AC04000224EA
:20AD2000180082A41C0080A41A0080A401000224020082A41E0082A40800E00301000224B2
:20AD400002000324F2FFA310F3FF02240800E00300000000E8FFBD271400BFAF1000B0AF67
:20AD6000DDF1400F25808000110040101400BF8F2800048E080080501C0000A634000296AE
:20AD80008000437C100042300100405404006334000083AC1C0000A61A0000A6180000A653
:20ADA00002000224020002A61E0000A61400BF8F1000B08F0800E0031800BD27E8FFBD279A
:20ADC0001400BFAF3DF0400F1000B0AF110040102580400014004294040040502400029686
:20ADE0003FA9400F140004262400029603004010000000003FA9400F24000426CBFC400F34
:20AE000025200002A80006242528000061FE400F252000021400BF8F1000B08F0800E0033B
:20AE20001800BD272518A0002528E0000200072414008710FFFF0224E8FFBD271400BFAFC3
:20AE40002538C0002530600025A6400F01000424FFFF03240800431080200200A880838F81
:20AE6000211864000000638C3C00648C01000524448CA47C3C0064AC1400BF8F0800E00367
:20AE80001800BD270800E00300000000E0FFBD271C00BFAF1800B2AF1400B1AF1000B0AF22
:20AEA000DFF7400F258880002580400054003296FFFF5226DAFE400F02904272408010008C
:20AEC0001B005000F4010002101000002110520073F6400F000022AE040022AE1C00BF8FA7
:20AEE0001800B28F1400B18F1000B08F0800E0032000BD27E0FFBD271C00BFAF1800B2AFA1
:20AF00001400B1AF1000B0AF258080002588A0002590C0002BF6400F252000000800039611
:20AF200025182302080003A625284000ACF7400F25200000253040022528200251F8400F9C
:20AF4000252000021C00BF8F1800B28F1400B18F1000B08F0800E0032000BD27E0FFBD2792
:20AF60001C00BFAF1800B2AF1400B1AF1000B0AF259080002588A000BBF6400F2580C00004
:20AF80000600401425184000BBF6400FFEFF042425184000050060107CFF0224000072AC04
:20AFA000040071AC080070AC251000001C00BF8F1800B28F1400B18F1000B08F0800E003C6
:20AFC0002000BD27D8FFBD272400BFAF2000B1AF1C00B0AF2588800004000224B3F3400FD9
:20AFE0001000A2A3253800002530000001000524B391400F1000A4270400401025800000B9
:20B0000007ED400F0000000025804000C7F3400F25202002010002322400BF8F2000B18F91
:20B020001C00B08F0800E0032800BD27687800A0000000000000F03F000000000000E03FF0
:20B040000000000000005043000000000000B03F00000000000020400000000000002440AA
:20B060000000000000001440000000000000E043000000000000E0C3000000F0FFFF1F3475
:20B08000000000000000F007000000000000E07F000000000000600301A0023C0C8B42241B
:20B0A0001100445001A0023C0800E00300000000E8FFBD271400BFAF488B42948010020099
:20B0C000049D033CF8FF6324211043000000428C01A0043C09F84000308B84241400BF8FE9
:20B0E0000800E0031800BD27308B4290F0FF405401A0023C0800E00300000000E8FFBD27C4
:20B100001400BFAF1000B0AF258080000800838C1000628C0600443001008050040042343F
:20B12000380044300100805020004234100062AC01000524F0E7400F2520000204004010F3
:20B14000040002241A0002A6010002241C0002A61400BF8F1000B08F0800E0031800BD2780
:20B16000542D039DA0E8039DCCEF039DACFB039D98B0039D38F1029D20C7039D10F4039D09
:20B18000E4F3039DBCD4039D04D5039D7006039DA8BC039DA4B5039D44B5039DECAC039DAB
:20B1A000B4A8039DE4B4039D90DC039D9CEF039D5C4C039D2049039DDCFF039DCCFB039DF1
:20B1C000FCEF039D0400A38C0900632814006014FFFF02240000A28C3D000324000043A0FC
:20B1E00007000324010043A00100032402008010020043A03C008424030045240300838840
:20B2000000008398060043A8030043B8040082900400A2A0050082900500A2A0090002243B
:20B220000800E003000000001000829015004010FFFF0524E0FFBD271C00BFAF1800B1AFB0
:20B240001400B0AF258080000C00912471F8400F25202002A2F9400F25200002FDFF4014F5
:20B2600000000000CBFC400F25202002100000A21C00BF8F1800B18F1400B08F0800E0039F
:20B280002000BD270800E00300000000E0FFBD271C00BFAF1800B2AF1400B1AF1000B0AF16
:20B2A000100082900B00401025880000258080000C009224FFFF052471F8400F2520400217
:20B2C000A2F9400F2520000225884000BDF7400F25204002251020021C00BF8F1800B28FAC
:20B2E0001400B18F1000B08F0800E0032000BD27E0FFBD271C00BFAF1800B1AF1400B0AF84
:20B30000258080002BF6400F252000002588400040181000211870008018030001A0043CD9
:20B320007C8A8424A2F9400F212083002580400025282002ACF7400F2520000025100002EF
:20B340001C00BF8F1800B18F1400B08F0800E0032000BD27F8FFBD270400BFAF00680240F2
:20B360000008033C2510430000688240C00000000100032488BF023C641043AC25100000DF
:20B3800000488240C0000000FFFF022400588240C000000000680240C4DE027C00688240F1
:20B3A000C000000088BF023C681043AC0400BF8F0800E0030800BD2781BF023C01C703343B
:20B3C000689043AC0007022488BF033C786062AC88BF033C606062AC88BF033C446062AC61
:20B3E00088BF023C10000324F86043AC8000022488BF033C386162AC88BF033C206162AC62
:20B4000088BF033C046162AC88BF023C00200324E86143AC0800E00300000000E0FFBD2781
:20B420001C00BFAF1800B1AFF264400F1400B0AF258840000600103C801A102639FE400F5D
:20B440000000000006004014010002241C00BF8F1800B18F1400B08F0800E0032000BD2767
:20B46000F264400F00000000231851002B187000F2FF601425100000F5FF00101C00BF8FE0
:20B48000080000100100A524FFFFA280FFFFC72409004010FFFF62A02530E000252060008E
:20B4A0000100A524F8FFC01401008324251080000800E003000000000800E0102110860000
:20B4C00001006324FEFF6214FFFF60A0F8FF8010000000000800E00325108000FBFF001042
:20B4E0002510600015008010F2FF02240800838C01A0023C0C8B42240D006250020086843D
:20B500000800E003F2FF0224280085AC06000224180082A41C0080A41A0080A401000224C1
:20B52000020082A41E0082A40800E0030100022402000324F4FFC310F3FF02240800E0039B
:20B540000000000015008010F2FF02240800838C01A0023C0C8B42240D0062500200858472
:20B560000800E003F2FF0224280086AC03000224180082A41C0080A41A0080A40100022463
:20B58000020082A41E0082A40800E0030100022402000324F4FFA310F3FF02240800E0035B
:20B5A0000000000015008010F2FF02240800838C01A0023C0C8B42240A006250C0BF023C63
:20B5C0000800E003F2FF0224010042380011020001006324251043000000A2AC0800E003A2
:20B5E00025100000F02F438C0006637CF02F428CF5FFA0144006427C251000000800E0038A
:20B6000000000000E0FFBD271C00BFAF1800B2AF1400B1AF1000B0AF258080002BF6400FEC
:20B620002520000025904000A2F9400F400004262588400025284002ACF7400F25200000C9
:20B640002528200263E0400F252000021C00BF8F1800B28F1400B18F1000B08F0800E00351
:20B660002000BD27E0FFBD271C00BFAF1800B1AF1400B0AF258080002588A0000000A294E6
:20B6800040004330050060140400842480004230020040102C000426180004264CE9400F72
:20B6A00004002526252820026BFC400F0000048E1C00BF8F1800B18F1400B08F0800E00384
:20B6C0002000BD27E8FFBD271400BFAF0400848C2C00858C1100A01001A0033C408C6324D4
:20B6E0001400628C0800A58C231045003800638C2B10430002004054180084242C008424C8
:20B70000A3EC400F0000000001004054FCFF42241400BF8F0800E0031800BD27F8FF001005
:20B72000180084240400A38C0600632813006014FFFF02240000A38C010065900400A52CE0
:20B740000E00A01400000000600082900400423008004014010005240500628802006298CE
:20B760003B0082A8380082B8640082904408A27C640082A001006290020042240800E00346
:20B78000000000000400A38C0600632813006014FFFF02240000A38C0100669004000524E7
:20B7A0000E00C51400000000600085900400A5300A00A0140600022405006288020062987F
:20B7C0003F0082A83C0082B864008290010003248410627C640082A0060002240800E003DD
:20B7E00000000000E8FFBD271400BFAF1000B0AFE080828F0F00401025808000010006246D
:20B80000010005245ACA400F1000848C160003920200022407006214E080828FFFFF422446
:20B8200004004014E08082AFFBD5400F00000000D08080AF1400BF8F1000B08F0800E003E5
:20B840001800BD27E8FFBD271400BFAF1000B0AF2580800024008484FFFF022406008250E3
:20B860000C00048E60F4400F00000000FFFF0224240002A60C00048E040080100000000065
:20B88000BFFC400F000000000C0000AE9BD7400F252000021400BF8F1000B08F0800E00340
:20B8A0001800BD271000829014004010FFFF0524E0FFBD271C00BFAF1800B1AF1400B0AFA7
:20B8C000258080000C00912471F8400F25202002A2F9400F25200002FDFF401400000000E2
:20B8E000BDF7400F252020021C00BF8F1800B18F1400B08F0800E0032000BD270800E003EF
:20B9000000000000F8FFBD270400BFAF7081828F120040500400BF8F8C81828F4400428CB4
:20B920000E0040100400BF8F8C81838F4400628CFFFF4224440062AC8C81828F4400428C20
:20B94000060040140400BF8F00600240847A027C00608240C00000000400BF8F0800E003FE
:20B960000800BD270E00801001A0063C148DC28C12004010F0FF8724F0FF838C0000458CA0
:20B9800021408300080048141000A5241000428C21186500000082ACF0FF83AC148DC7ACAA
:20B9A0000800E00300000000214045000300E814211865000800E003000043ACF7FF001079
:20B9C000000082ACE0FFBD271800B1AF1000918C1C00BFAF2B10D1000B88C2000C002012A8
:20B9E0001400B0AF258080001400848CA9FD400F253020021400028E1000038E2110510058
:20BA000023187100140002AE100003AE000040A01C00BF8F1800B18F1400B08F0800E00315
:20BA20002000BD271C0082940B00432C0C006010049D033CE8FFBD271400BFAF801002001B
:20BA40003CF46324211043000000428C09F84000000000001400BF8F0800E0031800BD2763
:20BA60001C0080A41A0080A4180080A402000224020082A4F4FF02240800E0031E0082A474
:20BA80001A0082940500432C09006014801002001C0080A41A0080A4180080A40200022411
:20BAA000020082A4F4FF02240800E0031E0082A4E8FFBD271400BFAF029D033C8895632447
:20BAC000211043000000428C09F84000000000001400BF8F0800E0031800BD271A0082946A
:20BAE0000300432C0C006010049D033CE8FFBD271400BFAF80100200180563242110430081
:20BB00000000428C09F84000000000001400BF8F0800E0031800BD271C0080A41A0080A44F
:20BB2000180080A402000224020082A4F4FF02240800E0031E0082A41A0082940600432C8C
:20BB40000C006010029D033CE8FFBD271400BFAF8010020088926324211043000000428CC9
:20BB600009F84000000000001400BF8F0800E0031800BD271C0080A41A0080A4180080A481
:20BB800002000224020082A4F4FF02240800E0031E0082A41A0082940800432C0C006010EA
:20BBA000049D033CE8FFBD271400BFAF80100200ECFB6324211043000000428C09F84000D5
:20BBC000000000001400BF8F0800E0031800BD271C0080A41A0080A4180080A4020002243A
:20BBE000020082A4F4FF02240800E0031E0082A41A0082940300432C0C006010049D033CD7
:20BC0000E8FFBD271400BFAF801002000C056324211043000000428C09F84000000000002A
:20BC20001400BF8F0800E0031800BD271C0080A41A0080A4180080A402000224020082A4B1
:20BC4000F4FF02240800E0031E0082A41A0082940300432C0C006010049D033CE8FFBD27D3
:20BC60001400BFAF8010020000056324211043000000428C09F84000000000001400BF8F3F
:20BC80000800E0031800BD271C0080A41A0080A4180080A402000224020082A4F4FF02249A
:20BCA0000800E0031E0082A414008010F2FF02240800838C01A0023C0C8B42240C006250E9
:20BCC000020085840800E003F2FF022405000224180082A41C0080A41A0080A40100022449
:20BCE000020082A41E0082A40800E0030100022402000324F5FFA310F3FF02240800E003F3
:20BD000000000000E0FFBD271C00BFAF1800B1AF1400B0AF258080003D01410F2588A000EB
:20BD2000251840000900601425100000040020120000000025FD400F25200002000022AE16
:20BD4000CE00410F25200002010002241C00BF8F1800B18F1400B08F0800E0032000BD2753
:20BD60007000839003000224030062100800052410006514251000000800858C0C00828C80
:20BD80002B18A20009006054231045000400838C0000848C23186400FFFF63242328A20055
:20BDA000231065000800E003FFFF4230FFFF4224FFFF42300800E00300000000E8FFBD2706
:20BDC0001400BFAF3BFD400F1000B0AF258040000D00001225100000700004920B0003247A
:20BDE0000A0083141400BF8F45E3400F252000022518400004006004251000000100022441
:20BE0000700002A2010002241400BF8F1000B08F0800E0031800BD27E8FFBD271400BFAF02
:20BE200046FD400F1000B0AF258040000D000012251000003000028E0400401000000000B4
:20BE400036000296080040141400BF8F81ED400F252000023000038E0200601025100000EA
:20BE6000360002961400BF8F1000B08F0800E0031800BD27E0FFBD271C00BFAF1800B1AF97
:20BE80001400B0AF0000B18C0C00201625100000B3FC400F2580A000090040101C00BF8F75
:20BEA0004200439400106330060060501800B18F2000038EC005637C0A1023021C00BF8FBA
:20BEC0001800B18F1400B08F0800E0032000BD271300A010212885001C81023CC59D423484
:20BEE000003E0200C0190200C03002002130C200403006002118660021186200001202005E
:20BF0000211862002138E30001008424FFFF8290F3FFA414261047000800E003000000007F
:20BF20001C81023C0800E003C59D42340C00828C13004010251800000000828C00004594C2
:20BF40000100A5300800A0500800858C000045940400057C000045A42400858CFFFFA524B7
:20BF6000240085AC0800858C21104500010063240C00858C2B286500F1FFA05400004594C3
:20BF80000800E00300000000E8FFBD271400BFAF0200022488BF033C341062AC88BF033CE3
:20BFA000001C0424941064AC88BF033C00040424981064AC88BF033C641062AC88BF033C91
:20BFC000681062AC05EB400F000000008C81828F0000428C7F87400F508182AFBFFE400F4D
:20BFE000000000000000A78CFFFF02240C00E214080083241000828C0400438C0400A3ACF5
:20C00000080065AC0800A2AC040045AC1000A4AC0000828C010042240800E003000082ACCE
:20C02000251060000400638C0000668C2B30E600FCFFC05025106000F0FF00100400438CD3
:20C04000E8FFBD271000B0AF01A0103CC88D028E080040101400BFAF01A0033CA88D638CF6
:20C060001400BF8F1000B08F231062000800E0031800BD2710AF400F0000000001A0033CA5
:20C08000C88D028EA88D638C1400BF8F1000B08F231062000800E0031800BD274010010019
:20C0A0004C3C029DBC0E029D6CCF039D9897019D90EC039D94DF029D74D4039D68E8039D42
:20C0C000708A039D74FB029DB897019D908C039D6875029DB0FC029DF8CF029D3897039D73
:20C0E000904B039DE889039D0090019DAC46039D8CFE039DE8FFBD271400BFAF1000B0AF0E
:20C100000B008010258000000800838C020002240C0062142580800004008294010042306C
:20C12000030040502580000071F8400FFFFF0524251000021400BF8F1000B08F0800E00315
:20C140001800BD27FAFF001025800000E0FFBD271C00BFAF1800B1AF1400B0AF2588A000B0
:20C1600019E1400F0100052408004010FFFF10240800438C03007114FDFF1024080040AC3F
:20C1800025800000BDF7400F0400448C251000021C00BF8F1800B18F1400B08F0800E003EC
:20C1A0002000BD27E0FFBD271C00BFAF1800B2AF1400B1AF1000B0AF258080002590C00038
:20C1C0002588E000C600410FFF00A530FF004532CA00410F2520000225282002DA00410F78
:20C1E000252000021C00BF8F1800B28F1400B18F1000B08F0800E0032000BD27E0FFBD27E0
:20C200001C00BFAF1800B1AF3BFD400F1400B0AF0A004010258800002580400048F9400FA6
:20C220002520400005004010258840001C00028E200002AE6FDC400F252000022510200283
:20C240001C00BF8F1800B18F1400B08F0800E0032000BD27E8FFBD271400BFAF46FD400FFB
:20C260001000B0AF258040000C000012251000003000028E040040545C00049281ED400F10
:20C28000252000025C0004920100032403008314251000001400028E2B1002001400BF8F2B
:20C2A0001000B08F0800E0031800BD271300A0102510000001A0023C488C428C0F00401070
:20C2C00010000724D8FFBD272400BFAF1000A0AF1400A5AF1800A6AF1C00A4AF1000A62756
:20C2E0002528400001A0043C69E6400F608C84242400BF8F0800E0032800BD270800E0034A
:20C3000000000000E8FFBD271400BFAF1000B0AF258080002BF6400F252000001800038EDE
:20C32000040003AE1C00038E080003AE2000038E0C0003AE25284000ACF7400F25200000B0
:20C34000420002960463027C420002A61400BF8F1000B08F0800E0031800BD2713008010F9
:20C360002510000042008394400063300F006010000000000000A68CFFFF03240900C310AA
:20C3800001000224E8FFBD271400BFAFB1F9400F00000000010042301400BF8F0800E00370
:20C3A0001800BD270800E003010042300800E00300000000E0FFBD271C00BFAF1800B1AF73
:20C3C0001400B0AF258880002520A0002580C0004CE9400F2528200225184000060060108D
:20C3E000251000000C00028E2528200209F8400025200002010002241C00BF8F1800B18F8C
:20C400001400B08F0800E0032000BD27E0FFBD271C00BFAF1800B2AF1400B1AF1000B0AF31
:20C420002588800000607241C0000000A4FE400F00000000258040001BFE400F2520200257
:20C440002FFE400F01004432251000021C00BF8F1800B28F1400B18F1000B08F0800E00361
:20C460002000BD276800049DACBA029D9001039DBC77029DA420029D54C2039D000000008E
:20C48000000000003430039D0000000080D1039D5023039DAC57029D000000005CDD039D19
:20C4A0009478039DF89C039DE4B5029D4C65039D18BE039D988D039D0CF2039D4C00049D4D
:20C4C000ACBA029D9001039DBC77029DA420029D54C2039D00000000000000003430039D37
:20C4E0000000000080D1039D5023039DAC57029D000000005CDD039D9478039DF89C039DDD
:20C50000E4B5029D4C65039D18BE039D988D039D0CF2039D5CE5039D18F5029D7456039DC2
:20C5200080B7029DD094029DFCD6039DB4D6039D4CF1039DF0E9039DBCBD039DD4A3039D00
:20C54000B438039D34D1039D383D039DFCC1039DF877039D809C039D10CA029DC46B029D26
:20C560007CF1039D98E5039DDCF1039D640C039D18F5029D7456039D80B7029DD094029D25
:20C58000FCD6039DB4D6039D4CF1039DF0E9039DBCBD039DD4A3039DB438039D34D1039D48
:20C5A000383D039DFCC1039DF877039D809C039D10CA029DC46B029D7CF1039D98E5039DCD
:20C5C000DCF1039DE8FFBD271400BFAF1000B0AF253080002528000034E2400F0100042482
:20C5E0000900401025804000080040AC000040AC0C0040AC25380000253000002528000026
:20C60000B8A4400F25204000251000021400BF8F1000B08F0800E0031800BD278200A228CF
:20C6200006004010830003248000A5280600A0500000C28C0800E003251000000B00A31487
:20C64000251000000000C28C070042240410027C080043240000C3AC0400438C0000428CD9
:20C66000040083AC000082AC010002240800E00300000000029D063C25100000E894C624CB
:20C680004018020021186600000067800300E0540000858C0800E00301006290010042242D
:20C6A0000000A88004000715FF0042300100A52401006290000085AC0B00432CF1FF6014F5
:20C6C000401802000800E00300000000E8FFBD271400BFAF1000B0AF258080003C00828CEA
:20C6E0004000428C25380000840086242528000009F840000C00848C070041040100022484
:20C70000C1F8400F252000021400BF8F1000B08F0800E0031800BD27FBFF0010900002AEE8
:20C720001200801001A0023CE8FFBD271400BFAF1000B0AF0800838C0C8B4224070062142B
:20C74000258080000C00828C1C00428C09F840001000848C000000A2020000A61400BF8FA3
:20C760001000B08F0800E0031800BD270800E00300000000E8FFBD271400BFAF1000B0AFDC
:20C7800041D7400F258080000D004104020042381C0000A61A0000A6180000A602000224D7
:20C7A000020002A6F4FF02241E0002A6251000001400BF8F1000B08F0800E0031800BD2723
:20C7C000FBFF00102B100200E0FFBD271C00BFAF1800B1AF1400B0AF258080002588C00048
:20C7E000C600410FFF00A530FF002532CA00410F25200002CE00410F25200002D200410F11
:20C8000025200002040002241C00BF8F1800B18F1400B08F0800E0032000BD27E8FFBD27D8
:20C820001400BFAF1000B0AF5C008390010002240A00621425808000A1E9400F01000524C9
:20C84000070040500C0000AE0BE4400F0C00048E56000296FFFF4224560002A60C0000AEA1
:20C860001400BF8F1000B08F0800E0031800BD272518000000A0023CD402422400A0063CE7
:20C88000FC02C624000047940A00E014000000000A18430004004224FBFF46540000479499
:20C8A0000600A0102510A0000000A3AC0800E00325100000F8FFE454040042240800E003FA
:20C8C00000000000020000005843029D3079039D030000007CC2029DFCD9029D0600000079
:20C8E00014A6039DE4E4039D090000005800039DC09F029D0A00000040B4029D30DE029D2D
:20C900000C000000F479029DE4B7039D0F000000E03F029D248F039DE8FFBD271400BFAF57
:20C920001000B0AF0B008010308180AF258080000400828C09F840003800052405004010DF
:20C94000252840000C00028E09F8400025200002308190AF3081828F2B1002001400BF8FD5
:20C960001000B08F0800E0031800BD27F8FFBD270400BFAFADDE023CEFBE4234F8FF82AC23
:20C980003412023C78564224F4FF82AC00680240F0FF82AC03000224ECFF82ACE8FF85AC9D
:20C9A000049D023CFCFA4224E4FF82ACA8FF86AC6CFF82240400BF8F0800E0030800BD2718
:20C9C000E8FFBD271400BFAFFAFA400F1000B0AF38A1400F258040000500401000000000F6
:20C9E000006802400001423400688240C000000000609040C000000088BF023C1000032480
:20CA0000341043AC1400BF8F1000B08F0800E0031800BD27E8FFBD271400BFAF0A00801064
:20CA20001000B0AFA265400F2580800025280000EDB8400F25200002AFA5400F00000000E1
:20CA4000060040141400BF8F006802400001423400688240C00000001400BF8F1000B08F5E
:20CA60000800E0031800BD270000043CE8FFBD2700008424030080101400BFAF09F8800086
:20CA800000000000000084300000A530049D083C0CFE082509F80001000000000000023CB1
:20CAA00000004224030040100000000009F8400000000000F9FF001000000000E8FFBD27A9
:20CAC0001400BFAF1000B0AF2580A00002000624252880000BF5400F252000026800038E98
:20CAE000401006240100052409F86000252040001001028E01004224100102AE1400BF8F81
:20CB00001000B08F0800E0031800BD270019040000406330C211040004004230251043002A
:20CB2000421904000800633025186200801104004020423025104300C0180400800363308B
:20CB4000251862008010040020004230251043004008847C0800E003251082008400828C1C
:20CB6000000B427C080040500400828C010042380100422C010042388400838C44EF437C58
:20CB80000800E003840083AC0000838C23104300660085944018050021186500421803009B
:20CBA0002B104300F3FF0010010042380400A38C030063280F006014FFFF02240000A38CE3
:20CBC00001006790010006240A00E61400000000020063900800A3AC020005240500651439
:20CBE000030002246000839004006330FFFF04240B1083000800E003000000000400A38C20
:20CC0000060063280F006014FFFF02240000A38C01006690040004240A00C41400000000A8
:20CC2000020062901300A2A0030062901200A2A0040062901100A2A0050062901000A2A0D0
:20CC4000060002240800E003000000000400A38C060063280F006014FFFF02240000A38C23
:20CC600001006690040004240A00C41400000000020062901700A2A0030062901600A2A015
:20CC8000040062901500A2A0050062901400A2A0060002240800E003000000000400A38CB0
:20CCA000060063280F006014FFFF02240000A38C01006690040004240A00C4140000000008
:20CCC000020062901B00A2A0030062901A00A2A0040062901900A2A0050062901800A2A010
:20CCE000060002240800E00300000000E0FFBD271C00BFAF1800B1AF1400B0AF25888000B8
:20CD00002580A000B4FD400F2520A00025284000B4EF400F252000020C00238E1B00430008
:20CD2000F4016000101000001C00BF8F1800B18F1400B08F0800E0032000BD2701A0023C9B
:20CD4000E48D43940F006010251000002C81828F25280000420046944000C6300600C05064
:20CD60000100A5240400478C0000868C0500E610000000000100A524F6FFA31470004224B9
:20CD8000251000000800E003000000000000A58C0001033C7F0063240E00A3102510800086
:20CDA00001A0023CE48D43940A006010251000002C81828F252000000400468C0500A61009
:20CDC0000000000001008424FBFF831470004224251000000800E00300000000E0FFBD2760
:20CDE0001C00BFAF1800B1AF1400B0AF258880002580A000A3EC400F2520200206004014AD
:20CE0000252840001C00BF8F1800B18F1400B08F0800E0032000BD270C00028E09F84000A4
:20CE200025200002F3FF001000000000E8FFBD271400BFAF1000B0AF1000102488BF023C24
:20CE4000F46050AC88BF023CE46050AC88BF023CC46050ACD7FC400F0100042488BF023C48
:20CE6000E86050ACD7FC400F050004241400BF8F1000B08F0800E0031800BD27D0FFBD27D4
:20CE80002C00BFAF1000A0AF2400A0AF049D023C44E242241400A2AF010002241800A2AFC6
:20CEA000049D023C5CDA42241C00A2AF090002242000A2AF1000A527D3DA400F25200000CD
:20CEC0002C00BF8F0800E0033000BD27020002240D0082100300822C0E0040100000000003
:20CEE0000500801488BF023C00010324646043AC0800E0030000000000020324646043AC72
:20CF00000800E0030000000088BF023C00040324646043AC0800E0030000000002000224B0
:20CF20000D0082100300822C0E004010000000000500801488BF023C00010324686043AC46
:20CF40000800E0030000000000020324686043AC0800E0030000000088BF023C000403246B
:20CF6000686043AC0800E0030000000000A0023CB40142240E0044140000000000A0023CD2
:20CF8000C8014290010042300900401000000000E8FFBD271400BFAF00A0043CCCC7400F1B
:20CFA000B40184241400BF8F0800E0031800BD270800E00300000000E0FFBD271C00BFAF93
:20CFC0001800B1AF1400B0AF258880002580A000DFF8400F252000020600401425284000A0
:20CFE0001C00BF8F1800B18F1400B08F0800E0032000BD27DFFD400F25202002F4FF001098
:20D0000000000000E8FFBD271400BFAF1000B0AFDDF1400F2580800009004010040005248C
:20D0200034000296220002A6F0E7400F2520000203004010070002241A0002A61C0000A6E9
:20D040001400BF8F1000B08F0800E0031800BD27E8FFBD271400BFAF1000B0AFDDF1400F5F
:20D0600025808000090040100500052434000296200002A6F0E7400F2520000203004010B0
:20D08000060002241A0002A61C0000A61400BF8F1000B08F0800E0031800BD27E8FFBD277D
:20D0A0001400BFAF1000B0AFDDF1400F25808000090040100600052434000296260002A61B
:20D0C000F0E7400F2520000203004010050002241A0002A61C0000A61400BF8F1000B08F30
:20D0E0000800E0031800BD27E8FFBD271400BFAF1000B0AFDDF1400F2580800009004010F2
:20D100000A00052434000296240002A6F0E7400F2520000203004010040002241A0002A698
:20D120001C0000A61400BF8F1000B08F0800E0031800BD27E8FFBD271400BFAF3BFD400FC1
:20D1400000000000252040000A0080102510000071008590010003240700A3141400BF8FAD
:20D160004800838C040060100000000035F7400F000000001400BF8F0800E0031800BD2720
:20D18000E8FFBD271400BFAF46FD400F1000B0AF258040000900001225100000FFFF0524E5
:20D1A00071F8400F90808427BDE9400F25200002BDF7400F90808427010002241400BF8F79
:20D1C0001000B08F0800E0031800BD27E8FFBD271400BFAF1000B0AF258080000000848C28
:20D1E0000A0080101400BF8FCBEF400F0000000029EE400F2C00042629EE400F18000426C6
:20D2000029EE400F040004261400BF8F1000B08F0800E0031800BD27E0FFBD271C00BFAF95
:20D220001800B1AF1400B0AF0288A67043C4400F25282002050040102580400025302002ED
:20D240002528000061FE400F25204000251000021C00BF8F1800B18F1400B08F0800E00317
:20D260002000BD27E0FFBD271C00BFAF1800B1AF1400B0AF258880002580A000A2F9400F16
:20D28000252000020500401025284000F3FD400F25202002F9FF0010000000001C00BF8F4D
:20D2A0001800B18F1400B08F0800E0032000BD27E8FFBD271400BFAF1000B0AF25808000F3
:20D2C000000080AC040080AC080080AC010007240100062425280000FDDA400F0C00842440
:20D2E000010042380100422C100002A21400BF8F1000B08F0800E0031800BD27E8FFBD272D
:20D300001400BFAF1000B0AF080080102580A0000000828C05004010000000004FF3400F4B
:20D3200000000000050040141400BF8F02000012251000002881828F1400BF8F1000B08F7E
:20D340000800E0031800BD271000A010251000000000A38C0D006010000000000900C0502C
:20D360000A00A6A41081828F251840002016027C2A104600010040542518C0002036037C9F
:20D380000A00A6A40C00A6A4010002240800E003000000001000801025100000E8FFBD2731
:20D3A0001400BFAF1000B0AF2B188500060060142580A0000200062434E2400F2528000017
:20D3C00001004054380050AC1400BF8F1000B08F0800E0031800BD270800E0030000000001
:20D3E0001000A010251000002530800021208500039D053C048BA524021A02000000C790EF
:20D400002618670040180300211865000000639400120200FFFF42300100C624F6FFC4143B
:20D42000261062000800E00300000000251080006C00438C090060102520A000E8FFBD2750
:20D440001400BFAF2528C00009F860007000468C1400BF8F0800E0031800BD272000438C62
:20D460002428A3001A0042842120A2000800E0030000828C401003240E008314FFFF0224C1
:20D4800000A0023CC80143900100643009008010FFFF022402006330060060140100042488
:20D4A00000A0023CB4014224140043904408837C140043A00800E003000000000F008010C0
:20D4C000F2FF02240800838C01A0023C0C8B4224030062501C0080A40800E003F2FF02244B
:20D4E0001A0080A4180080A402000224020082A4F1FF02241E0082A4251000000800E003E8
:20D500000000000006008010F2FF02240800838C01A0023C0C8B422407006210F2FF0224DB
:20D520000800E003000000000E8B42940000C2AC0800E00325100000FBFFC05401A0023C16
:20D54000251000000800E003000000004021039DE405049DBCAD039D60ED039D647E029DA9
:20D56000FC44039D04A2039DA8E4039D68F4039D089C039D4CC1039D5CF0039D8CF0039D64
:20D58000BCF0039D5013039D5C77039D1CF1039DECF0039DE0FFBD271C00BFAF1800B1AFDB
:20D5A0001400B0AF258080002588C000C600410FFF00A530FF002532CA00410F25200002C5
:20D5C000E9FF400F252000021C00BF8F1800B18F1400B08F0800E0032000BD270600C010F3
:20D5E0002510000071008390FF00A2300400621001000324251000000800E00300000000E3
:20D60000FDFFA314251000000000C28C400082AC8400828C84D6627C840082AC0800E003FF
:20D620000100022470008590FDFFA324FF0063300300632C04006014030002240800A538D1
:20D64000010003240B1065008400838C00026430010080540400423400046330010060545E
:20D66000080042340800E003000000007C80858F0E00A010010002248C80838F25100000F9
:20D680000000668C0500C050010042245E00C6940600C4502510000001004224F8FF45145E
:20D6A000040063240800E003010002240800E00300000000E8FFBD271400BFAF3BFD400F0E
:20D6C000000000002518400009006010010002248400648C00028430050080102510000039
:20D6E0008400628C444A027C840062AC010002241400BF8F0800E0031800BD27E8FFBD27DF
:20D700001400BFAF3BFD400F0000000025184000090060102510000070006490FDFF8324CE
:20D72000FF0063300300632C0300601401000224080084380100822C1400BF8F0800E00367
:20D740001800BD27A480858F0E00A01801000224A880838F251000000000668C0500C05032
:20D76000010042242A00C6940600C4502510000001004224F8FF4514040063240800E00342
:20D78000010002240800E00300000000E8FFBD271400BFAF1000B0AF46FD400F2580A000E4
:20D7A000251840000700601025100000280070A43C00628C01000424448C827C3C0062AC99
:20D7C000010002241400BF8F1000B08F0800E0031800BD27E8FFBD271400BFAF0F00052405
:20D7E0008EE5400F0C00042402004330060060140100423005004014252000001400BF8FD1
:20D800000800E0031800BD27010004241879400F00000000FAFF00101400BF8F3500000078
:20D82000ACCB039D0100000084B7039D0300000024B7039D060000002082039D36000000F9
:20D8400004E1039D33000000FCCB039D3A0000004CCC039D3B0000009CCC039DFF00000075
:20D860000C06049DE8FFBD271400BFAF2081828F01004224208182AF00A0023C087B4224F6
:20D880000800439402006334080043A4253000000200052400A0043C51F8400F187B8424EE
:20D8A0001400BF8F0800E0031800BD27E8FFBD27080080101400BFAF010002240900821078
:20D8C00000000000251000001400BF8F0800E0031800BD27A265400F00000000FAFF00106B
:20D8E00025100000A9F6400F00000000F6FF0010251000000F00801025100000E8FFBD272C
:20D900001400BFAF1000B0AF0000838C050060142580800071F1400F01000424000002AEDF
:20D920002B1002001400BF8F1000B08F0800E0031800BD270800E00300000000E8FFBD275C
:20D940001400BFAF88BF023C3010448C88BF023C01000324341043AC3481828F06004010B4
:20D9600001008430348182270400458C0000428C09F84000000000001400BF8F0800E00363
:20D980001800BD27E8FFBD271400BFAF1000B0AF01A0103C188D1026310005927DFD400F76
:20D9A0000800048E30000292050040141400BF8F01A0043CCEF7400F508D84241400BF8F72
:20D9C0001000B08F0800E0031800BD27E8FFBD271400BFAF3C81828F04004014000000009E
:20D9E000B3FB400F010004243C8182AF7AE7400F000000003C81868F2538000025204000AF
:20DA00002A8E400F252860001400BF8F0800E0031800BD27E8FFBD271400BFAF3C81828FEE
:20DA20000400401400000000B3FB400F010004243C8182AF7AE7400F000000003C81868FF8
:20DA400025380000252040002A8E400F252860001400BF8F0800E0031800BD2703000000E4
:20DA60001804049D0600000000000000020000000CF9039D090000006C06049D0A00000016
:20DA80006406049D0C0000005C06049D0F0000006896019D01000000FC0200A040100000D2
:20DAA000ACFD039DF8FFBD270400BFAF00600240847A027C000C423400608240C00000004E
:20DAC0007081828F070040100400BF8F8C81838F4400628C01004224440062AC8C81828F73
:20DAE0000400BF8F0800E0030800BD2701A0033CE08B632425100000080005240000668CD3
:20DB00000800C4540100422440180200211862008018030001A0023CE08B42240800E00353
:20DB200021104300F5FF45140C0063240800E003251000000000023C000042240700401076
:20DB40000000023C0000422405004050049D023C3F0000700800E00300000000049D023C34
:20DB6000C0DF422403004014000000000800E0030000000009F84000000000000F00C0103E
:20DB800025100000FFFFC6242518000021108300000042902138A300070040100000E790DB
:20DBA0000600E050231047000400C35023104700F6FF471001006324231047000800E003EB
:20DBC000000000000E00A01000000000E8FFBD271400BFAF1000B0AF2580A0002528000039
:20DBE000D0F8400FEC00848C000002AE251000001400BF8F1000B08F0800E0031800BD2795
:20DC00000800E003251000000E00A01000000000E8FFBD271400BFAF1000B0AF2580A00025
:20DC200001000524D0F8400FEC00848C000002AE251000001400BF8F1000B08F0800E00326
:20DC40001800BD270800E003251000000E00A01000000000E8FFBD271400BFAF1000B0AF2E
:20DC60002580A00025280000D0F8400FE400848C000002AE251000001400BF8F1000B08F71
:20DC80000800E0031800BD270800E0032510000006008010F2FF02240800838C01A0023CDA
:20DCA0000C8B422406006210F2FF02240800E003000000000000A2AC0800E003251000007F
:20DCC000FCFFA0543C00828C251000000800E003000000000800858C1000838C0C00A310F4
:20DCE00025100000600083940900601001000624E8FFBD271400BFAF466E400F100005244B
:20DD00000100422C1400BF8F0800E0031800BD270800E00300000000E8FFBD271400BFAF13
:20DD20001000B0AF40009024A2F9400F25200002060040102520400009000624C2FA400F36
:20DD4000EFFF0524F8FF0010000000001400BF8F1000B08F0800E0031800BD27E8FFBD2742
:20DD60001400BFAF46FD400F1000B0AF0700401025800000252040003000428C010040540C
:20DD80003600909481ED400F00000000251000021400BF8F1000B08F0800E0031800BD279D
:20DDA000E8FFBD271400BFAF1000B0AF25808000C69C400F00008494000002A6C69C400F60
:20DDC00002000496020002A6C69C400F06000496060002A61400BF8F1000B08F0800E00362
:20DDE0001800BD270E008010251080000000848C010003240800831400000000E8FFBD2732
:20DE00001400BFAFD9AF400F252040001400BF8F0800E0031800BD270800E00325100000BB
:20DE20000800E003000000000400A38C030063280C006014FFFF02240000A28C3500032408
:20DE4000000043A001000324010043A00C00A38C090004240100645003000324020043A0A3
:20DE6000030002240800E003000000000400A38C050063280C006014FFFF02240000A28CF9
:20DE800037000324000043A003000324010043A001000424020044A0030043A00600032411
:20DEA000040043A0050002240800E00300000000E8FFBD27070080101400BFAF010002245A
:20DEC00008008210000000001400BF8F0800E0031800BD27AFA5400F00000000FBFF0010B2
:20DEE0001400BF8F41EE400F00000000F7FF00101400BF8F0E008010251000000000848CF7
:20DF00000B00801025380000E8FFBD271400BFAF25300000B8A4400F2528000001004238F4
:20DF20000100422C1400BF8F0800E0031800BD270800E003000000000E008010251000006B
:20DF40000000848C0B00801025380000E8FFBD271400BFAF25300000B8A4400F252800001F
:20DF6000010042380100422C1400BF8F0800E0031800BD270800E00300000000E8FFBD27B8
:20DF80001400BFAF3C81828F0400401400000000B3FB400F010004243C8182AF5B01410F19
:20DFA000000000003C81838F1B004300F4016000121000001400BF8F0800E0031800BD2774
:20DFC00000606041C000000099AA033C81BF023C5566632430F240AC30F243AC6655033C25
:20DFE000AA99633430F243AC81BF023C0100032418F643AC81BF023C10F6428CF2F7400B0D
:20E00000000000000010A33007006010F8FF02240002A5300400A014F6FF02242000C630C9
:20E02000F5FF02240B1006001C0080A41A0080A4180080A402000324020083A40800E003AE
:20E040001E0082A4E8FFBD271400BFAF46FD400F1000B0AF06004010258040008AFA400F20
:20E060002520400002004050258000000800108E251000021400BF8F1000B08F0800E0036B
:20E080001800BD270D0080102510000001A0023C488C468C0900C01025100000E8FFBD2754
:20E0A0001400BFAF01A0053CEDF0400F608CA5241400BF8F0800E0031800BD270800E003E7
:20E0C000000000000D00801025100000E8FFBD271400BFAFC880868F0500C010049D073C0B
:20E0E0000CFCE72401A0053CA9D9400FFC8DA5241400BF8F0800E0031800BD270800E003D4
:20E10000000000000400A38C060063280B006014FFFF02240000A38C010066900400042446
:20E120000600C4140000000005006288020062980F00A2A80C00A2B8060002240800E00340
:20E14000000000000400838C0C0060102538C000E8FFBD271400BFAF00A0023C087B4224FF
:20E16000231082002530A00009F86000032902001400BF8F0800E0031800BD270800E00332
:20E18000000000000D00801025100000020002240500A214010003244200829408004238C8
:20E1A0000800E003C000427C0400A3142510000042008294100042380001427C0800E0037A
:20E1C000000000000D008010251000000000848C0A00801000000000E8FFBD271400BFAF76
:20E1E00025A0400F00000000010042380100422C1400BF8F0800E0031800BD270800E003ED
:20E20000000000000D008010251000000000848C0A00801000000000E8FFBD271400BFAF35
:20E2200025A0400F00000000010042380100422C1400BF8F0800E0031800BD270800E003AC
:20E2400000000000683D029D703D029D00000000803D029D903D029DA03D029DA03D029D6E
:20E26000B03D029D303D029D090000009CC0039D0000000000000000000000000000000001
:20E28000000000001000838C0400858C0800828C0800A2AC0400858C040045AC0400628CE2
:20E2A00004004454100080AC0800828C040062AC100080AC0000628CFFFF42240800E003E5
:20E2C000000062ACE8FFBD271400BFAF1000B0AF01A0103C02E3400F000000007C8B028EBC
:20E2E0000200422CFBFF401400000000006802400001423400688240C0000000F5FF001051
:20E3000000000000E8FFBD271400BFAF1000B0AF25808000140082900421027C4429027C68
:20E3200073F6400F140082A07C0002AE900000AE1400BF8F1000B08F0800E0031800BD27ED
:20E340000000838C08006014251000000800E003000000000400638CC001637C01006550C9
:20E3600001004224251880000000648CF9FF8014000000000800E003000000000000828C04
:20E3800009004010000000000400838C080062540000438C000080AC040080AC0800838C11
:20E3A000FFFF6324080083AC0800E00300000000FAFF0010000083ACE8FFBD271400BFAF31
:20E3C0001000B0AFDDF1400F25808000060040101400BF8F340006962200059601F8400FFF
:20E3E000252000021400BF8F1000B08F0800E0031800BD27E8FFBD271400BFAF1000B0AF82
:20E4000025808000F0E7400F0100052404004010040002241A0002A6090002241C0002A654
:20E420001400BF8F1000B08F0800E0031800BD27E8FFBD271400BFAF1000B0AF2580800063
:20E44000F0E7400F0900052404004010040002241A0002A6070002241C0002A61400BF8FD1
:20E460001000B08F0800E0031800BD27E8FFBD271400BFAF1000B0AF2580800000800634CB
:20E4800047E8400F2528000003004010010002241A0002A61C0000A61400BF8F1000B08F02
:20E4A0000800E0031800BD27E8FFBD271400BFAF1000B0AF19E1400F0100052405004010F1
:20E4C000258040003FA9400F25204000BDF7400F0400048E1400BF8F1000B08F0800E00366
:20E4E0001800BD27E8FFBD271400BFAF6880828F080040180200032416008490050083148B
:20E50000FFFF422403004014688082AF30FD400F000000001400BF8F0800E0031800BD2762
:20E520001C00838C2000858C2B106500040040541800828C231865000800E003FFFF623006
:20E54000231045001400848C2318640021104300010042240800E003FFFF42300100032422
:20E560000B008314FFFF0224E8FFBD271400BFAF2538C0002530A000010005247897400FEE
:20E58000010004241400BF8F0800E0031800BD270800E00300000000E8FFBD271400BFAFD1
:20E5A0003BFD400F000000002520400006008010251000004800838C040060101400BF8F57
:20E5C00058EF400F000000001400BF8F0800E0031800BD27E8FFBD271400BFAF0100063CCC
:20E5E0000200C6241C0005249AC9400F3800042404004010049D033C60EA6324080043ACDC
:20E600000C0040AC1400BF8F0800E0031800BD27E8FFBD271400BFAF1000B0AF25808000D8
:20E620002520A000B4EF400F040005240C00038E1B004300F4016000101000001400BF8F04
:20E640001000B08F0800E0031800BD27240080AC0C00828C0A004010251000000000838C7C
:20E66000000060A40800858C21186500010042240C00858C2B284500FAFFA054000060A4D2
:20E680000800E003000000000000828C09004010000000000400838C080062540000438C88
:20E6A000000080AC040080AC0800838CFFFF6324080083AC0800E00300000000FAFF001037
:20E6C000000083AC0C00801025100000420083944000633008006010000000000800828C80
:20E6E000271002000400838C251043000000A38C261043000100422C0800E0030000000054
:20E700000C0080102510000042008394400063300800601000000000E8FFBD271400BFAF37
:20E72000FDFD400F000000001400BF8F0800E0031800BD270800E00300000000251880009F
:20E740005000848C0A008010F2FF0224E8FFBD271400BFAF4400628C3000428C09F84000EA
:20E76000000000001400BF8F0800E0031800BD270800E003000000000000848C03008104CD
:20E78000251000000800E00300000000E8FFBD271400BFAF51DB400F00000000FFFF03246C
:20E7A00001004350251000001400BF8F0800E0031800BD27E0FFBD271800B0AF1000A6AFA8
:20E7C000258080001C00BFAF7B7E400F1000A6270400038E1C00BF8F10006330FFFF04249D
:20E7E0001800B08F0B1083000800E0032000BD270800C010251080002000032423186600C0
:20E800000600601C0620C5000610C50025200000252880000800E0032518A0000610C200FE
:20E8200004286500FAFF0010251045000800C0102510800020000324231866000600601CCD
:20E840000428C5000428C40025200000251080000800E0032518A000061062000420C400B5
:20E86000FAFF00102528A20000A0023CB40142240900441400A0023CC8014290010042305A
:20E880000500401000A0023CB4014224140043904408037C140043A00800E0030000000096
:20E8A00001A0023C0C8B42240900441401A0023C0C8B422402000324040043A40400A38CF8
:20E8C0000C0043AC1000A38C140043AC240040A00800E00300000000E8FFBD271400BFAFBF
:20E8E0001000B0AF25808000F0E7400F0100052403004010010002241A0002A61C0000A636
:20E900001400BF8F1000B08F0800E0031800BD27E8FFBD271400BFAF1000B0AF258080007E
:20E92000F0E7400F0100052403004010010002241A0002A61C0000A61400BF8F1000B08FD8
:20E940000800E0031800BD27E8FFBD271400BFAF1000B0AF25808000F0E7400F252800007C
:20E9600003004010010002241A0002A61C0000A61400BF8F1000B08F0800E0031800BD2701
:20E98000E8FFBD271400BFAF1000B0AF25808000F0E7400F010005240300401001000224CC
:20E9A0001A0002A61C0000A61400BF8F1000B08F0800E0031800BD270000828C0A004010D3
:20E9C000000000000400838C030062540000438C040080AC25180000000083AC0800838CE9
:20E9E000FFFF6324080083AC0800E00300000000E8FFBD271400BFAF3BFD400F000000009C
:20EA00002520400005008010251000003DB8400F0100052427100200C21702001400BF8FC3
:20EA20000800E0031800BD275C008590010003240900A31425100000E8FFBD271400BFAF14
:20EA4000A1E9400F252800002B1002001400BF8F0800E0031800BD270800E003000000001F
:20EA600001A0023C888C428C080044502000828CE8FFBD271400BFAF0BE4400F0000000080
:20EA80001400BF8F0800E0031800BD27C418027C0800E003200082AC100082900A0040101E
:20EAA000FFFF0524E8FFBD271400BFAF71F8400F0C008424010042380100422C1400BF8F2A
:20EAC0000800E0031800BD270800E00300000000100082900A00401000000000E8FFBD271D
:20EAE0001400BFAFBDF7400F0C008424010042380100422C1400BF8F0800E0031800BD27AA
:20EB00000800E003000000000100A0542E0085A00800828C0800401000000000E8FFBD2789
:20EB20001400BFAF09F840000C00858C1400BF8F0800E0031800BD270800E00300000000C1
:20EB400088BF023C00100324081043AC0400022488BF033C981062AC88BF033CF81062ACF0
:20EB600088BF033C181162AC88BF033C581162AC0800E0030000000001A0033C8C8C632471
:20EB80000C00628C0800648C2B1882000300601401A0033C0800E003231082008C8C632428
:20EBA0001800638C211864000800E0032310620001A0023C8C8C42242800448C2C00428CE2
:20EBC0002B1882000300601401A0033C0800E003231082008C8C63243000638C211864001E
:20EBE0000800E00323106200F8FFBD270400BFAF00606241C0000000006002402518400066
:20EC0000847A037C010C633400608340C0000000010042340400BF8F0800E0030800BD2750
:20EC2000E8FFBD271400BFAF1000B0AF2580A0008C81858FF9EF400F1800A5240100052470
:20EC4000EDB8400F252000021400BF8F1000B08F0800E0031800BD270B00C0100000000006
:20EC6000000082900000A39003004310231043000800E00300000000FFFFC6240100842407
:20EC8000F5FF00100100A5240800E0032510000000A0033CB401632408006414FFFF0224C7
:20ECA00000A0023CC80143900100633003006010FFFF022400A0023CC401428C0800E00353
:20ECC000000000000800A28C09004010000000000400A38C8002637C030060100080033CDF
:20ECE0000800E0032510430000A0033C251043000800E003000000000000A290200382A0F8
:20ED00000100A290210382A00200A290100382A00300A290110382A00400A290000382A04B
:20ED20000500A2900800E003010382A0200382900000A2A0210382900100A2A01003829076
:20ED40000200A2A0110382900300A2A0000382900400A2A0010382900800E0030500A2A061
:20ED60000A008010FFFF02240800828C0200032406004354FFFF0224040083940100633026
:20ED8000FFFF04240800E0030A1083000800E00300000000000102240900C21401000624A9
:20EDA000E8FFBD271400BFAF01000524BFDC400F0C0004241400BF8F0800E0031800BD2775
:20EDC0000800E00300000000000102240900C21401000624E8FFBD271400BFAF01000524A0
:20EDE000BFDC400F0F0004241400BF8F0800E0031800BD270800E003000000004200829466
:20EE0000C420027C420082A40800A23006004010000000004200829401000324C418627CBE
:20EE2000420082A4010002240800E00300000000E8FFBD271400BFAFB3FC400F000000000D
:20EE400025184000040060102510000042006294001042380003427C1400BF8F0800E003BC
:20EE60001800BD27F8FFBD270400BFAF006802400008033C2510430000688240C0000000F6
:20EE800088BF023C01000324641043AC0400BF8F0800E0030800BD27E8FFBD271400BFAFEC
:20EEA0001000B0AF01A0023C8C8C42241800508CDEFA400FFFFF1026231002021400BF8F9E
:20EEC0001000B08F0800E0031800BD27E8FFBD271400BFAF01A0023C248D428CE80306243C
:20EEE0002538000019004400122000002A8E400F102800001400BF8F0800E0031800BD279E
:20EF0000E0FFBD271C00BFAF1800B1AF1400B0AF01A0113C049D023C5CD5508C09F80002DC
:20EF2000B08E248E85F2400F01000424FBFF001000000000E8FFBD271400BFAF1000B0AF2C
:20EF4000A9F6400F258080003800108E41EE400F000000000100022E1400BF8F1000B08F68
:20EF60000800E0031800BD278881828F0000428C04004014FFFF02245C8182AF0800E0034D
:20EF8000000000008881828F0C00428C0000428C5C8182AF0800E00300000000090080101D
:20EFA000F2FF02240800838C01A0023C0C8B4224030062503C0085AC0800E003F2FF022423
:20EFC000251000000800E0030000000001A0023C0C8B42240700441401A0033C040040A40E
:20EFE0000C8B60A0140040AC5480828FFFFF4224548082AF0800E00300000000E8FFBD2776
:20F000001400BFAF41D7400F000000002518400003006004F4FF0224020063380100622CDE
:20F020001400BF8F0800E0031800BD270000A0AC0400828C07004054000045AC040085AC68
:20F04000000085AC0800828C010042240800E003080082ACFBFF0010040085ACD8FFBD27E7
:20F060002400BFAF010002241800A2AF3800A28F1400A2AF1000A7AF25B2400F25380000B7
:20F080002400BF8F0800E0032800BD27D8FFBD272400BFAF020002241800A2AF3C00A28FBC
:20F0A0001400A2AF3800A28F25B2400F1000A2AF2400BF8F0800E0032800BD27D8FFBD27D7
:20F0C0002400BFAF030002241800A2AF3800A28F1400A2AF1000A7AF25B2400F2538000055
:20F0E0002400BF8F0800E0032800BD27D8FFBD272400BFAF040002241800A2AF3800A28F5E
:20F100001400A2AF1000A7AF25B2400F253800002400BF8F0800E0032800BD27D8FFBD277D
:20F120002400BFAF050002241800A2AF3C00A28F1400A2AF3800A28F25B2400F1000A2AFE7
:20F140002400BF8F0800E0032800BD27E8FFBD271400BFAF3BFD400F0000000025184000F5
:20F1600003006010251000008400628C8002427C1400BF8F0800E0031800BD27E8FFBD2721
:20F180001400BFAF3BFD400F0000000025204000030080102510000048F9400F0000000089
:20F1A0001400BF8F0800E0031800BD270000A2940100423007004010000000000000A294D0
:20F1C0000400027C0000A2A42400828CFFFF4224240082AC0800E00300000000E8FFBD27C9
:20F1E0001400BFAF1CF2400F25280000251840000300601025100000020062940100423053
:20F200001400BF8F0800E0031800BD27E8FFBD271400BFAF1CF2400F252800002518400031
:20F220000300601025100000020062944000427C1400BF8F0800E0031800BD2701A0023C08
:20F24000E48D43942B1883000600601025100000C018040023186400001903002C81828FA0
:20F26000211043000800E003000000000900801025100000420083944000633005006010C0
:20F28000000000000800828C271002000400838C251043000800E003000000004200829451
:20F2A0000410027C420082A40100A230050040100000000042008394010005240400A37C86
:20F2C000420083A40800E003000000000900801025108000420083944000633005006050AB
:20F2E0002510000064008390010063300800E0030A1003000800E003000000000900801042
:20F3000000000000E8FFBD271400BFAF1000062461FE400F252800001400BF8F0800E0031E
:20F320001800BD270800E00300000000E8FFBD271400BFAF1000B0AF258080007500410F40
:20F340000000848C000000AE010002241400BF8F1000B08F0800E0031800BD27F8FFBD2755
:20F360000400BFAF409C0234022082700048034000480240231043002B104400FCFF40149C
:20F380000400BF8F0800E0030800BD27E8FFBD271400BFAF2510C0005800C38C2530A00066
:20F3A0002528800009F860005400448C1400BF8F0800E0031800BD2703190500070060101A
:20F3C000FFFF0224F0070224140082AC2510A0000418027CF007A530180085AC0800E0033B
:20F3E0000000000008008010F2FF02240800838C01A0023C0C8B4224030062501E00828492
:20F400000800E003F2FF02240800E0030000000008008010FFFF02240800838C01A0023C4D
:20F420000C8B422403006250020082840800E003FFFF02240800E00300000000FCB0039DCC
:20F44000CCDC029DD47C039D189B039D4C9F039D20FF029D30E4039D90A1039DF4E3039DDD
:20F46000B497039DD483039DE8FFBD271400BFAF19E1400F252800002518400002006010D8
:20F48000FFFF02240C00628C1400BF8F0800E0031800BD27E8FFBD271400BFAF1000B0AF49
:20F4A000DE00410F258080007501410F252000021400BF8F1000B08F0800E0031800BD2754
:20F4C000E8FFBD271400BFAF6480848F050080101400BF8FBFFC400F00000000648080AFD4
:20F4E0001400BF8F0800E0031800BD2708008004251000007C80838F2B18830004006010BA
:20F50000802004008C80828F211044000000428C0800E0030000000008008004251000003B
:20F52000A480838F2A1883000400601080200400A880828F211044000000428C0800E00351
:20F54000000000000800801025100000420082944000423004004010000000005E0082940C
:20F56000ECFF4224FFFF42300800E00300000000E8FFBD271400BFAF1000B0AF77F3400F6A
:20F58000258080008AEC400F252000021400BF8F1000B08F0800E0031800BD27080080100A
:20F5A000251000001000838C05006010000000000C0064940000638CFDFF601421104400AA
:20F5C0000800E003FFFF4230F8FFBD270400BFAF006802400008033C2510430000688240F0
:20F5E000C0000000348180AF0400BF8F0800E0030800BD270800A01000000000E8FFBD27BB
:20F600001400BFAF11FE400F000000001400BF8F0800E0031800BD270800E00300000000D6
:20F62000E8FFBD271400BFAF408186AF0100072425308000049D043CFFD9400F6CFD84246D
:20F640001400BF8F0800E0031800BD27E8FFBD271400BFAF1000B0AF01A0103CB08E102644
:20F66000C9B5400F0800048E85F2400F01000424FBFF001000000000E8FFBD271400BFAFDD
:20F680001000B0AF01A0103CB08E1026A570400F0C00048E85F2400F01000424FBFF00109F
:20F6A000000000000800C0102510800021308600251880000000A790010063240100A524A0
:20F6C000FCFFC314FFFF67A00800E00300000000000082800700401000000000251080005A
:20F6E00001004380FEFF6014010042240800E003231044000800E0032510000000008280EA
:20F700000000A38003004314FF0063300400405401008424FF0042300800E00323104300C7
:20F72000F6FF00100100A52401A0043CB08D822401000324080043AC01A0033CD88E63244A
:20F74000B08D83AC0100033CC8AF63240800E003040043ACE8FFBD271400BFAF5080828FF3
:20F7600001004224508082AF7ABF400F252000001400BF8F0800E0031800BD270000A0ACBF
:20F780000400828C02004054000045AC000085AC040085AC0800828C010042240800E00302
:20F7A000080082AC0C00838C2B18A30005006010251000000800828C0000838C0220A2700F
:20F7C000211083000800E003000000000000A0AC0400828C02004054000045AC000085AC74
:20F7E000040085AC0800828C010042240800E003080082AC07008010251000004200839411
:20F8000040006330030060100000000064008290010042300800E003000000000700801037
:20F8200025108000420083944000633003006050251000000800E0033C0082240800E00347
:20F8400000000000421904000019030088BF023C6010422421104300010003240418830097
:20F86000080043AC0800E00300000000421904000019030088BF023C60104224211043005C
:20F880000100032404188300040043AC0800E00300000000421904000019030088BF023CC3
:20F8A00030104224211043000100032404188300040043AC0800E0030000000007008010F2
:20F8C00000000000F8FFBD270400BFAF206062410400BF8F0800E0030800BD270800E003A4
:20F8E0000000000001A0023C808D42241C004290FF00423080BF033C105C638C800063306B
:20F90000010004240800E0030A1083000500000001000000B00400003C000000020000003E
:20F92000320000004B00000001000000030000000100000000000000009088BF000000006E
:20F9400051000000A892019D2CCE039D4CD5039D7C06049D00000000140300A0E8FFBD277E
:20F960001400BFAF25300000049D053C9406A524D7EB400F252000001400BF8F0800E003C8
:20F980001800BD270700C01025108000202C057C213086002518800001006324FEFFC31422
:20F9A000FFFF65A00800E00300000000E8FFBD271000B0AF1400BFAF93FF400F2580800097
:20F9C0001400BF8F251000021000B08F0800E0031800BD27E8FFBD271000B0AF1400BFAF9C
:20F9E00020ED400F258080001400BF8F251000021000B08F0800E0031800BD2701A0033CD7
:20FA0000148D668C0500C01425100000148D64AC100080AC000085AC010002240800E00315
:20FA200000000000A08E039D0C11039D18D2039D80A1029DE892019DBCA4039DCCFC039D71
:20FA40000893019D2893019D0400A38C05006018FFFF02240000A28CFFFF0324000043A00A
:20FA6000010002240800E00300000000E8FFBD271400BFAF2510A0002528C000BFFD400F3A
:20FA80002000448C1400BF8F0800E0031800BD27421104000011020088BF033C6010632446
:20FAA000211862000000628C061082000800E00301004230F8FFBD270400BFAF00600240D8
:20FAC000847A027C000C423400608240C0000000FFFF001000000000F8FFBD270400BFAFEB
:20FAE00000600240847A027C000C423400608240C0000000FFFF001000000000F8FFBD279B
:20FB00000400BFAF00600240847A027C000C423400608240C0000000FFFF001000000000E3
:20FB2000200083349FFF63241A00632C0300601401000224D0FF84240A00822C0800E00368
:20FB400000000000D0FF83240A00632C0400601401000224200084349FFF84240600822C25
:20FB60000800E0030000000001A0043CCC8E828C954C033C2D7F63240210437001004224D2
:20FB8000CC8E82AC0800E0034214020001000000020000000800000004000000100000007B
:20FBA00020000000400000008000000001A0023C0C8B42240300445001A0023C0800E00328
:20FBC000FFFF02240800E003108B4284E0FFBD271C00BFAF010002243DD5400F1000A2AF7F
:20FBE0001C00BF8F0800E0032000BD2710E9039D402F039D34A0039DE8D0039D9CD0039D2C
:20FC000050D0039D04D0039D6CD1029D080082900400401000000000B480828FFFFF4224BD
:20FC2000B48082AF0800E00300000000E8FFBD271400BFAF252880001895400F0100062433
:20FC40001400BF8F0800E0031800BD27E8FFBD271400BFAF0000828C09F8400000000000BF
:20FC60001400BF8F0800E0031800BD27E8FFBD271400BFAF0400828C09F84000000000009B
:20FC80001400BF8F0800E0031800BD27E8FFBD271400BFAF0800828C09F840000000000077
:20FCA0001400BF8F0800E0031800BD27E8FFBD271400BFAF0C00828C09F840000000000053
:20FCC0001400BF8F0800E0031800BD2705008010251000002C00828C3000838C2310430022
:20FCE000C01002000800E00300000000000000000000000001000000303D029D0200000038
:20FD0000383D029D030000003C3D029D050080102510000042008394400063300100605409
:20FD20000400828C0800E0030000000005008010251000004200839440006330010060541B
:20FD40000800828C0800E00300000000F8FFBD270400BFAF00606241C0000000010042301F
:20FD60000400BF8F0800E0030800BD27E8FFBD271400BFAF4081828F09F8400025280000AD
:20FD80001400BF8F0800E0031800BD276CC5039D14C5039DBCC4039D64C4039D00000000E8
:20FDA0000000000000000000000000000800000608000400000001000200F40137420000B8
:20FDC000009088BF60B1039D34F9039D08008224040082ACFFFF0324080083AC0C0082AC58
:20FDE000100082AC0800E003000080AC8C81828F04004010000000004C00438C0100632499
:20FE00004C0043AC0800E00300000000E8FFBD271400BFAF8DBE400F2520000059D6400F12
:20FE200000000000FDFF001000000000E8FFBD271400BFAF4DE4400F000000000100423076
:20FE40001400BF8F0800E0031800BD270000A380251080000100A52401008424FBFF6014A0
:20FE6000FFFF83A00800E0030000000000008C90FFFFC624010084240000ACA0FBFFC014AF
:20FE80000100A5240800E0032510800000A0033CB401632402006414251000009C00628CA4
:20FEA0000800E00300000000E8FFBD271400BFAFFE65400F000000001400BF8F0800E0030B
:20FEC0001800BD27E8FFBD271400BFAF6701410F000000001400BF8F0800E0031800BD27D8
:20FEE000E8FFBD271400BFAF6B01410F000000001400BF8F0800E0031800BD27E8FFBD27E5
:20FF00001400BFAF7101410F000000001400BF8F0800E0031800BD27E8FFBD271400BFAF07
:20FF20006F01410F000000001400BF8F0800E0031800BD27E8FFBD271400BFAF6D01410FAD
:20FF4000000000001400BF8F0800E0031800BD27E8FFBD271400BFAF6901410F0000000051
:20FF60001400BF8F0800E0031800BD27E8FFBD271400BFAF6501410F000000001400BF8FD3
:20FF80000800E0031800BD27007F0224340282AC002A0500007FA530380285AC0800E00398
:20FFA0000000000001000224980282AC0000000000000000000000000800E0030000000067
:20FFC0001C0080A41A0080A4180080A402000224020082A40800E0031E0080A4E0FFBD2727
:20FFE0001C00BFAF3DD5400F1000A0AF1C00BF8F0800E0032000BD27DC05049D80BA039D02
:020000041D04D9
:20000000DCBA039D38BB039D94BB039DF0BB039D4CBC039DE8FFBD271400BFAF3A01410F5D
:20002000000000001400BF8F0800E0031800BD27E8FFBD271400BFAFD600410F0000000004
:200040001400BF8F0800E0031800BD27E8FFBD271400BFAF3CBE400F010007241400BF8F33
:200060000800E0031800BD27E8FFBD271400BFAF89EB400F020007241400BF8F0800E0030F
:200080001800BD27E8FFBD271400BFAF66E3400F000000001400BF8F0800E0031800BD2736
:2000A00028DE039DA858039D6CDE039D3061039D406E029DC4B1039D48FA039DE8FFBD27D0
:2000C0001400BFAFACF4400F000000001400BF8F0800E0031800BD2781BF033C00F0628C09
:2000E0004001427CFDFF4010000000000800E00300000000F8FFBD270400BFAF0058844061
:20010000C00000000400BF8F0800E0030800BD27E8FFBD271400BFAF53FF400F0000000008
:200120001400BF8F0800E0031800BD27E8FFBD271400BFAF2FFE400F000000001400BF8F4B
:200140000800E0031800BD274896019D54B3039D64EE039D6005049D00000000F400049D08
:20016000C893019DE8FFBD271400BFAF4FF6400F000000001400BF8F0800E0031800BD275C
:20018000E8FFBD271400BFAFF3DF400F000000001400BF8F0800E0031800BD27E8FFBD27DD
:2001A0001400BFAFCFEA400F000000001400BF8F0800E0031800BD27E8FFBD271400BFAF1F
:2001C000D5FD400F000000001400BF8F0800E0031800BD27E8FFBD271400BFAFA101410F76
:2001E000000000001400BF8F0800E0031800BD27BFFF83241A00632C020060102510800081
:20020000200082340800E003000000009FFF83241A00632C02006010251080005F008230F7
:200220000800E00300000000400282940418A27C0800E003400282A400080224680282AC28
:200240000800E0030000000060028294C45A027C0800E003600282A4600282940442A27C50
:200260000800E003600282A4FFC0A530A40085AC0800E00300000000FFC0A530A80085AC4A
:200280000800E00300000000002C0500080085AC0800E0030000000008000224080282ACB8
:2002A0000800E0030000000004000224080282AC0800E0030000000080000224080082AC2A
:2002C0000800E00300000000480086AC580087AC0800E0030000000002000224880282AC63
:2002E0000800E0030000000002000224840282AC0800E0030000000001000224880282AC6D
:200300000800E0030000000001000224840282AC0800E00300000000A00282940462A27CF0
:200320000800E003A00282A4A00282940420A27C0800E003A00282A404000224D80282AC2B
:200340000800E0030000000002000224980282AC0800E0030000000002000224940282ACEB
:200360000800E00300000000B00285A4000000000800E0030000000001000224940282ACE1
:200380000800E0030000000000800234880282AC0800E0030000000000800234840282ACAF
:2003A0000800E00300000000800282948428A27C0800E003800282A40100C630F9FF022448
:2003C0000800E0030B1006000400060008000A000E0014001C0028000300C2880000C298E8
:2003E0000800E0030800A2AC465F444E535F50726F63657373525200000080AC040080ACF4
:200400000800E003080080AC060802000000010000080300000000000A0000000000000097
:20042000000000000000000001000224688182AF0800E00300000000029D1A3C08945A277E
:170440000800400300000000465F444E535F526561644E616D650074
:0F045800465F444E53507574537472696E67005B
:0E04680002010201020102020202010303036B
:0D047800465F444E53476574446174610053
:20048800E000828C0800E003C001427CE000828C0800E0038001427CE000828C0800E0030B
:2004A8004001427CD40085AC0800E00300000000C80085AC0800E00300000000C40085AC6C
:2004C8000800E00300000000D40085AC0800E003000000000000828C0800E003C003427CBF
:2004E800D00282900800E00301004230D00282900800E0038000427C6CE4039DD05F039DE6
:20050800583C039DD8E8039D909B039DC0FF039D80E9039D6C7D039D54AD039D2600023C7E
:200528000800E003A02542241800828C0800E003100042241800828C0800E0030C00422493
:2005480001A0023C0800E003E48D4294ADDE023C0800E003DEFA42346202023C0800E003F3
:1B056800005A422401A0023C0800E003248D428C46435F737072696E74660081
:200584000800E003B20085A00800E003B00085A00800E003100182940800E0034001829481
:2005A4000800E003000182940800E003500182940800E003600182940800E003200182945F
:2005C4000800E003300182940800E003D000828C0800E003C00282940800E003000000006E
:2005E4000800E003000000000800E003000000000800E003000000000800E0032510000016
:200604000800E003251080000800E003251000000800E003000000000800E0030000000040
:200624000800E0032881828F0800E003FC80828F0800E003F880828F0800E003308180AF5A
:200644000800E003F4FF02240800E0030C0002244801049D0000000001000A0044004300F9
:200664000A000000000400040A00000200000000010000008CFD039D00000000009088BF57
:200684000800E003000000000800E003100080AC0800E003F1FE02240800E0030000000059
:0E06A4000800E00300000000FFFFFFFFFFFF63
:020000041FC01B
:200000000200F00F0000000000601A40C0045A7F0500401300000000019D1A3C98405A27E3
:20002000080040030000000001A01D3CF8FFBD2701A01C3C00809C27026009402058200120
:20004000801E2A7D8449497D02608940C000000000E0DC4102608B40C0000000019D083C11
:200060006C45082509F8000100000000019D083CA0FB082509F80001000000000000093CAF
:200080000000292510002011000000000100093CF0FF292588BF0A3C10204A25000049AD2C
:2000A0000100093CF0FF292588BF0A3C20204A25000049AD0100093CF0FF292588BF0A3C7B
:2000C00030204A25000049AD00488040FFFF0A2400588A404000083C00600A4025500A0167
:2000E00000608A40C09F093C00102925C0000000017889400000093C0100292500000A2410
:2001000044492A7D01608A408000093C00688940008008408005097D404C0900006008407A
:200120005800013C244001012540280100608840C0000000019D083C7445082509F8000184
:200140000000000000600840BFFF013CFFFF21342440010100608840000084300000A53092
:10016000019D083C7C1C08250800000100000000DF
:10038000019D1A3C80405A270800400300000000ED
:2004800000F89B40C0000000019D1B3C18287B27020060130000000000C09B4000F81B408F
:0C04A000C00000001F000042000000002F
:10118000019D1A3CB8C65A27080040030000000021
:08120000B827400B00000000BC
:081220005B49400B00000000D7
:081240005B49400B00000000B7
:081260005B49400B0000000097
:081280005B49400B0000000077
:0812A0005B49400B0000000057
:0812C0005B49400B0000000037
:0812E0005B49400B0000000017
:081300005B49400B00000000F6
:081320005B49400B00000000D6
:081340005B49400B00000000B6
:081360005B49400B0000000096
:081380005B49400B0000000076
:0813A0005B49400B0000000056
:0813C0005B49400B0000000036
:0813E0005B49400B0000000016
:081400005B49400B00000000F5
:081420005B49400B00000000D5
:081440005B49400B00000000B5
:081460005B49400B0000000095
:081480005B49400B0000000075
:0814A0005B49400B0000000055
:0814C0005B49400B0000000035
:0814E0005B49400B0000000015
:081500005B49400B00000000F4
:081520005B49400B00000000D4
:081540005B49400B00000000B4
:081560005B49400B0000000094
:081580005B49400B0000000074
:0815A0005B49400B0000000054
:0815C0005B49400B0000000034
:0815E0005B49400B0000000014
:081600005B49400B00000000F3
:081620005B49400B00000000D3
:081640005B49400B00000000B3
:081660005B49400B0000000093
:081680005B49400B0000000073
:0816A0005B49400B0000000053
:0816C0005B49400B0000000033
:0816E0005B49400B0000000013
:081700005B49400B00000000F2
:081720005B49400B00000000D2
:081740005B49400B00000000B2
:081760005B49400B0000000092
:081780005B49400B0000000072
:0817A0005B49400B0000000052
:0817C0005B49400B0000000032
:0817E0005B49400B0000000012
:081800000028400B000000006D
:081820005B49400B00000000D1
:081840005B49400B00000000B1
:081860005B49400B0000000091
:102FF000FFFFFFFCD9F9F8FFDBCD74FFFFFFFF7F78
:00000001FF
